ID_School,ID_Sport,Season,Number,Name,First_Name,Last_Name,Position,Height,Weight,Year,Hometown/Prior_School,Player_URL,Major,ConcentrationCLEM,MBBALL,2012-2013,2,Carson Fields,Carson,Fields,G,41429,200,So.,"Pewee Valley, KY (South Oldham HS)",http://www.clemsontigers.com/ViewArticle.dbml?SPSID=657840&SPID=103715&DB_LANG=C&DB_OEM_ID=28500&ATCLID=205528961&Q_SEASON=2012,,CLEM,MBBALL,2012-2013,3,Adonis Filer,Adonis,Filer,G,41427,190,Fr.,"Chicago, IL (Notre Dame Preparatory)",http://www.clemsontigers.com/ViewArticle.dbml?SPSID=657840&SPID=103715&DB_LANG=C&DB_OEM_ID=28500&ATCLID=205562329&Q_SEASON=2012,,CLEM,MBBALL,2012-2013,5,Jaron Blossomgame,Jaron,Blossomgame,F,41432,205,Fr.,"Alpharetta, GA (Chattahoochee HS)",http://www.clemsontigers.com/ViewArticle.dbml?SPSID=657840&SPID=103715&DB_LANG=C&DB_OEM_ID=28500&ATCLID=205562325&Q_SEASON=2012,,CLEM,MBBALL,2012-2013,12,Rod Hall,Rod,Hall,G,41426,210,So.,"Augusta, GA (Lucy C. Laney High School)",http://www.clemsontigers.com/ViewArticle.dbml?SPSID=657840&SPID=103715&DB_LANG=C&DB_OEM_ID=28500&ATCLID=205528956&Q_SEASON=2012,,CLEM,MBBALL,2012-2013,15,Devin Coleman,Devin,Coleman,G,41427,200,So.,"Philadelphia, PA (Friends' Central High School)",http://www.clemsontigers.com/ViewArticle.dbml?SPSID=657840&SPID=103715&DB_LANG=C&DB_OEM_ID=28500&ATCLID=205528954&Q_SEASON=2012,,CLEM,MBBALL,2012-2013,20,Jordan Roper,Jordan,Roper,G,41405,165,Fr.,"Columbia, SC (Irmo HS)",http://www.clemsontigers.com/ViewArticle.dbml?SPSID=657840&SPID=103715&DB_LANG=C&DB_OEM_ID=28500&ATCLID=205562425&Q_SEASON=2012,,CLEM,MBBALL,2012-2013,21,Damarcus Harrison,Damarcus,Harrison,G,41429,200,So.,"Greenwood, SC",http://www.clemsontigers.com/ViewArticle.dbml?SPSID=657840&SPID=103715&DB_LANG=C&DB_OEM_ID=28500&ATCLID=205587416&Q_SEASON=2012,,CLEM,MBBALL,2012-2013,24,Milton Jennings,Milton,Jennings,F,41434,225,Sr.,"Summerville, SC (Pinewood Prep)",http://www.clemsontigers.com/ViewArticle.dbml?SPSID=657840&SPID=103715&DB_LANG=C&DB_OEM_ID=28500&ATCLID=205528951&Q_SEASON=2012,,CLEM,MBBALL,2012-2013,31,Devin Booker,Devin,Booker,F/C,41433,250,Sr.,"Whitmire, SC (Union)",http://www.clemsontigers.com/ViewArticle.dbml?SPSID=657840&SPID=103715&DB_LANG=C&DB_OEM_ID=28500&ATCLID=205528964&Q_SEASON=2012,,CLEM,MBBALL,2012-2013,32,K.J. McDaniels,K.J.,McDaniels,F,41431,200,So.,"Birmingham, AL (Central Park Christian School)",http://www.clemsontigers.com/ViewArticle.dbml?SPSID=657840&SPID=103715&DB_LANG=C&DB_OEM_ID=28500&ATCLID=205528955&Q_SEASON=2012,,CLEM,MBBALL,2012-2013,33,Josh Smith,Josh,Smith,F,41433,260,Fr.,"Charlotte, NC (Olympic HS)",http://www.clemsontigers.com/ViewArticle.dbml?SPSID=657840&SPID=103715&DB_LANG=C&DB_OEM_ID=28500&ATCLID=205562426&Q_SEASON=2012,,CLEM,MBBALL,2012-2013,35,Landry Nnoko,Landry,Nnoko,C,41435,245,Fr.,"Yaounde, Cameroon (Montverde Academy)",http://www.clemsontigers.com/ViewArticle.dbml?SPSID=657840&SPID=103715&DB_LANG=C&DB_OEM_ID=28500&ATCLID=205562420&Q_SEASON=2012,,CLEM,MBBALL,2011-2012,10,Catalin Baciu,Catalin,Baciu,C,41457,255,SR,"Cluj-Napoca, Romania",http://web.archive.org/web/20120315012836/http://www.clemsontigers.com/sports/m-baskbl/mtt/baciu_catalin00.html,Sociology,CLEM,MBBALL,2011-2012,31,Devin Booker,Devin,Booker,F/C,41433,245,JR,"Whitmire, SC",http://web.archive.org/web/20120315012836/http://www.clemsontigers.com/sports/m-baskbl/mtt/booker_devin00.html,Pre-Business,CLEM,MBBALL,2011-2012,15,Devin Coleman,Devin,Coleman,G,41427,200,FR,"Philadelphia, PA",http://web.archive.org/web/20120315012836/http://www.clemsontigers.com/sports/m-baskbl/mtt/coleman_devin00.html,"Parks, Recreation & Tourism Management",CLEM,MBBALL,2011-2012,2,Carson Fields,Carson,Fields,G,41429,190,FR,"Pewee Valley, KY",http://web.archive.org/web/20120315012836/http://www.clemsontigers.com/sports/m-baskbl/mtt/fields_carson00.html,General Engineering,CLEM,MBBALL,2011-2012,4,Rod Hall,Rod,Hall,G,41426,210,FR,"Augusta, GA",http://web.archive.org/web/20120315012836/http://www.clemsontigers.com/sports/m-baskbl/mtt/hall_rod00.html,"Parks, Recreation & Tourism Management",CLEM,MBBALL,2011-2012,24,Milton Jennings,Milton,Jennings,F,41434,225,JR,"Summerville, SC",http://web.archive.org/web/20120315012836/http://www.clemsontigers.com/sports/m-baskbl/mtt/jennings_milton00.html,Sociology,CLEM,MBBALL,2011-2012,32,K.J. McDaniels,K.J.,McDaniels,F,41431,190,FR,"Birmingham, AL",http://web.archive.org/web/20120315012836/http://www.clemsontigers.com/sports/m-baskbl/mtt/mcdaniels_kj00.html,Communication Studies,CLEM,MBBALL,2011-2012,21,Bryan Narcisse,Bryan,Narcisse,F,41431,225,SR,"North Augusta, SC",http://web.archive.org/web/20120315012836/http://www.clemsontigers.com/sports/m-baskbl/mtt/narcisse_bryan00.html,Communication Studies,CLEM,MBBALL,2011-2012,1,T.J. Sapp,T.J.,Sapp,G,41427,180,FR,"Fort Lauderdale, FL",http://web.archive.org/web/20120315012836/http://www.clemsontigers.com/sports/m-baskbl/mtt/sapp_tj00.html,"Parks, Recreation & Tourism Management",CLEM,MBBALL,2011-2012,5,Tanner Smith,Tanner,Smith,G,41430,210,SR,"Alpharetta, GA",http://web.archive.org/web/20120315012836/http://www.clemsontigers.com/sports/m-baskbl/mtt/smith_tanner00.html,Marketing,CLEM,MBBALL,2011-2012,22,Bernard Sullivan,Bernard,Sullivan,F,41432,225,FR,"Gastonia, NC",http://web.archive.org/web/20120315012836/http://www.clemsontigers.com/sports/m-baskbl/mtt/sullivan_bernard00.html,Psychology,CLEM,MBBALL,2011-2012,11,Andre Young,Andre,Young,G,41403,170,SR,"Albany, GA",http://web.archive.org/web/20120315012836/http://www.clemsontigers.com/sports/m-baskbl/mtt/young_andre00.html,Health Science,CLEM,MBBALL,2009-2010,3,Zavier Anderson,Zavier,Anderson,G,41403,160,JR,"Greenville, SC",http://web.archive.org/web/20100418173812/http://clemsontigers.cstv.com/sports/m-baskbl/mtt/anderson_zavier00.html,Management,CLEM,MBBALL,2009-2010,10,Catalin Baciu,Catalin,Baciu,C,41457,245,SO,"Cluj-Napoca, Romania",http://web.archive.org/web/20100418173812/http://clemsontigers.cstv.com/sports/m-baskbl/mtt/baciu_catalin00.html,Sociology,CLEM,MBBALL,2009-2010,4,Jonah Baize,Jonah,Baize,F,41431,205,JR,"Evansville, IN",http://web.archive.org/web/20100418173812/http://clemsontigers.cstv.com/sports/m-baskbl/mtt/baize_jonah00.html,Sociology,CLEM,MBBALL,2009-2010,31,Devin Booker,Devin,Booker,F/C,41433,235,FR,"Whitmire, SC",http://web.archive.org/web/20100418173812/http://clemsontigers.cstv.com/sports/m-baskbl/mtt/booker_devin00.html,Pre-Business,CLEM,MBBALL,2009-2010,35,Trevor Booker,Trevor,Booker,F,41432,240,SR,"Whitmire, SC",http://web.archive.org/web/20100418173812/http://clemsontigers.cstv.com/sports/m-baskbl/mtt/booker_trevor00.html,"Parks, Recreation & Tourism Management",CLEM,MBBALL,2009-2010,45,Jerai Grant,Jerai,Grant,F/C,41433,220,JR,"Bowie, MD",http://web.archive.org/web/20100418173812/http://clemsontigers.cstv.com/sports/m-baskbl/mtt/grant_jerai00.html,Sociology,CLEM,MBBALL,2009-2010,32,Donte Hill,Donte,Hill,G,41429,200,FR,"Virginia Beach, VA",http://web.archive.org/web/20100418173812/http://clemsontigers.cstv.com/sports/m-baskbl/mtt/hill_donte00.html,Political Science,CLEM,MBBALL,2009-2010,24,Milton Jennings,Milton,Jennings,F,41434,225,FR,"Summerville, SC",http://web.archive.org/web/20100418173812/http://clemsontigers.cstv.com/sports/m-baskbl/mtt/jennings_milton00.html,"Parks, Recreation & Tourism Management",CLEM,MBBALL,2009-2010,1,Noel Johnson,Noel,Johnson,G,41431,190,FR,"Fayetteville, GA",http://web.archive.org/web/20100418173812/http://clemsontigers.cstv.com/sports/m-baskbl/mtt/johnson_noel00.html,Graphic Communications,CLEM,MBBALL,2009-2010,21,Bryan Narcisse,Bryan,Narcisse,F,41431,205,SO,"North Augusta, SC",http://web.archive.org/web/20100418173812/http://clemsontigers.cstv.com/sports/m-baskbl/mtt/narcisse_bryan00.html,Communication Studies,CLEM,MBBALL,2009-2010,15,David Potter,David,Potter,F,41431,215,SR,"Severn, MD",http://web.archive.org/web/20100418173812/http://clemsontigers.cstv.com/sports/m-baskbl/mtt/potter_david00.html,Sociology,CLEM,MBBALL,2009-2010,5,Tanner Smith,Tanner,Smith,G,41430,220,SO,"Alpharetta, GA",http://web.archive.org/web/20100418173812/http://clemsontigers.cstv.com/sports/m-baskbl/mtt/smith_tanner00.html,Marketing,CLEM,MBBALL,2009-2010,2,Demontez Stitt,Demontez,Stitt,G,41427,175,JR,"Matthews, NC",http://web.archive.org/web/20100418173812/http://clemsontigers.cstv.com/sports/m-baskbl/mtt/stitt_demontez00.html,"Parks, Recreation & Tourism Management",CLEM,MBBALL,2009-2010,11,Andre Young,Andre,Young,G,41403,170,SO,"Albany, GA",http://web.archive.org/web/20100418173812/http://clemsontigers.cstv.com/sports/m-baskbl/mtt/young_andre00.html,Computer Information Systems,CLEM,MBBALL,2008-2009,3,Zavier Anderson,Zavier,Anderson,G,41403,160,SO,"Greenville, SC",http://web.archive.org/web/20090401153854/http://clemsontigers.cstv.com/sports/m-baskbl/mtt/anderson_zavier00.html,Management,CLEM,MBBALL,2008-2009,10,Catalin Baciu,Catalin,Baciu,C,41457,230,FR,"Cluj-Napoca, Romania",http://web.archive.org/web/20090401153854/http://clemsontigers.cstv.com/sports/m-baskbl/mtt/baciu_catalin00.html,General Engineering,CLEM,MBBALL,2008-2009,4,Jonah Baize,Jonah,Baize,F,41431,205,SO,"Evansville, IN",http://web.archive.org/web/20090401153854/http://clemsontigers.cstv.com/sports/m-baskbl/mtt/baize_jonah00.html,Sociology,CLEM,MBBALL,2008-2009,35,Trevor Booker,Trevor,Booker,F/C,41432,240,JR,"Whitmire, SC",http://web.archive.org/web/20090401153854/http://clemsontigers.cstv.com/sports/m-baskbl/mtt/booker_trevor00.html,"Parks, Recreation & Tourism Management ","Community Recreation, Sport & Camp Management"CLEM,MBBALL,2008-2009,45,Jerai Grant,Jerai,Grant,F,41433,220,SO,"Bowie, MD",http://web.archive.org/web/20090401153854/http://clemsontigers.cstv.com/sports/m-baskbl/mtt/grant_jerai00.html,English,CLEM,MBBALL,2008-2009,21,Bryan Narcisse,Bryan,Narcisse,F,41431,200,FR,"North Augusta, SC",http://web.archive.org/web/20090401153854/http://clemsontigers.cstv.com/sports/m-baskbl/mtt/narcisse_bryan00.html,Communication Studies,CLEM,MBBALL,2008-2009,22,Terrence Oglesby,Terrence,Oglesby,G,41427,190,SO,"Cleveland, TN",http://web.archive.org/web/20090401153854/http://clemsontigers.cstv.com/sports/m-baskbl/mtt/oglesby_terrence00.html,Communication Studies,CLEM,MBBALL,2008-2009,55,Karolis Petrukonis,Karolis,Petrukonis,C,41436,260,JR,"Trakai, Lithuania",http://web.archive.org/web/20090401153854/http://clemsontigers.cstv.com/sports/m-baskbl/mtt/petrukonis_karolis00.html,Language & International Trade,CLEM,MBBALL,2008-2009,15,David Potter,David,Potter,F,41431,205,JR,"Severn, MD",http://web.archive.org/web/20090401153854/http://clemsontigers.cstv.com/sports/m-baskbl/mtt/potter_david00.html,Sociology,CLEM,MBBALL,2008-2009,1,K.C. Rivers,K.C.,Rivers,G/F,41430,215,SR,"Charlotte, NC",http://web.archive.org/web/20090401153854/http://clemsontigers.cstv.com/sports/m-baskbl/mtt/rivers_kc00.html,Sociology,CLEM,MBBALL,2008-2009,5,Tanner Smith,Tanner,Smith,G/F,41430,205,FR,"Alpharetta, GA",http://web.archive.org/web/20090401153854/http://clemsontigers.cstv.com/sports/m-baskbl/mtt/smith_tanner00.html,Pre-Business,CLEM,MBBALL,2008-2009,2,Demontez Stitt,Demontez,Stitt,G,41427,175,SO,"Matthews, NC",http://web.archive.org/web/20090401153854/http://clemsontigers.cstv.com/sports/m-baskbl/mtt/stitt_demontez00.html,"Parks, Recreation & Tourism Management",CLEM,MBBALL,2008-2009,12,Raymond Sykes,Raymond,Sykes,C/F,41434,220,SR,"Jacksonville, FL",http://web.archive.org/web/20090401153854/http://clemsontigers.cstv.com/sports/m-baskbl/mtt/sykes_raymond00.html,Sociology,CLEM,MBBALL,2008-2009,44,Jesse Yanutola,Jesse,Yanutola,F,41429,215,SR,"Tega Cay, SC",http://web.archive.org/web/20090401153854/http://clemsontigers.cstv.com/sports/m-baskbl/mtt/yanutola_jesse00.html,Computer Engineering,CLEM,MBBALL,2008-2009,11,Andre Young,Andre,Young,G,41403,160,FR,"Albany, GA",http://web.archive.org/web/20090401153854/http://clemsontigers.cstv.com/sports/m-baskbl/mtt/young_andre00.html,Computer Information Systems,CLEM,MBBALL,2007-2008,5,Zavier Anderson,Zavier,Anderson,G,41403,160,FR,"Greenville, SC",http://web.archive.org/web/20080613203153/http://clemsontigers.cstv.com/sports/m-baskbl/mtt/anderson_zavier00.html,Computer Science,CLEM,MBBALL,2007-2008,4,Jonah Baize,Jonah,Baize,G/F,41431,200,FR,"Evansville, IN",http://web.archive.org/web/20080613203153/http://clemsontigers.cstv.com/sports/m-baskbl/mtt/baize_jonah00.html,Pre-Business,CLEM,MBBALL,2007-2008,35,Trevor Booker,Trevor,Booker,C/F,41432,240,SO,"Whitmire, SC",http://web.archive.org/web/20080613203153/http://clemsontigers.cstv.com/sports/m-baskbl/mtt/booker_trevor00.html,"Parks, Recreation & Tourism Management ","Community Recreation, Sport & Camp Management"CLEM,MBBALL,2007-2008,45,Jerai Grant,Jerai,Grant,F,41433,215,FR,"Bowie, MD",http://web.archive.org/web/20080613203153/http://clemsontigers.cstv.com/sports/m-baskbl/mtt/grant_jerai00.html,English,CLEM,MBBALL,2007-2008,25,Cliff Hammonds,Cliff,Hammonds,G,41428,200,SR,"Cairo, GA",http://web.archive.org/web/20080613203153/http://clemsontigers.cstv.com/sports/m-baskbl/mtt/hammonds_cliff00.html,Architecture,CLEM,MBBALL,2007-2008,40,James Mays,James,Mays,F,41434,230,SR,"Garner, NC",http://web.archive.org/web/20080613203153/http://clemsontigers.cstv.com/sports/m-baskbl/mtt/mays_james00.html,"Parks, Recreation & Tourism Management ","Community Recreation, Sport & Camp Management"CLEM,MBBALL,2007-2008,24,Matt Morris,Matt,Morris,F,41430,200,SR,"Georgetown, SC",http://web.archive.org/web/20080613203153/http://clemsontigers.cstv.com/sports/m-baskbl/mtt/morris_matt00.html,Marketing,CLEM,MBBALL,2007-2008,22,Terrence Oglesby,Terrence,Oglesby,G,41427,185,FR,"Cleveland, TN",http://web.archive.org/web/20080613203153/http://clemsontigers.cstv.com/sports/m-baskbl/mtt/oglesby_terrence00.html,Communication Studies,CLEM,MBBALL,2007-2008,32,Sam Perry,Sam,Perry,F,41430,215,SR,"Greenville, SC",http://web.archive.org/web/20080613203153/http://clemsontigers.cstv.com/sports/m-baskbl/mtt/perry_sam00.html,Sociology,CLEM,MBBALL,2007-2008,55,Karolis Petrukonis,Karolis,Petrukonis,C,41436,260,SO,"Trakai, Lithuania",http://web.archive.org/web/20080613203153/http://clemsontigers.cstv.com/sports/m-baskbl/mtt/petrukonis_karolis00.html,Language & International Trade,CLEM,MBBALL,2007-2008,15,David Potter,David,Potter,G/F,41431,205,SO,"Severn, MD",http://web.archive.org/web/20080613203153/http://clemsontigers.cstv.com/sports/m-baskbl/mtt/potter_david00.html,Pre-Business,CLEM,MBBALL,2007-2008,1,K.C. Rivers,K.C.,Rivers,G/F,41430,215,JR,"Charlotte, NC",http://web.archive.org/web/20080613203153/http://clemsontigers.cstv.com/sports/m-baskbl/mtt/rivers_kc00.html,Sociology,CLEM,MBBALL,2007-2008,2,Demontez Stitt,Demontez,Stitt,G,41427,170,FR,"Matthews, NC",http://web.archive.org/web/20080613203153/http://clemsontigers.cstv.com/sports/m-baskbl/mtt/stitt_demontez00.html,"Parks, Recreation & Tourism Management",CLEM,MBBALL,2007-2008,12,Raymond Sykes,Raymond,Sykes,C/F,41434,220,JR,"Jacksonville, FL",http://web.archive.org/web/20080613203153/http://clemsontigers.cstv.com/sports/m-baskbl/mtt/sykes_raymond00.html,Sociology,CLEM,MBBALL,2007-2008,44,Jesse Yanutola,Jesse,Yanutola,F,41429,215,SR,"Tega Cay, SC",http://web.archive.org/web/20080613203153/http://clemsontigers.cstv.com/sports/m-baskbl/mtt/yanutola_jesse00.html,Computer Engineering,CLEM,MBBALL,2006-2007,35,Trevor Booker,Trevor,Booker,F,41432,215,FR,"Whitmire, SC",http://web.archive.org/web/20070526080627/http://clemsontigers.cstv.com/sports/m-baskbl/mtt/booker_trevor00.html,"Parks, Recreation & Tourism Management ","Community Recreation, Sport & Camp Management"CLEM,MBBALL,2006-2007,3,Vernon Hamilton,Vernon,Hamilton,G,36678,195,SR,"Richmond, VA",http://web.archive.org/web/20070526080627/http://clemsontigers.cstv.com/sports/m-baskbl/mtt/hamilton_vernon00.html,"Parks, Recreation & Tourism Management ","Community Recreation, Sport & Camp Management"CLEM,MBBALL,2006-2007,25,Cliff Hammonds,Cliff,Hammonds,G,41428,197,JR,"Cairo, GA",http://web.archive.org/web/20070526080627/http://clemsontigers.cstv.com/sports/m-baskbl/mtt/hammonds_cliff00.html,Architecture,CLEM,MBBALL,2006-2007,40,James Mays,James,Mays,F/C,41434,225,JR,"Garner, NC",http://web.archive.org/web/20070526080627/http://clemsontigers.cstv.com/sports/m-baskbl/mtt/mays_james00.html,"Parks, Recreation & Tourism Management ","Community Recreation, Sport & Camp Management"CLEM,MBBALL,2006-2007,24,Matt Morris,Matt,Morris,F,41430,207,JR,"Georgetown, SC",http://web.archive.org/web/20070526080627/http://clemsontigers.cstv.com/sports/m-baskbl/mtt/morris_matt00.html,Marketing,CLEM,MBBALL,2006-2007,32,Sam Perry,Sam,Perry,F,41430,208,JR,"Greenville, SC",http://web.archive.org/web/20070526080627/http://clemsontigers.cstv.com/sports/m-baskbl/mtt/perry_sam00.html,Sociology,CLEM,MBBALL,2006-2007,55,Karolis Petrukonis,Karolis,Petrukonis,C,41436,260,FR,"Trakai, Lithuania",http://web.archive.org/web/20070526080627/http://clemsontigers.cstv.com/sports/m-baskbl/mtt/petrukonis_karolis00.html,Language & International Trade,CLEM,MBBALL,2006-2007,5,Chris Poole,Chris,Poole,G,41403,160,SR,"Raleigh, NC",http://web.archive.org/web/20070526080627/http://clemsontigers.cstv.com/sports/m-baskbl/mtt/poole_chris00.html,Management,CLEM,MBBALL,2006-2007,15,David Potter,David,Potter,G/F,41431,180,FR,"Severn, MD",http://web.archive.org/web/20070526080627/http://clemsontigers.cstv.com/sports/m-baskbl/mtt/potter_david00.html,Pre-Business,CLEM,MBBALL,2006-2007,42,Julius Powell,Julius,Powell,F,41432,208,SO,"Newton, NC",http://web.archive.org/web/20070526080627/http://clemsontigers.cstv.com/sports/m-baskbl/mtt/powell_julius00.html,"Parks, Recreation & Tourism Management  ","Community Recreation, Sport & Camp Management"CLEM,MBBALL,2006-2007,0,Travis Price,Travis,Price,F,41434,220,JR,"Sumter, SC",http://web.archive.org/web/20070526080627/http://clemsontigers.cstv.com/sports/m-baskbl/mtt/price_travis00.html,Economics,CLEM,MBBALL,2006-2007,1,K.C. Rivers,K.C.,Rivers,G,41430,210,SO,"Charlotte, NC",http://web.archive.org/web/20070526080627/http://clemsontigers.cstv.com/sports/m-baskbl/mtt/rivers_kc00.html,Pre-Business,CLEM,MBBALL,2006-2007,12,Raymond Sykes,Raymond,Sykes,F,41434,215,SO,"Jacksonville, FL",http://web.archive.org/web/20070526080627/http://clemsontigers.cstv.com/sports/m-baskbl/mtt/sykes_raymond00.html,Sociology,CLEM,MBBALL,2006-2007,44,Jesse Yanutola,Jesse,Yanutola,F,41429,200,JR,"Tega Cay, SC",http://web.archive.org/web/20070526080627/http://clemsontigers.cstv.com/sports/m-baskbl/mtt/yanutola_jesse00.html,Computer Engineering,CLEM,MBBALL,2005-2006,33,Akin Akingbala,Akin,Akingbala,F,41434,240,SR,"Lagos, Nigeria",http://web.archive.org/web/20060618135837/http://clemsontigers.cstv.com/sports/m-baskbl/mtt/akingbala_akin00.html,,CLEM,MBBALL,2005-2006,4,Steve Allen,Steve,Allen,C,41435,250,SR,"Ft. Lauderdale, FL",http://web.archive.org/web/20060618135837/http://clemsontigers.cstv.com/sports/m-baskbl/mtt/allen_steve00.html,,CLEM,MBBALL,2005-2006,3,Vernon Hamilton,Vernon,Hamilton,G,,195,SR,"Richmond, VA",http://web.archive.org/web/20060618135837/http://clemsontigers.cstv.com/sports/m-baskbl/mtt/hamilton_vernon00.html,,CLEM,MBBALL,2005-2006,25,Cliff Hammonds,Cliff,Hammonds,G,41428,197,JR,"Cairo, GA",http://web.archive.org/web/20060618135837/http://clemsontigers.cstv.com/sports/m-baskbl/mtt/hammonds_cliff00.html,,CLEM,MBBALL,2005-2006,20,Troy Mathis,Troy,Mathis,G,36678,211,RS SO,"Raleigh, NC",http://web.archive.org/web/20060618135837/http://clemsontigers.cstv.com/sports/m-baskbl/mtt/mathis_troy00.html,,CLEM,MBBALL,2005-2006,44,James Mays,James,Mays,F,41434,222,JR,"Garner, NC",http://web.archive.org/web/20060618135837/http://clemsontigers.cstv.com/sports/m-baskbl/mtt/mays_james00.html,,CLEM,MBBALL,2005-2006,24,Matt Morris,Matt,Morris,F,41430,207,JR,"Georgetown, SC",http://web.archive.org/web/20060618135837/http://clemsontigers.cstv.com/sports/m-baskbl/mtt/morris_matt00.html,,CLEM,MBBALL,2005-2006,32,Sam Perry,Sam,Perry,F,41430,208,JR,"Greenville, SC",http://web.archive.org/web/20060618135837/http://clemsontigers.cstv.com/sports/m-baskbl/mtt/perry_sam00.html,,CLEM,MBBALL,2005-2006,42,Julius Powell,Julius,Powell,F,41432,208,SO,"Newton, NC",http://web.archive.org/web/20060618135837/http://clemsontigers.cstv.com/sports/m-baskbl/mtt/powell_julius00.html,,CLEM,MBBALL,2005-2006,1,K.C. Rivers,K.C.,Rivers,G,41430,210,SO,"Charlotte, NC",http://web.archive.org/web/20060618135837/http://clemsontigers.cstv.com/sports/m-baskbl/mtt/rivers_kc00.html,,CLEM,MBBALL,2005-2006,22,Shawan Robinson,Shawan,Robinson,G,41427,180,SR,"Raleigh, NC",http://web.archive.org/web/20060618135837/http://clemsontigers.cstv.com/sports/m-baskbl/mtt/robinson_shawan00.html,,CLEM,MBBALL,2005-2006,12,Raymond Sykes,Raymond,Sykes,F,41434,205,SO,"Jacksonville, FL",http://web.archive.org/web/20060618135837/http://clemsontigers.cstv.com/sports/m-baskbl/mtt/sykes_raymond00.html,,CLEM,MBBALL,2005-2006,40,Jesse Yanutola,Jesse,Yanutola,F,41429,200,JR,"Tega Cay, SC",http://web.archive.org/web/20060618135837/http://clemsontigers.cstv.com/sports/m-baskbl/mtt/yanutola_jesse00.html,,