ID_Sport,ID_School,Season,Number,Player,Player,First_Name,Last_Name,Position,Height,Weight,Class,Experience,Hometown/Prior_School,Player_URLMBBALL,UF,2005-2006,1,Brett Swanson,Brett Swanson,Brett,Swanson,G,6/2/13,180,Jr.,TR,"Pace, Fla./Pace High School",http://gatorzone.com/basketball/men/bios.php?m=&bio=swanson.htmlMBBALL,UF,2005-2006,2,Corey Brewer,Corey Brewer,Corey,Brewer,G/F,6/8/13,185,So.,1L,"Portland, Tenn./Portland",http://gatorzone.com/basketball/men/bios.php?m=&bio=brewer.htmlMBBALL,UF,2005-2006,4,Adrian Moss,Adrian Moss,Adrian,Moss,F,6/9/13,247,Sr.,3L,"Houston, Texas/Fork Union Military Academy",http://gatorzone.com/basketball/men/bios.php?m=&bio=moss.htmlMBBALL,UF,2005-2006,5,Jimmie Sutton,Jimmie Sutton,Jimmie,Sutton,F/C,6/10/13,252,Fr.,HS,"Deerfield Beach, Fla./North Broward Prep",http://gatorzone.com/basketball/men/bios.php?m=&bio=sutton.htmlMBBALL,UF,2005-2006,11,Taurean Green,Taurean Green,Taurean,Green,G,6/1/00,177,So.,1L,"Ft. Lauderdale, Fla./Cardinal Gibbons",http://gatorzone.com/basketball/men/bios.php?m=&bio=green.htmlMBBALL,UF,2005-2006,12,Lee Humphrey,Lee Humphrey,Lee,Humphrey,G,6/2/13,192,Jr.,2L,"Maryville, Tenn./Maryville",http://gatorzone.com/basketball/men/bios.php?m=&bio=humphrey.htmlMBBALL,UF,2005-2006,13,Joakim Noah,Joakim Noah,Joakim,Noah,F/C,6/11/13,227,So.,1L,"New York, N.Y./Lawrenceville Prep",http://gatorzone.com/basketball/men/bios.php?m=&bio=noah.htmlMBBALL,UF,2005-2006,15,Walter Hodge,Walter Hodge,Walter,Hodge,G,6/1/00,170,Fr.,HS,"Guaynabo, Puerto Rico/Florida Air Academy",http://gatorzone.com/basketball/men/bios.php?m=&bio=hodge.htmlMBBALL,UF,2005-2006,22,Jack Berry,Jack Berry,Jack,Berry,G,6/6/13,215,So.,1L,"Windermere, Fla./Doctor Phillips",http://gatorzone.com/basketball/men/bios.php?m=&bio=berry.htmlMBBALL,UF,2005-2006,25,Garrett Tyler,Garrett Tyler,Garrett,Tyler,G/F,6/7/13,200,So.,1L,"Palm Harbor, Fla./Palm Harbor",http://gatorzone.com/basketball/men/bios.php?m=&bio=tyler.htmlMBBALL,UF,2005-2006,32,Chris Richard,Chris Richard,Chris,Richard,F,6/8/13,255,Jr.,2L,"Lakeland, Fla./Lakeland Kathleen",http://gatorzone.com/basketball/men/bios.php?m=&bio=richard.htmlMBBALL,UF,2005-2006,33,David Huertas,David Huertas,David,Huertas,G,6/5/13,185,Fr.,HS,"Humacao, Puerto Rico./Arlington Country Day",http://gatorzone.com/basketball/men/bios.php?m=&bio=huertas.htmlMBBALL,UF,2005-2006,42,Al Horford,Al Horford,Al,Horford,F,6/8/13,235,So.,1L,"Puerto Plata, Dominican Republic./Grand Ledge (Mich.)",http://gatorzone.com/basketball/men/bios.php?m=&bio=horford.htmlMBBALL,UF,2006-2007,22,Jack Berry,Jack Berry,Jack,Berry,G,6/6/13,215,Jr.,2L,"Windermere, Fla./Doctor Phillips",http://gatorzone.com/basketball/men/bios.php?player_id=1MBBALL,UF,2006-2007,2,Corey Brewer,Corey Brewer,Corey,Brewer,F,6/9/13,185,Jr.,2L,"Portland, Tenn./Portland",http://gatorzone.com/basketball/men/bios.php?player_id=2MBBALL,UF,2006-2007,11,Taurean Green,Taurean Green,Taurean,Green,G,6/1/00,177,Jr.,2L,"Ft. Lauderdale, Fla./Cardinal Gibbons",http://gatorzone.com/basketball/men/bios.php?player_id=3MBBALL,UF,2006-2007,15,Walter Hodge,Walter Hodge,Walter,Hodge,G,6/1/00,170,So.,1L,"Guaynabo, Puerto Rico/Florida Air Academy",http://gatorzone.com/basketball/men/bios.php?player_id=4MBBALL,UF,2006-2007,42,Al Horford,Al Horford,Al,Horford,F/C,6/10/13,245,Jr.,2L,"Puerto Plata, Dominican Republic/Grand Ledge (Mich.)",http://gatorzone.com/basketball/men/bios.php?player_id=5MBBALL,UF,2006-2007,12,Lee Humphrey,Lee Humphrey,Lee,Humphrey,G,6/2/13,192,Sr.,3L,"Maryville, Tenn./Maryville",http://gatorzone.com/basketball/men/bios.php?player_id=6MBBALL,UF,2006-2007,23,Jonathan Mitchell,Jonathan Mitchell,Jonathan,Mitchell,F,6/7/13,243,Fr.,HS,"Mount Vernon, N.Y./Mount Vernon",http://gatorzone.com/basketball/men/bios.php?player_id=7MBBALL,UF,2006-2007,13,Joakim Noah,Joakim Noah,Joakim,Noah,F/C,6/11/13,230,Jr.,2L,"New York, N.Y./Lawrenceville Prep",http://gatorzone.com/basketball/men/bios.php?player_id=8MBBALL,UF,2006-2007,3,Brandon Powell,Brandon Powell,Brandon,Powell,G,6/3/13,187,Fr.,HS,"Memphis, Tenn./Mitchell",http://gatorzone.com/basketball/men/bios.php?player_id=9MBBALL,UF,2006-2007,32,Chris Richard,Chris Richard,Chris,Richard,F/C,6/9/13,255,Sr.,3L,"Lakeland, Fla./Lakeland Kathleen",http://gatorzone.com/basketball/men/bios.php?player_id=10MBBALL,UF,2006-2007,34,Marreese Speights,Marreese Speights,Marreese,Speights,F/C,6/10/13,245,Fr.,HS,"St. Petersburg, Fla./Hargrove Military Academy",http://gatorzone.com/basketball/men/bios.php?player_id=11MBBALL,UF,2006-2007,1,Brett Swanson,Brett Swanson,Brett,Swanson,G,6/2/13,180,Sr.,1L,"Pace, Fla./Pace/Pensacola Junior College",http://gatorzone.com/basketball/men/bios.php?player_id=12MBBALL,UF,2006-2007,25,Garrett Tyler,Garrett Tyler,Garrett,Tyler,G/F,6/7/13,200,Jr.,2L,"Palm Harbor, Fla./Palm Harbor",http://gatorzone.com/basketball/men/bios.php?player_id=13MBBALL,UF,2006-2007,21,Dan Werner,Dan Werner,Dan,Werner,F,6/7/13,235,Fr.,HS,"Middletown, N.J./Christian Brothers Academy",http://gatorzone.com/basketball/men/bios.php?player_id=14MBBALL,UF,2007-2008,14,Adam Allen,Adam Allen,Adam,Allen,F,6/8/13,206,Fr.,HS,"Milton, Fla./Milton",http://gatorzone.com/basketball/men/bios.php?player_id=15MBBALL,UF,2007-2008,33,Nick Calathes,Nick Calathes,Nick,Calathes,G/F,6/6/13,185,Fr.,HS,"Winter Park, Fla./Lake Howell",http://gatorzone.com/basketball/men/bios.php?player_id=16MBBALL,UF,2007-2008,40,Hudson Fricke,Hudson Fricke,Hudson,Fricke,G,6/1/13,185,Fr.,HS,"Greenville, S.C./ Southside Christian",http://www.gatorzone.com/basketball/men/bios.php?player_id=17MBBALL,UF,2007-2008,15,Walter Hodge,Walter Hodge,Walter,Hodge,G,6/1/00,170,Jr.,2L,"Guaynabo, Puerto Rico/Florida Air Academy",http://gatorzone.com/basketball/men/bios.php?player_id=4MBBALL,UF,2007-2008,5,Jai Lucas,Jai Lucas,Jai,Lucas,G,5/11/13,150,Fr.,HS,"Houston, Texas/Bellaire Academy",http://gatorzone.com/basketball/men/bios.php?player_id=18MBBALL,UF,2007-2008,0,Jonathan Mitchell,Jonathan Mitchell,Jonathan,Mitchell,F,6/7/13,243,So.,1L,"Mount Vernon, N.Y./Mount Vernon",http://gatorzone.com/basketball/men/bios.php?player_id=7MBBALL,UF,2007-2008,25,Chandler Parsons,Chandler Parsons,Chandler,Parsons,F,6/9/13,200,Fr.,HS,"Winter Park, Fla./Lake Howell",http://gatorzone.com/basketball/men/bios.php?player_id=19MBBALL,UF,2007-2008,34,Marreese Speights,Marreese Speights,Marreese,Speights,F/C,6/10/13,250,So.,1L,"St. Petersburg, Fla./Hargrove Military Academy",http://gatorzone.com/basketball/men/bios.php?player_id=11MBBALL,UF,2007-2008,23,Alex Tyus,Alex Tyus,Alex,Tyus,F,6/8/13,203,Fr.,HS,"St. Louis, Mo./Harmony Community",http://gatorzone.com/basketball/men/bios.php?player_id=21MBBALL,UF,2007-2008,21,Dan Werner,Dan Werner,Dan,Werner,F,6/7/13,235,So.,1L,"Middletown, N.J./Christian Brothers Academy",http://gatorzone.com/basketball/men/bios.php?player_id=14MBBALL,UF,2008-2009,14,Adam Allen,Adam Allen,Adam,Allen,F,6/8/13,225,So.,1L,"Milton, Fla./Milton",http://gatorzone.com/basketball/men/bios.php?player_id=15MBBALL,UF,2008-2009,33,Nick Calathes,Nick Calathes,Nick,Calathes,G/F,6/6/13,194,So.,1L,"Casselberry, Fla./Lake Howell",http://gatorzone.com/basketball/men/bios.php?player_id=16MBBALL,UF,2008-2009,24,Allan Chaney,Allan Chaney,Allan,Chaney,F,6/8/13,231,Fr.,HS,"Baltimore, Md./New London (Conn.)",http://gatorzone.com/basketball/men/bios.php?player_id=23MBBALL,UF,2008-2009,40,Hudson Fricke,Hudson Fricke,Hudson,Fricke,G,6/1/13,193,So.,1L,"Greenville, S.C./ Southside Christian",http://gatorzone.com/basketball/men/bios.php?player_id=17MBBALL,UF,2008-2009,15,Walter Hodge,Walter Hodge,Walter,Hodge,G,6/1/00,170,Sr.,3L,"Guaynabo, Puerto Rico/Florida Air Academy",http://gatorzone.com/basketball/men/bios.php?player_id=4MBBALL,UF,2008-2009,30,Kenny Kadji,Kenny Kadji,Kenny,Kadji,F/C,6/10/13,245,Fr.,HS,"Pendleton/IMG Academy/Douala, Cameroon",http://gatorzone.com/basketball/men/bios.php?player_id=24MBBALL,UF,2008-2009,32,Vernon Macklin,Vernon Macklin,Vernon,Macklin,F,6/10/13,240,R-Jr.,TR,"Portsmouth, Va./Georgetown",http://gatorzone.com/basketball/men/bios.php?player_id=25MBBALL,UF,2008-2009,4,Kyle McClanahan,Kyle McClanahan,Kyle,McClanahan,G,6/1/13,185,Fr.,HS,"Maitland, Fla./Winter Park",http://gatorzone.com/basketball/men/bios.php?player_id=26MBBALL,UF,2008-2009,25,Chandler Parsons,Chandler Parsons,Chandler,Parsons,F,6/9/13,213,So.,1L,"Casselberry, Fla./Lake Howell",http://gatorzone.com/basketball/men/bios.php?player_id=19MBBALL,UF,2008-2009,3,Ray Shipman,Ray Shipman,Ray,Shipman,G/F,6/5/13,212,Fr.,HS,"Miramar, Fla./Monsignor Pace",http://gatorzone.com/basketball/men/bios.php?player_id=27MBBALL,UF,2008-2009,23,Alex Tyus,Alex Tyus,Alex,Tyus,F,6/8/13,220,So.,1L,"St. Louis, Mo./Harmony Community",http://gatorzone.com/basketball/men/bios.php?player_id=21MBBALL,UF,2008-2009,1,Eloy Vargas,Eloy Vargas,Eloy,Vargas,F/C,6/10/13,215,Fr.,HS,"Moca, Dominican Republic/ American Heritage (Fla.)",http://gatorzone.com/basketball/men/bios.php?player_id=28MBBALL,UF,2008-2009,11,Erving Walker,Erving Walker,Erving,Walker,G,5/8/13,161,Fr.,HS,"Brooklyn, N.Y./Christ the King",http://gatorzone.com/basketball/men/bios.php?player_id=29MBBALL,UF,2008-2009,21,Dan Werner,Dan Werner,Dan,Werner,F,6/8/13,230,Jr.,2L,"Middletown, N.J./Christian Brothers Academy",http://gatorzone.com/basketball/men/bios.php?player_id=14MBBALL,UF,2009-2010,14,Adam Allen,Adam Allen,Adam,Allen,F,6/8/13,222,RSSo.,1L,"Milton, Fla./Milton",http://gatorzone.com/basketball/men/bios.php?player_id=15MBBALL,UF,2009-2010,1,Kenny Boynton,Kenny Boynton,Kenny,Boynton,G,6/2/13,183,Fr.,HS,"Pompano Beach, Fla./American Heritage",http://gatorzone.com/basketball/men/bios.php?player_id=30MBBALL,UF,2009-2010,40,Hudson Fricke,Hudson Fricke,Hudson,Fricke,G,6/1/13,193,Jr.,2L,"Greenville, S.C./ Southside Christian",http://gatorzone.com/basketball/men/bios.php?player_id=17MBBALL,UF,2009-2010,30,Kenny Kadji,Kenny Kadji,Kenny,Kadji,F/C,6/10/13,248,So.,1L,"Pendleton/IMG Academy/Douala, Cameroon",http://gatorzone.com/basketball/men/bios.php?player_id=24MBBALL,UF,2009-2010,32,Vernon Macklin,Vernon Macklin,Vernon,Macklin,F/C,6/10/13,240,RSJr.,TR,"Portsmouth, Va./Georgetown",http://gatorzone.com/basketball/men/bios.php?player_id=25MBBALL,UF,2009-2010,20,Kyle McClanahan,Kyle McClanahan,Kyle,McClanahan,G,6/1/13,185,So.,1L,"Maitland, Fla./Winter Park",http://gatorzone.com/basketball/men/bios.php?player_id=26MBBALL,UF,2009-2010,33,Erik Murphy,Erik Murphy,Erik,Murphy,F,6/9/13,217,Fr.,HS,"South Kingstown, R.I./St. Mark’s (Mass.)",http://gatorzone.com/basketball/men/bios.php?player_id=31MBBALL,UF,2009-2010,25,Chandler Parsons,Chandler Parsons,Chandler,Parsons,F,6/9/13,215,Jr.,2L,"Casselberry, Fla./Lake Howell",http://gatorzone.com/basketball/men/bios.php?player_id=19MBBALL,UF,2009-2010,3,Ray Shipman,Ray Shipman,Ray,Shipman,G/F,6/5/13,210,So.,1L,"Miramar, Fla./Monsignor Pace",http://gatorzone.com/basketball/men/bios.php?player_id=27MBBALL,UF,2009-2010,42,Rod Tishman,Rod Tishman,Rod,Tishman,G,6/5/13,182,Fr.,HS,"Tel Aviv, Israel/Maccabi Teddy Tel Aviv",http://gatorzone.com/basketball/men/bios.php?player_id=32MBBALL,UF,2009-2010,23,Alex Tyus,Alex Tyus,Alex,Tyus,F,6/8/13,220,Jr.,2L,"St. Louis, Mo./Harmony Community",http://gatorzone.com/basketball/men/bios.php?player_id=21MBBALL,UF,2009-2010,11,Erving Walker,Erving Walker,Erving,Walker,G,5/8/13,171,So.,1L,"Brooklyn, N.Y./Christ the King",http://gatorzone.com/basketball/men/bios.php?player_id=29MBBALL,UF,2009-2010,21,Dan Werner,Dan Werner,Dan,Werner,F,6/8/13,230,Sr.,3L,"Middletown, N.J./Christian Brothers Academy",http://gatorzone.com/basketball/men/bios.php?player_id=14MBBALL,UF,2010-2011,14,Adam Allen,Adam Allen,Adam,Allen,F,"6' 8""",222,RSJr.,1L,"Milton, Fla./Milton",http://gatorzone.com/basketball/men/bios.php?player_id=15MBBALL,UF,2010-2011,1,Kenny Boynton,Kenny Boynton,Kenny,Boynton,G,"6' 2""",183,So.,1L,"Pompano Beach, Fla./American Heritage",http://gatorzone.com/basketball/men/bios.php?player_id=30MBBALL,UF,2010-2011,34,Cody Larson,Cody Larson,Cody,Larson,F,"6' 9""",225,Fr.,HS,"Sioux Falls, S.D./Roosevelt",http://gatorzone.com/basketball/men/bios.php?player_id=33MBBALL,UF,2010-2011,32,Vernon Macklin,Vernon Macklin,Vernon,Macklin,C,"6' 10""",240,RSSr.,1L,"Portsmouth, Va./Georgetown",http://gatorzone.com/basketball/men/bios.php?player_id=25MBBALL,UF,2010-2011,20,Kyle McClanahan,Kyle McClanahan,Kyle,McClanahan,G,"6' 1""",185,Jr.,2L,"Maitland, Fla./Winter Park",http://gatorzone.com/basketball/men/bios.php?player_id=26MBBALL,UF,2010-2011,33,Erik Murphy,Erik Murphy,Erik,Murphy,F,"6' 10""",229,So.,1L,"South Kingstown, R.I./St. Mark’s (Mass.)",http://gatorzone.com/basketball/men/bios.php?player_id=31MBBALL,UF,2010-2011,25,Chandler Parsons,Chandler Parsons,Chandler,Parsons,F,"6' 10""",215,Sr.,3L,"Casselberry, Fla./Lake Howell",http://gatorzone.com/basketball/men/bios.php?player_id=19MBBALL,UF,2010-2011,24,Casey Prather,Casey Prather,Casey,Prather,G/F,"6' 6""",195,Fr.,HS,"Jackson, Tenn./North Side",http://gatorzone.com/basketball/men/bios.php?player_id=34MBBALL,UF,2010-2011,3,Mike Rosario,Mike Rosario,Mike,Rosario,G,"6' 3""",180,RSJr.,TR,"Jersey City, N.J./Rutgers",http://gatorzone.com/basketball/men/bios.php?player_id=35MBBALL,UF,2010-2011,23,Alex Tyus,Alex Tyus,Alex,Tyus,F,"6' 8""",220,Sr.,3L,"St. Louis, Mo./Harmony Community",http://gatorzone.com/basketball/men/bios.php?player_id=21MBBALL,UF,2010-2011,11,Erving Walker,Erving Walker,Erving,Walker,G,"5' 8""",171,Jr.,2L,"Brooklyn, N.Y./Christ the King",http://gatorzone.com/basketball/men/bios.php?player_id=29MBBALL,UF,2010-2011,5,Scottie Wilbekin,Scottie Wilbekin,Scottie,Wilbekin,G,"6' 2""",175,Fr.,HS,"Gainesville, Fla./The Rock",http://gatorzone.com/basketball/men/bios.php?player_id=36MBBALL,UF,2010-2011,15,Will Yeguete,Will Yeguete,Will,Yeguete,F,"6' 7""",210,Fr.,HS,"Bourdeaux, France/Florida Air Academy",http://gatorzone.com/basketball/men/bios.php?player_id=37MBBALL,UF,2010-2011,4,Patric Young,Patric Young,Patric,Young,F/C,"6' 9""",245,Fr.,HS,"Jacksonville, Fla./Providence (H.S.)",http://gatorzone.com/basketball/men/bios.php?player_id=38MBBALL,UF,2011-2012,23,Bradley Beal,Bradley Beal,Bradley,Beal,G,"6' 3""",207,Fr.,HS,"St. Louis, Mo./Chaminade Prep",http://gatorzone.com/basketball/men/bios.php?player_id=39MBBALL,UF,2011-2012,1,Kenny Boynton,Kenny Boynton,Kenny,Boynton,G,"6' 2""",189,Jr.,2L,"Pompano Beach, Fla./American Heritage",http://gatorzone.com/basketball/men/bios.php?player_id=30MBBALL,UF,2011-2012,34,Cody Larson,Cody Larson,Cody,Larson,F/C,"6' 9""",231,RSFr.,SQ,"Sioux Falls, S.D./Roosevelt",http://gatorzone.com/basketball/men/bios.php?player_id=33MBBALL,UF,2011-2012,33,Erik Murphy,Erik Murphy,Erik,Murphy,F/C,"6' 10""",230,Jr.,2L,"South Kingstown, R.I./St. Mark’s (Mass.)",http://gatorzone.com/basketball/men/bios.php?player_id=31MBBALL,UF,2011-2012,35,Walter Pitchford V,Walter Pitchford V,Walter,Pitchford V,F,"6' 10""",221,Fr.,HS,"Grand Rapids, Mich./Summit Christian Academy",http://gatorzone.com/basketball/men/bios.php?player_id=40MBBALL,UF,2011-2012,24,Casey Prather,Casey Prather,Casey,Prather,G/F,"6' 6""",212,So.,1L,"Jackson, Tenn./North Side",http://gatorzone.com/basketball/men/bios.php?player_id=34MBBALL,UF,2011-2012,3,Mike Rosario,Mike Rosario,Mike,Rosario,G,"6' 3""",191,RSJr.,TR,"Jersey City, N.J./Rutgers",http://gatorzone.com/basketball/men/bios.php?player_id=35MBBALL,UF,2011-2012,11,Erving Walker,Erving Walker,Erving,Walker,G,"5' 8""",177,Sr.,3L,"Brooklyn, N.Y./Christ the King",http://gatorzone.com/basketball/men/bios.php?player_id=29MBBALL,UF,2011-2012,5,Scottie Wilbekin,Scottie Wilbekin,Scottie,Wilbekin,G,"6' 2""",178,So.,1L,"Gainesville, Fla./The Rock",http://gatorzone.com/basketball/men/bios.php?player_id=36MBBALL,UF,2011-2012,15,Will Yeguete,Will Yeguete,Will,Yeguete,F,"6' 7""",222,So.,1L,"Bourdeaux, France/Florida Air Academy",http://gatorzone.com/basketball/men/bios.php?player_id=37MBBALL,UF,2011-2012,4,Patric Young,Patric Young,Patric,Young,F/C,"6' 9""",247,So.,1L,"Jacksonville, Fla./Providence (H.S.)",http://gatorzone.com/basketball/men/bios.php?player_id=38MBBALL,UF,2012-2013,1,Kenny Boynton,Kenny Boynton,Kenny,Boynton,G,"6' 2""",190,Sr.,3L,"Pompano Beach, Fla./American Heritage",http://gatorzone.com/basketball/men/bios.php?player_id=30MBBALL,UF,2012-2013,42,Billy Donovan,Billy Donovan,Billy,Donovan,G,"6' 2""",203,Jr.,TR,"Gainesville, Fla./Catholic University",http://gatorzone.com/basketball/men/bios.php?player_id=48MBBALL,UF,2012-2013,10,Dorian Finney-Smith,Dorian Finney-Smith,Dorian,Finney-Smith,F,"6' 8""",205,So.,TR,"Portsmouth, Va./Virginia Tech",http://gatorzone.com/basketball/men/bios.php?player_id=47MBBALL,UF,2012-2013,20,Michael Frazier II,Michael Frazier II,Michael,Frazier II,G,"6' 4""",200,Fr.,HS,"Tampa, Fla./Montverde Academy",http://gatorzone.com/basketball/men/bios.php?player_id=45MBBALL,UF,2012-2013,12,Dillon Graham,Dillon Graham,Dillon,Graham,G,"6' 4""",179,Fr.,HS,"Orlando, Fla./First Academy",http://gatorzone.com/basketball/men/bios.php?player_id=44MBBALL,UF,2012-2013,2,Damontre Harris,Damontre Harris,Damontre,Harris,F/C,"6' 10""",228,Jr.,TR,"Fayetteville, N.C./South Carolina",http://gatorzone.com/basketball/men/bios.php?player_id=46MBBALL,UF,2012-2013,0,Jacob Kurtz,Jacob Kurtz,Jacob,Kurtz,G,"6' 5""",208,So.,1L,"Oviedo, Fla./Hagerty",http://gatorzone.com/basketball/men/bios.php?player_id=41MBBALL,UF,2012-2013,34,Cody Larson,Cody Larson,Cody,Larson,F/C,"6' 9""",239,R-So.,1L,"Sioux Falls, S.D./Roosevelt",http://gatorzone.com/basketball/men/bios.php?player_id=33MBBALL,UF,2012-2013,33,Erik Murphy,Erik Murphy,Erik,Murphy,F/C,"6' 10""",238,Sr.,3L,"South Kingstown, R.I./St. Mark’s (Mass.)",http://gatorzone.com/basketball/men/bios.php?player_id=31MBBALL,UF,2012-2013,11,Braxton Ogbueze,Braxton Ogbueze,Braxton,Ogbueze,G,"6' 0""",182,Fr.,HS,"Charlotte, N.C./United Faith",http://gatorzone.com/basketball/men/bios.php?player_id=42MBBALL,UF,2012-2013,24,Casey Prather,Casey Prather,Casey,Prather,G/F,"6' 6""",208,Jr.,2L,"Jackson, Tenn./North Side",http://gatorzone.com/basketball/men/bios.php?player_id=34MBBALL,UF,2012-2013,3,Mike Rosario,Mike Rosario,Mike,Rosario,G,"6' 3""",183,R-Sr.,1L,"Jersey City, N.J./Rutgers",http://gatorzone.com/basketball/men/bios.php?player_id=35MBBALL,UF,2012-2013,25,DeVon Walker,DeVon Walker,DeVon,Walker,G/F,"6' 6""",191,Fr.,HS,"Winter Haven, Fla./Winter Haven",http://gatorzone.com/basketball/men/bios.php?player_id=43MBBALL,UF,2012-2013,5,Scottie Wilbekin,Scottie Wilbekin,Scottie,Wilbekin,G,"6' 2""",176,Jr.,2L,"Gainesville, Fla./The Rock",http://gatorzone.com/basketball/men/bios.php?player_id=36MBBALL,UF,2012-2013,15,Will Yeguete,Will Yeguete,Will,Yeguete,F,"6' 7""",240,Jr.,2L,"Bordeaux, France/Florida Air Academy",http://gatorzone.com/basketball/men/bios.php?player_id=37MBBALL,UF,2012-2013,4,Patric Young,Patric Young,Patric,Young,C,"6' 9""",249,Jr.,2L,"Jacksonville, Fla./Providence (H.S.)",http://gatorzone.com/basketball/men/bios.php?player_id=38