Number,Player,PlayerBio_URL,Position,Height,Weight,Year,Hometown,City,State,High_School,Prior_College,ID_Player_Race,Formal_Stated_Major,College_Major_Group,DBPediaCollege_Name,Season94,Torey Agee,http://www.vucommodores.com/sports/m-footbl/mtt/torey_agee_807659.html,DT,6/4/13,265,FR,"Opelika, ALA",Opelika,ALA,Opelika,,,,,Vanderbilt University,2012-201343,Scot Aiello,http://www.vucommodores.com/sports/m-footbl/mtt/scot_aiello_769406.html,DB,5/10/13,178,SO,"Franklin, TENN",Franklin,TENN,Centennial,,,,,Vanderbilt University,2012-201348,Manny Amingwa,http://www.vucommodores.com/sports/m-footbl/mtt/manny_amingwa_807664.html,DB,5/11/13,190,SR,"Whitinsville, MASS",Whitinsville,MASS,Milford,,,,,Vanderbilt University,2012-201347,Tyler Anders,http://www.vucommodores.com/sports/m-footbl/mtt/tyler_anders_807665.html,RB,5/11/13,192,SO,"Richlands, VA",Richlands,VA,Graham,,,,,Vanderbilt University,2012-201355,Caleb Azubike,http://www.vucommodores.com/sports/m-footbl/mtt/caleb_azubike_807660.html,DE,6/4/13,255,FR,"Nashville, TENN",Nashville,TENN,McGavock,,,,,Vanderbilt University,2012-201326,Brandon Banks,http://www.vucommodores.com/sports/m-footbl/mtt/brandon_banks_807661.html,DB,5/10/13,165,FR,"Brandywine, MD",Brandywine,MD,Gwynn Park,,,,,Vanderbilt University,2012-201393,Ladarius Banks,http://www.vucommodores.com/sports/m-footbl/mtt/ladarius_banks_807662.html,DT,6/2/13,290,FR,"Dallas, GA",Dallas,GA,East Paulding,,,,,Vanderbilt University,2012-201349,Robby Barbieri,http://www.vucommodores.com/sports/m-footbl/mtt/robby_barbieri_747837.html,LB,6/2/13,228,JR,"Eden Prairie, MINN",Eden Prairie,MINN,Breck School,,,,,Vanderbilt University,2012-201315,Archibald Barnes,http://www.vucommodores.com/sports/m-footbl/mtt/archibald_barnes_564345.html,LB,6/4/13,235,RS SR,"Tampa, FLA",Tampa,FLA,Berkeley Prep,,,,,Vanderbilt University,2012-201310,Cory Batey,http://www.vucommodores.com/sports/m-footbl/mtt/cory_batey_807658.html,WR,6/1/00,205,FR,"Nashville, TENN",Nashville,TENN,Ensworth School,,,,,Vanderbilt University,2012-201353,Jake Bernstein,http://www.vucommodores.com/sports/m-footbl/mtt/jake_bernstein_766146.html,OL,6/4/13,295,RS FR,"Lake in the Hills, ILL",Lake in the Hills,ILL,Crystal Lake South,,,,,Vanderbilt University,2012-201351,Hunter Bowman,http://www.vucommodores.com/sports/m-footbl/mtt/hunter_bowman_797586.html,LB,5/11/13,216,RS FR,"Savannah, GA",Savannah,GA,Savannah Country Day,,,,,Vanderbilt University,2012-201380,Chris Boyd,http://www.vucommodores.com/sports/m-footbl/mtt/chris_boyd_711739.html,WR,6/4/13,205,RS SO,"Roswell, GA",Roswell,GA,Roswell,,,,,Vanderbilt University,2012-201352,Andrew Bridges,http://www.vucommodores.com/sports/m-footbl/mtt/andrew_bridges_711853.html,OT,6/6/13,275,RS SO,"Atlanta, GA",Atlanta,GA,Westminster,,,,,Vanderbilt University,2012-201379,Ryan Brockway,http://www.vucommodores.com/sports/m-footbl/mtt/ryan_brockway_817008.html,OL,6/5/13,290,JR,"Los Angeles, CALIF",Los Angeles,CALIF,Loyola High School,,,,,Vanderbilt University,2012-201356,Darien Bryant,http://www.vucommodores.com/sports/m-footbl/mtt/darien_bryant_766918.html,DE,6/4/13,225,RS FR,"Reynoldsburg, OHIO",Reynoldsburg,OHIO,Pickerington North,,,,,Vanderbilt University,2012-201371,Adam Butler,http://www.vucommodores.com/sports/m-footbl/mtt/adam_butler_807657.html,OL,6/4/13,290,FR,"Duncanville, TEXAS",Duncanville,TEXAS,Duncanville,,,,,Vanderbilt University,2012-201328,Karl Butler,http://www.vucommodores.com/sports/m-footbl/mtt/karl_butler_711854.html,LB,6/1/13,215,JR,"New Orleans, LA",New Orleans,LA,Brother Martin,,,,,Vanderbilt University,2012-20136,Austyn Carta-Samuels,http://www.vucommodores.com/sports/m-footbl/mtt/austyn_carta_samuels_795578.html,QB,6/1/13,220,RS JR,"San Jose, CALIF",San Jose,CALIF,Bellarmine Prep,University of Wyoming,,,,Vanderbilt University,2012-201312,Steven Clarke,http://www.vucommodores.com/sports/m-footbl/mtt/steven_clarke_711855.html,DB,5/10/13,195,JR,"Lauderdale Lakes, FLA",Lauderdale Lakes,FLA,Boyd Anderson,,,,,Vanderbilt University,2012-201335,Hasan Clayton,http://www.vucommodores.com/sports/m-footbl/mtt/hasan_clayton_797585.html,DB,5/11/13,180,JR,"Arlington Heights, ILL",Arlington Heights,ILL,Loyola Academy,,,,,Vanderbilt University,2012-201386,Damon Cole,http://www.vucommodores.com/sports/m-footbl/mtt/damon_cole_822106.html,WR,5/10/13,165,FR,"Pearl, MISS",Pearl,MISS,Park Place Christian,,,,,Vanderbilt University,2012-201383,John Cole,http://www.vucommodores.com/sports/m-footbl/mtt/john_cole_359925.html,WR,5/10/13,180,GS,"Somerset, KY",Somerset,KY,Somerset,,,,,Vanderbilt University,2012-201316,Colby Cooke,http://www.vucommodores.com/sports/m-footbl/mtt/colby_cooke_807656.html,P/PK,6/3/13,200,FR,"Goochland, VA",Goochland,VA,Goochland,,,,,Vanderbilt University,2012-201344,Barron Dixon,http://www.vucommodores.com/sports/m-footbl/mtt/barron_dixon_766150.html,DT,6/4/13,302,SO,"Alpharetta, GA",Alpharetta,GA,Chattahooche,,,,,Vanderbilt University,2012-201334,Andrew East,http://www.vucommodores.com/sports/m-footbl/mtt/andrew_east_711857.html,SN/LB,6/2/13,230,RS SO,"Indianpolis, IND",Indianpolis,IND,North Central,,,,,Vanderbilt University,2012-201316,Eddie Foster,http://www.vucommodores.com/sports/m-footbl/mtt/eddie_foster_439622.html,DB,5/10/13,172,SR,"Colleyville, TEXAS",Colleyville,TEXAS,Heritage,,,,,Vanderbilt University,2012-201348,Ryan Fowler,http://www.vucommodores.com/sports/m-footbl/mtt/ryan_fowler_360027.html,PK,5/10/13,175,RS SR,"Taylors, SC",Taylors,SC,Eastside,,,,,Vanderbilt University,2012-201330,Larry Franklin,http://www.vucommodores.com/sports/m-footbl/mtt/larry_franklin_766151.html,LB,6/1/13,210,RS FR,"Vero Beach, FLA",Vero Beach,FLA,Vero Beach,,,,,Vanderbilt University,2012-201329,Will Fritz,http://www.vucommodores.com/sports/m-footbl/mtt/will_fritz_822107.html,RB,5/6/13,170,SO,"Cincinnati, OHIO",Cincinnati,OHIO,Cincinnati Country Day,,,,,Vanderbilt University,2012-201366,Blake Fromang,http://www.vucommodores.com/sports/m-footbl/mtt/blake_fromang_807655.html,OL,6/7/13,285,FR,"Orlando, FLA",Orlando,FLA,Lake Highland Prep,,,,,Vanderbilt University,2012-201336,Chase Garnham,http://www.vucommodores.com/sports/m-footbl/mtt/chase_garnham_711861.html,LB,6/3/13,234,JR,"Fairhope, ALA",Fairhope,ALA,Fairhope,,,,,Vanderbilt University,2012-201356,Barrett Gouger,http://www.vucommodores.com/sports/m-footbl/mtt/barrett_gouger_807654.html,OL,6/4/13,285,FR,"Soddy-Daisy, TENN",Soddy-Daisy,TENN,Baylor School,,,,,Vanderbilt University,2012-201347,Blake Gowder,http://www.vucommodores.com/sports/m-footbl/mtt/blake_gowder_711862.html,FB,6/2/13,228,RS SO,"Blairsville, GA",Blairsville,GA,Union County High School,,,,,Vanderbilt University,2012-20137,Josh Grady,http://www.vucommodores.com/sports/m-footbl/mtt/josh_grady_766152.html,WR,6/1/00,188,RS FR,"Tampa, FLA",Tampa,FLA,Armwood,,,,,Vanderbilt University,2012-201349,Josh Gregory,http://www.vucommodores.com/sports/m-footbl/mtt/josh_gregory_769400.html,DB,5/11/13,170,SO,"Goodlettsville, TENN",Goodlettsville,TENN,Davidson Academy,,,,,Vanderbilt University,2012-201384,Daniel Hagaman,http://www.vucommodores.com/sports/m-footbl/mtt/daniel_hagaman_749566.html,WR,6/2/13,190,RS SO,"Brentwood, TENN",Brentwood,TENN,Brentwood,,,,,Vanderbilt University,2012-201323,Andre Hal,http://www.vucommodores.com/sports/m-footbl/mtt/andre_hal_711863.html,DB,6/1/00,184,JR,"Port Allen, LA",Port Allen,LA,Port Allen,,,,,Vanderbilt University,2012-201311,Harding Harper,http://www.vucommodores.com/sports/m-footbl/mtt/harding_harper_807653.html,LB,6/2/13,230,FR,"Montgomery, ALA",Montgomery,ALA,Carver,,,,,Vanderbilt University,2012-201321,Paris Head,http://www.vucommodores.com/sports/m-footbl/mtt/paris_head_807652.html,DB,6/1/00,175,FR,"Lawrenceville, GA",Lawrenceville,GA,Buford,,,,,Vanderbilt University,2012-201335,Darreon Herring,http://www.vucommodores.com/sports/m-footbl/mtt/darreon_herring_797775.html,LB,6/2/13,220,FR,"Stone Mountain, GA",Stone Mountain,GA,Stephenson,,,,,Vanderbilt University,2012-201393,Joseph Hoffman,http://www.vucommodores.com/sports/m-footbl/mtt/joseph_hoffman_822108.html,FB,5/11/13,195,SO,"Scarsdale, NY",Scarsdale,NY,Edgemont,,,,,Vanderbilt University,2012-201374,Will Holden,http://www.vucommodores.com/sports/m-footbl/mtt/will_holden_807650.html,OL,6/6/13,290,FR,"Green Cove Springs, FLA",Green Cove Springs,FLA,Clay,,,,,Vanderbilt University,2012-201355,Taylor Hudson,http://www.vucommodores.com/sports/m-footbl/mtt/taylor_hudson_769412.html,P,6/3/13,210,RS FR,"Powell, OHIO",Powell,OHIO,Olentangy Liberty,,,,,Vanderbilt University,2012-201337,Casey Hughes,http://www.vucommodores.com/sports/m-footbl/mtt/casey_hughes_816996.html,LB,5/10/13,210,SO,"Redding, PA",Redding,PA,Governor Mifflin,,,,,Vanderbilt University,2012-201338,Alex Hysong,http://www.vucommodores.com/sports/m-footbl/mtt/alex_hysong_807667.html,DB,5/10/13,175,SO,"Bethesda, MD",Bethesda,MD,Whitman,,,,,Vanderbilt University,2012-201369,Josh Jelesky,http://www.vucommodores.com/sports/m-footbl/mtt/josh_jelesky_360031.html,OG,6/5/13,290,RS SR,"Naperville, ILL",Naperville,ILL,Naperville Central,,,,,Vanderbilt University,2012-201350,Andrew Jelks,http://www.vucommodores.com/sports/m-footbl/mtt/andrew_jelks_807649.html,OL,6/6/13,275,FR,"Paris, TENN",Paris,TENN,Henry County,,,,,Vanderbilt University,2012-201367,Wesley Johnson,http://www.vucommodores.com/sports/m-footbl/mtt/wesley_johnson_439625.html,OT,6/5/13,285,RS JR,"Nashville, TENN",Nashville,TENN,Montgomery Bell Academy,,,,,Vanderbilt University,2012-201394,Richard Kent,http://www.vucommodores.com/sports/m-footbl/mtt/richard_kent_365852.html,P,6/2/13,198,SR,"Marietta, GA",Marietta,GA,Walton,,,,,Vanderbilt University,2012-201382,Kris Kentera,http://www.vucommodores.com/sports/m-footbl/mtt/kris_kentera_766155.html,TE,6/4/13,230,RS FR,"Colorado Springs, COLO",Colorado Springs,COLO,Pine Creek,,,,,Vanderbilt University,2012-201325,Brian Kimbrow,http://www.vucommodores.com/sports/m-footbl/mtt/brian_kimbrow_807648.html,RB,5/8/13,180,FR,"Memphis, TENN",Memphis,TENN,Memphis East,,,,,Vanderbilt University,2012-201333,Derek King,http://www.vucommodores.com/sports/m-footbl/mtt/derek_king_766156.html,DB,5/11/13,196,RS FR,"Nashville, TENN",Nashville,TENN,Brentwood Academy,,,,,Vanderbilt University,2012-201319,Jacquese Kirk,http://www.vucommodores.com/sports/m-footbl/mtt/jacquese_kirk_766157.html,WR,6/1/00,175,RS FR,"Jasper, ALA",Jasper,ALA,Walker,,,,,Vanderbilt University,2012-201317,Jonathan Krause,http://www.vucommodores.com/sports/m-footbl/mtt/jonathan_krause_711866.html,WR,5/11/13,182,JR,"Snellville, GA",Snellville,GA,South Gwinnett,,,,,Vanderbilt University,2012-20131,Kenny Ladler,http://www.vucommodores.com/sports/m-footbl/mtt/kenny_ladler_711872.html,S,6/1/00,205,JR,"Stone Mountain, GA",Stone Mountain,GA,Stephenson,,,,,Vanderbilt University,2012-201338,Fitz Lassing,http://www.vucommodores.com/sports/m-footbl/mtt/fitz_lassing_711873.html,FB/TE,6/3/13,240,JR,"Nashville, TENN",Nashville,TENN,Montgomery Bell Academy,,,,,Vanderbilt University,2012-201384,Rob Lohr,http://www.vucommodores.com/sports/m-footbl/mtt/rob_lohr_360034.html,DT,6/4/13,290,RS SR,"Phoenixville, PA",Phoenixville,PA,Phoenixville,,,,,Vanderbilt University,2012-201331,Javon Marshall,http://www.vucommodores.com/sports/m-footbl/mtt/javon_marshall_439618.html,S,5/10/13,195,RS JR,"Huber Heights, OHIO",Huber Heights,OHIO,Wayne,,,,,Vanderbilt University,2012-201341,Chris Martin,http://www.vucommodores.com/sports/m-footbl/mtt/chris_martin_817003.html,RB,5/10/13,185,FR,"Princeton, NJ",Princeton,NJ,Hun School,,,,,Vanderbilt University,2012-201387,Jordan Matthews,http://www.vucommodores.com/sports/m-footbl/mtt/jordan_matthews_711876.html,WR,6/3/13,205,JR,"Madison, ALA",Madison,ALA,Madison Academy,,,,,Vanderbilt University,2012-201390,Walker May,http://www.vucommodores.com/sports/m-footbl/mtt/walker_may_439631.html,DE,6/5/13,250,RS JR,"Birmingham, ALA",Birmingham,ALA,Briarwood Christian,,,,,Vanderbilt University,2012-201378,Kevin McCoy,http://www.vucommodores.com/sports/m-footbl/mtt/kevin_mccoy_807647.html,OL,6/5/13,285,FR,"Tampa, FLA",Tampa,FLA,Armwood,,,,,Vanderbilt University,2012-20135,Torren McGaster,http://www.vucommodores.com/sports/m-footbl/mtt/torren_mcgaster_807645.html,DB,6/1/00,185,FR,"Daphne, ALA",Daphne,ALA,Daphne,,,,,Vanderbilt University,2012-201327,Jahmel McIntosh,http://www.vucommodores.com/sports/m-footbl/mtt/jahmel_mcintosh_766160.html,LB/S,6/1/13,200,RS FR,"Cleveland, MISS",Cleveland,MISS,Cleveland,,,,,Vanderbilt University,2012-201315,Tip McKenzie,http://www.vucommodores.com/sports/m-footbl/mtt/tip_mckenzie_807641.html,WR,5/8/13,175,FR,"Natchez, MISS",Natchez,MISS,Trinity Episcopal,,,,,Vanderbilt University,2012-201386,Austin Monahan,http://www.vucommodores.com/sports/m-footbl/mtt/austin_monahan_303572.html,TE,6/6/13,252,RS SR,"Charlotte, NC",Charlotte,NC,Charlotte Country Day,,,,,Vanderbilt University,2012-201346,Steve Monk,http://www.vucommodores.com/sports/m-footbl/mtt/steve_monk_769381.html,WR,5/11/13,180,RS FR,"Baton Rouge, LA",Baton Rouge,LA,University Lab,,,,,Vanderbilt University,2012-201361,Connor Morrison,http://www.vucommodores.com/sports/m-footbl/mtt/connor_morrison_769387.html,SN,6/1/00,230,RS FR,"Edmond, OKLA",Edmond,OKLA,Casady School,,,,,Vanderbilt University,2012-201397,Jared Morse,http://www.vucommodores.com/sports/m-footbl/mtt/jared_morse_711878.html,DT,6/2/13,295,JR,"Oxford, ALA",Oxford,ALA,Oxford,,,,,Vanderbilt University,2012-201358,Colt Nichter,http://www.vucommodores.com/sports/m-footbl/mtt/colt_nichter_360035.html,DT,6/1/13,288,RS SR,"Park City, UTAH",Park City,UTAH,Park City,,,,,Vanderbilt University,2012-20135,Warren Norman,http://www.vucommodores.com/sports/m-footbl/mtt/warren_norman_439572.html,RB,5/10/13,205,RS JR,"Stone Mountain, GA",Stone Mountain,GA,Chamblee,,,,,Vanderbilt University,2012-201345,Marc Panu,http://www.vucommodores.com/sports/m-footbl/mtt/marc_panu_619645.html,FB,6/1/13,240,JR,"Mableton, GA",Mableton,GA,Whitefield Academy,,,,,Vanderbilt University,2012-20139,Trent Pruitt,http://www.vucommodores.com/sports/m-footbl/mtt/trent_pruitt_711879.html,WR,5/9/13,170,RS SO,"Fitzgerald, GA",Fitzgerald,GA,Fitzgerald,,,,,Vanderbilt University,2012-201377,Spencer Pulley,http://www.vucommodores.com/sports/m-footbl/mtt/spencer_pulley_766162.html,C/OG,6/4/13,290,SO,"Germantown, TENN",Germantown,TENN,Evangelical Christian,,,,,Vanderbilt University,2012-201375,Grant Ramsay,http://www.vucommodores.com/sports/m-footbl/mtt/grant_ramsay_711880.html,OL,6/5/13,285,RS SO,"Marietta, GA",Marietta,GA,Pope,,,,,Vanderbilt University,2012-20134,Patton Robinette,http://www.vucommodores.com/sports/m-footbl/mtt/patton_robinette_807638.html,QB,6/4/13,204,FR,"Maryville, TENN",Maryville,TENN,Maryville,,,,,Vanderbilt University,2012-201311,Jordan Rodgers,http://www.vucommodores.com/sports/m-footbl/mtt/jordan_rodgers_711885.html,QB,6/1/13,212,RS SR,"Chico, CALIF",Chico,CALIF,Pleasant Valley HS,Butte Junior College,,,,Vanderbilt University,2012-201322,Eric Samuels,http://www.vucommodores.com/sports/m-footbl/mtt/eric_samuels_439574.html,S,6/1/00,200,SR,"Eustis, FLA",Eustis,FLA,Umatilla,,,,,Vanderbilt University,2012-201381,Steven Scheu,http://www.vucommodores.com/sports/m-footbl/mtt/steven_scheu_766165.html,TE,6/5/13,255,RS FR,"Evansville, IND",Evansville,IND,Reitz Memorial,,,,,Vanderbilt University,2012-201313,Jake Sealand,http://www.vucommodores.com/sports/m-footbl/mtt/jake_sealand_807634.html,LB,6/2/13,220,FR,"Tucker, GA",Tucker,GA,Tucker,,,,,Vanderbilt University,2012-20133,Jerron Seymour,http://www.vucommodores.com/sports/m-footbl/mtt/jerron_seymour_766168.html,RB,5/7/13,190,SO,"Hialeah, FLA",Hialeah,FLA,Hialeah,,,,,Vanderbilt University,2012-201362,Ryan Seymour,http://www.vucommodores.com/sports/m-footbl/mtt/ryan_seymour_360234.html,OG/OT,6/5/13,300,RS SR,"Kingsland, GA",Kingsland,GA,Camden Co.,,,,,Vanderbilt University,2012-201339,Carey Spear,http://www.vucommodores.com/sports/m-footbl/mtt/carey_spear_711883.html,PK,5/10/13,190,JR,"Mayfield Village, OHIO",Mayfield Village,OHIO,Mayfield,,,,,Vanderbilt University,2012-20132,Zac Stacy,http://www.vucommodores.com/sports/m-footbl/mtt/zac_stacy_439570.html,RB,5/9/13,210,SR,"Centreville, ALA",Centreville,ALA,Bibb Co.,,,,,Vanderbilt University,2012-201354,Jimmy Stewart,http://www.vucommodores.com/sports/m-footbl/mtt/jimmy_stewart_766169.html,DE,6/4/13,240,RS FR,"Cape Coral, FLA",Cape Coral,FLA,Island Coast,,,,,Vanderbilt University,2012-201339,Dane Stubbs,http://www.vucommodores.com/sports/m-footbl/mtt/dane_stubbs_817001.html,DB,5/10/13,175,FR,"Covington, LA",Covington,LA,St. Paul High School,,,,,Vanderbilt University,2012-201341,Patrick Sutton,http://www.vucommodores.com/sports/m-footbl/mtt/patrick_sutton_749712.html,LB,6/1/00,210,JR,"Charleston, SC",Charleston,SC,Bishop England,,,,,Vanderbilt University,2012-201324,Wesley Tate,http://www.vucommodores.com/sports/m-footbl/mtt/wesley_tate_439571.html,WR/RB,6/1/13,215,RS JR,"Hendersonville, TENN",Hendersonville,TENN,Pope John Paul II,,,,,Vanderbilt University,2012-201353,Vince Taylor,http://www.vucommodores.com/sports/m-footbl/mtt/vince_taylor_711887.html,DT,6/2/13,312,RS SO,"Hattiesburg, MISS",Hattiesburg,MISS,Oak Grove,,,,,Vanderbilt University,2012-201340,Ja'karri Thomas,http://www.vucommodores.com/sports/m-footbl/mtt/jakarri_thomas_807631.html,LB,6/1/13,212,FR,"Tallahassee, FLA",Tallahassee,FLA,Godby,,,,,Vanderbilt University,2012-201398,Johnell Thomas,http://www.vucommodores.com/sports/m-footbl/mtt/johnell_thomas_360241.html,DE,6/1/00,250,RS SR,"Orlando, FLA",Orlando,FLA,Boone,,,,,Vanderbilt University,2012-201357,Joe Townsend,http://www.vucommodores.com/sports/m-footbl/mtt/joe_townsend_766170.html,C/OG,6/4/13,305,SO,"Hendersonville, TENN",Hendersonville,TENN,Hendersonville,,,,,Vanderbilt University,2012-201314,John Townsley,http://www.vucommodores.com/sports/m-footbl/mtt/john_townsley_749564.html,QB,6/4/13,205,SR,"Upper Arlington, OHIO",Upper Arlington,OHIO,Upper Arlington,,,,,Vanderbilt University,2012-201399,Will Trepp,http://www.vucommodores.com/sports/m-footbl/mtt/will_trepp_822109.html,OL/LS,5/11/13,250,FR,"Greenwich, CONN",Greenwich,CONN,Greenwich,,,,,Vanderbilt University,2012-201389,Dillon van der Wal,http://www.vucommodores.com/sports/m-footbl/mtt/dillon_van_der_wal_766180.html,TE,6/6/13,255,SO,"Woodland Hills, CALIF",Woodland Hills,CALIF,Oaks Christian,,,,,Vanderbilt University,2012-201345,Stephen Weatherly,http://www.vucommodores.com/sports/m-footbl/mtt/stephen_weatherly_807623.html,DE,6/5/13,235,FR,"Snellville, GA",Snellville,GA,Shiloh,,,,,Vanderbilt University,2012-201373,Chase White,http://www.vucommodores.com/sports/m-footbl/mtt/chase_white_711888.html,OG/OT,6/5/13,290,RS SO,"Plano, TEXAS",Plano,TEXAS,Plano West,,,,,Vanderbilt University,2012-201385,Trey Wilkins,http://www.vucommodores.com/sports/m-footbl/mtt/trey_wilkins_797396.html,WR,5/11/13,195,SO,"Cordova, TENN",Cordova,TENN,St. Benedict,,,,,Vanderbilt University,2012-201342,Kellen Williams,http://www.vucommodores.com/sports/m-footbl/mtt/kellen_williams_769392.html,LB,6/1/13,220,RS FR,"Winter Haven, FLA",Winter Haven,FLA,West Orange,,,,,Vanderbilt University,2012-201332,Andrew Williamson,http://www.vucommodores.com/sports/m-footbl/mtt/andrew_williamson_766181.html,S,6/1/13,205,RS FR,"San Antonio, TEXAS",San Antonio,TEXAS,John Paul Stevens,,,,,Vanderbilt University,2012-20138,Trey Wilson,http://www.vucommodores.com/sports/m-footbl/mtt/trey_wilson_439637.html,DB,5/11/13,192,SR,"Shreveport, LA",Shreveport,LA,Evangel Christian Academy,,,,,Vanderbilt University,2012-201392,Kyle Woestmann,http://www.vucommodores.com/sports/m-footbl/mtt/kyle_woestmann_711889.html,DE,6/3/13,255,RS SO,"Marietta, GA",Marietta,GA,Walton,,,,,Vanderbilt University,2012-2013