ID_Sport,ID_School,Season,Player,First_Name,Last_Name,Height,Weight,Year,Hometown/Prior_School,Player_URLMTEN,ND,2005-2006,Irackli Akhvlediani,Irackli,Akhvlediani,5/7/13,145,JR,"Vienna, Austria/Vienna International School",http://www.und.com//sports/m-tennis/mtt/akhvlediani_irackli00.htmlMTEN,ND,2005-2006,Stephen Bass,Stephen,Bass,5/11/13,165,JR,"Bronxville, NY/Iona Prep School",http://www.und.com//sports/m-tennis/mtt/bass_stephen00.htmlMTEN,ND,2005-2006,Patrick Buchanan,Patrick,Buchanan,5/7/13,140,SR,"Fullerton, CA/Servite",http://www.und.com//sports/m-tennis/mtt/buchanan_patrick00.htmlMTEN,ND,2005-2006,Brett Helgeson,Brett,Helgeson,6/4/13,180,FR,"Overland Park, KS/Blue Valley West",http://www.und.com//sports/m-tennis/mtt/helgeson_brett00.htmlMTEN,ND,2005-2006,Ryan Keckley,Ryan,Keckley,6/1/13,160,JR,"South Bend, IN/St. Joseph's",http://www.und.com//sports/m-tennis/mtt/keckley_ryan00.htmlMTEN,ND,2005-2006,Barry King,Barry,King,6/4/13,186,JR,"Dublin, Ireland/Gonzaga College",http://www.und.com//sports/m-tennis/mtt/king_barry00.htmlMTEN,ND,2005-2006,Eric Langenkamp,Eric,Langenkamp,6/1/13,172,SR,"Scarsdale, NY/Scarsdale",http://www.und.com//sports/m-tennis/mtt/langenkamp_eric00.htmlMTEN,ND,2005-2006,Santiago Montoya,Santiago,Montoya,6/1/13,165,FR,"Austin, TX/St. Stephen's Episcopal School",http://www.und.com//sports/m-tennis/mtt/montoya_santiago00.htmlMTEN,ND,2005-2006,Sheeva Parbhu,Sheeva,Parbhu,5/11/13,150,SO,"Omaha, NE/Millard North",http://www.und.com//sports/m-tennis/mtt/parbhu_sheeva00.htmlMTEN,ND,2005-2006,Brandon Pierpont,Brandon,Pierpont,6/1/13,170,SO,"St. Petersburg, FL/Tampa Preparatory",http://www.und.com//sports/m-tennis/mtt/pierpont_brandon00.htmlMTEN,ND,2005-2006,Andrew Roth,Andrew,Roth,5/9/13,160,SO,"Houston, TX/Tenney School",http://www.und.com//sports/m-tennis/mtt/roth_andrew00.htmlMTEN,ND,2005-2006,Yuichi Uda,Yuichi,Uda,5/8/13,130,SO,"Wesley Chapel, FL/Laurel Springs School (CA)",http://www.und.com//sports/m-tennis/mtt/uda_yuichi00.htmlMTEN,ND,2006-2007,Irackli Akhvlediani,Irackli,Akhvlediani,5/7/13,145,SR,"Vienna, Austria/Vienna International School",http://www.und.com//sports/m-tennis/mtt/akhvlediani_irackli00.htmlMTEN,ND,2006-2007,Stephen Bass,Stephen,Bass,5/11/13,165,SR,"Bronxville, NY/Iona Prep School",http://www.und.com//sports/m-tennis/mtt/bass_stephen00.htmlMTEN,ND,2006-2007,Patrick Callaghan,Patrick,Callaghan,5/11/13,145,FR,"Iowa City, IA/Iowa City West",http://www.und.com//sports/m-tennis/mtt/callaghan_patrick00.htmlMTEN,ND,2006-2007,Sean Corrigan,Sean,Corrigan,6/1/00,160,FR,"Lido Beach, NY/Long Beach",http://www.und.com//sports/m-tennis/mtt/corrigan_sean00.htmlMTEN,ND,2006-2007,Brett Helgeson,Brett,Helgeson,6/4/13,180,SO,"Overland Park, KS/Blue Valley West",http://www.und.com//sports/m-tennis/mtt/helgeson_brett00.htmlMTEN,ND,2006-2007,Ryan Keckley,Ryan,Keckley,6/1/13,160,SR,"South Bend, IN/St. Joseph's",http://www.und.com//sports/m-tennis/mtt/keckley_ryan00.htmlMTEN,ND,2006-2007,Barry King,Barry,King,6/4/13,186,SR,"Dublin, Ireland/Gonzaga College",http://www.und.com//sports/m-tennis/mtt/king_barry00.htmlMTEN,ND,2006-2007,Graham King,Graham,King,6/2/13,180,FR,"Dublin, Ireland/Gonzaga College",http://www.und.com//sports/m-tennis/mtt/king_graham00.htmlMTEN,ND,2006-2007,Santiago Montoya,Santiago,Montoya,6/1/13,165,SO,"Austin, TX/St. Stephen's Episcopal School",http://www.und.com//sports/m-tennis/mtt/montoya_santiago00.htmlMTEN,ND,2006-2007,Sheeva Parbhu,Sheeva,Parbhu,5/11/13,150,JR,"Omaha, NE/Millard North",http://www.und.com//sports/m-tennis/mtt/parbhu_sheeva00.htmlMTEN,ND,2006-2007,Andrew Roth,Andrew,Roth,5/9/13,160,JR,"Houston, TX/Tenney School",http://www.und.com//sports/m-tennis/mtt/roth_andrew00.htmlMTEN,ND,2006-2007,Daniel Schafer,Daniel,Schafer,6/1/00,165,FR,"Edgewood, KY/Covington Catholic",http://www.und.com//sports/m-tennis/mtt/schafer_daniel00.htmlMTEN,ND,2006-2007,Takashi Yoshii,Takashi,Yoshii,5/9/13,150,FR,"Tokyo, Japan/The American School in Japan",http://www.und.com//sports/m-tennis/mtt/yoshii_takashi00.htmlMTEN,ND,2007-2008,David Anderson,David,Anderson,5/11/13,155,FR,"Sandwich, MA/Sandwich H.S.",http://www.und.com/sports/m-tennis/mtt/anderson_david00.htmlMTEN,ND,2007-2008,Patrick Callaghan,Patrick,Callaghan,5/11/13,145,SO,"Iowa City, IA/Iowa City West",http://www.und.com/sports/m-tennis/mtt/callaghan_patrick00.htmlMTEN,ND,2007-2008,Sean Corrigan,Sean,Corrigan,6/1/00,160,SO,"Lido Beach, NY/Long Beach",http://www.und.com/sports/m-tennis/mtt/corrigan_sean00.htmlMTEN,ND,2007-2008,Tyler Davis,Tyler,Davis,5/11/13,160,FR,"Nashville, TN/Father Ryan H.S.",http://www.und.com/sports/m-tennis/mtt/davis_tyler00.htmlMTEN,ND,2007-2008,Stephen Havens,Stephen,Havens,5/11/13,170,FR,"Cincinnati, OH/Hill Christian School",http://www.und.com/sports/m-tennis/mtt/havens_stephen00.htmlMTEN,ND,2007-2008,Brett Helgeson,Brett,Helgeson,6/4/13,180,JR,"Overland Park, KS/Blue Valley West",http://www.und.com/sports/m-tennis/mtt/helgeson_brett00.htmlMTEN,ND,2007-2008,Matt Johnson,Matt,Johnson,5/11/13,155,FR,"Portage, MI/Portage Central H.S.",http://www.und.com/sports/m-tennis/mtt/johnson_matt00.htmlMTEN,ND,2007-2008,Graham King,Graham,King,6/2/13,180,SO,"Dublin, Ireland/Gonzaga College",http://www.und.com/sports/m-tennis/mtt/king_graham00.htmlMTEN,ND,2007-2008,Santiago Montoya,Santiago,Montoya,6/1/13,165,JR,"Austin, TX/St. Stephen's Episcopal School",http://www.und.com/sports/m-tennis/mtt/montoya_santiago00.htmlMTEN,ND,2007-2008,Sheeva Parbhu,Sheeva,Parbhu,5/11/13,150,SR,"Omaha, NE/Millard North",http://www.und.com/sports/m-tennis/mtt/parbhu_sheeva00.htmlMTEN,ND,2007-2008,Andrew Roth,Andrew,Roth,5/9/13,160,SR,"Houston, TX/Tenney School",http://www.und.com/sports/m-tennis/mtt/roth_andrew00.htmlMTEN,ND,2007-2008,Daniel Schafer,Daniel,Schafer,6/1/00,165,SO,"Edgewood, KY/Covington Catholic",http://www.und.com/sports/m-tennis/mtt/schafer_daniel00.htmlMTEN,ND,2007-2008,Daniel Stahl,Daniel,Stahl,5/10/13,150,FR,"Bethesda, MD/Walt Whitman H.S.",http://www.und.com/sports/m-tennis/mtt/stahl_daniel00.htmlMTEN,ND,2007-2008,Sean Tan,Sean,Tan,5/8/13,140,FR,"Lakewood, CA/Lakewood H.S.",http://www.und.com/sports/m-tennis/mtt/tan_sean00.htmlMTEN,ND,2007-2008,Takashi Yoshii,Takashi,Yoshii,5/9/13,150,SO,"Tokyo, Japan/The American School in Japan",http://www.und.com/sports/m-tennis/mtt/yoshii_takashi00.htmlMTEN,ND,2008-2009,David Anderson,David,Anderson,5/11/13,155,SO,"Sandwich, MA/Sandwich H.S.",http://www.und.com/sports/m-tennis/mtt/anderson_david00.htmlMTEN,ND,2008-2009,Daven Brodess,Daven,Brodess,6/1/13,165,FR,"Austin, TX/Lake Travis",http://www.und.com/sports/m-tennis/mtt/brodess_daven00.htmlMTEN,ND,2008-2009,Patrick Callaghan,Patrick,Callaghan,5/11/13,145,JR,"Iowa City, IA/Iowa City West",http://www.und.com/sports/m-tennis/mtt/callaghan_patrick00.htmlMTEN,ND,2008-2009,Sean Corrigan,Sean,Corrigan,6/1/00,160,JR,"Lido Beach, NY/Long Beach",http://www.und.com/sports/m-tennis/mtt/corrigan_sean00.htmlMTEN,ND,2008-2009,Tyler Davis,Tyler,Davis,5/11/13,160,SO,"Nashville, TN/Father Ryan H.S.",http://www.und.com/sports/m-tennis/mtt/davis_tyler00.htmlMTEN,ND,2008-2009,Niall Fitzgerald,Niall,Fitzgerald,5/11/13,155,FR,"Wicklow, Ireland/Blackrock College",http://www.und.com/sports/m-tennis/mtt/fitzgerald_niall00.htmlMTEN,ND,2008-2009,Stephen Havens,Stephen,Havens,5/11/13,170,SO,"Cincinnati, OH/Hill Christian School",http://www.und.com/sports/m-tennis/mtt/havens_stephen00.htmlMTEN,ND,2008-2009,Brett Helgeson,Brett,Helgeson,6/4/13,180,SR,"Overland Park, KS/Blue Valley West",http://www.und.com/sports/m-tennis/mtt/helgeson_brett00.htmlMTEN,ND,2008-2009,Matt Johnson,Matt,Johnson,5/11/13,155,SO,"Portage, MI/Portage Central H.S.",http://www.und.com/sports/m-tennis/mtt/johnson_matt00.htmlMTEN,ND,2008-2009,Samuel Keeton,Samuel,Keeton,6/2/13,155,FR,"Kansas City, MO/The Pembroke Hill School",http://www.und.com/sports/m-tennis/mtt/keeton_samuel00.htmlMTEN,ND,2008-2009,Bryan Kelly,Bryan,Kelly,6/1/13,185,SO,"North Oaks, MN/Mounds Park Academy",http://www.und.com/sports/m-tennis/mtt/kelly_bryan00.htmlMTEN,ND,2008-2009,Graham King,Graham,King,6/2/13,180,JR,"Dublin, Ireland/Gonzaga College",http://www.und.com/sports/m-tennis/mtt/king_graham00.htmlMTEN,ND,2008-2009,Santiago Montoya,Santiago,Montoya,6/1/13,165,SR,"Austin, TX/St. Stephen's Episcopal School",http://www.und.com/sports/m-tennis/mtt/montoya_santiago00.htmlMTEN,ND,2008-2009,Daniel Schafer,Daniel,Schafer,,165,JR,"Edgewood, KY/Covington Catholic",http://www.und.com/sports/m-tennis/mtt/schafer_daniel00.htmlMTEN,ND,2008-2009,Daniel Stahl,Daniel,Stahl,5/10/13,150,SO,"Bethesda, MD/Walt Whitman H.S.",http://www.und.com/sports/m-tennis/mtt/stahl_daniel00.htmlMTEN,ND,2008-2009,Sean Tan,Sean,Tan,5/8/13,140,SO,"Lakewood, CA/Lakewood H.S.",http://www.und.com/sports/m-tennis/mtt/tan_sean00.htmlMTEN,ND,2008-2009,Casey Watt,Casey,Watt,6/1/00,165,FR,"Gibsonia, PA/Pine-Richland",http://www.und.com/sports/m-tennis/mtt/watt_casey00.htmlMTEN,ND,2008-2009,Takashi Yoshii,Takashi,Yoshii,5/9/13,150,JR,"Tokyo, Japan/The American School in Japan",http://www.und.com/sports/m-tennis/mtt/yoshii_takashi00.htmlMTEN,ND,2009-2010,David Anderson,David,Anderson,5/11/13,155,JR,"Sandwich, MA/Sandwich H.S.",http://www.und.com/sports/m-tennis/mtt/anderson_david00.htmlMTEN,ND,2009-2010,Daven Brodess,Daven,Brodess,6/1/13,165,SO,"Austin, TX/Lake Travis",http://www.und.com/sports/m-tennis/mtt/brodess_daven00.htmlMTEN,ND,2009-2010,Patrick Callaghan,Patrick,Callaghan,5/11/13,145,SR,"Iowa City, IA/Iowa City West",http://www.und.com/sports/m-tennis/mtt/callaghan_patrick00.htmlMTEN,ND,2009-2010,Tyler Davis,Tyler,Davis,5/11/13,160,JR,"Nashville, TN/Father Ryan H.S.",http://www.und.com/sports/m-tennis/mtt/davis_tyler00.htmlMTEN,ND,2009-2010,Niall Fitzgerald,Niall,Fitzgerald,5/11/13,155,SO,"Wicklow, Ireland/Blackrock College",http://www.und.com/sports/m-tennis/mtt/fitzgerald_niall00.htmlMTEN,ND,2009-2010,Stephen Havens,Stephen,Havens,5/11/13,170,JR,"Cincinnati, OH/Hill Christian School",http://www.und.com/sports/m-tennis/mtt/havens_stephen00.htmlMTEN,ND,2009-2010,Matt Johnson,Matt,Johnson,5/11/13,155,JR,"Portage, MI/Portage Central H.S.",http://www.und.com/sports/m-tennis/mtt/johnson_matt00.htmlMTEN,ND,2009-2010,Samuel Keeton,Samuel,Keeton,6/2/13,155,SO,"Kansas City, MO/The Pembroke Hill School",http://www.und.com/sports/m-tennis/mtt/keeton_samuel00.htmlMTEN,ND,2009-2010,Bryan Kelly,Bryan,Kelly,6/1/13,185,JR,"North Oaks, MN/Mounds Park Academy",http://www.und.com/sports/m-tennis/mtt/kelly_bryan00.htmlMTEN,ND,2009-2010,Michael Moore,Michael,Moore,6/2/13,180,FR,"Glenview, IL/Glenbrook South",http://www.und.com/sports/m-tennis/mtt/moore_michael00.htmlMTEN,ND,2009-2010,Blas Moros,Blas,Moros,6/1/00,178,FR,"Boca Raton, FL/Pine Crest School",http://www.und.com/sports/m-tennis/mtt/moros_blas00.htmlMTEN,ND,2009-2010,Daniel Stahl,Daniel,Stahl,5/10/13,150,JR,"Bethesda, MD/Walt Whitman H.S.",http://www.und.com/sports/m-tennis/mtt/stahl_daniel00.htmlMTEN,ND,2009-2010,Spencer Talmadge,Spencer,Talmadge,6/2/13,230,FR,"Hillsborough, CA/Junipero Serra",http://www.und.com/sports/m-tennis/mtt/talmadge_spencer00.htmlMTEN,ND,2009-2010,Sean Tan,Sean,Tan,5/8/13,140,JR,"Lakewood, CA/Lakewood H.S.",http://www.und.com/sports/m-tennis/mtt/tan_sean00.htmlMTEN,ND,2009-2010,Casey Watt,Casey,Watt,6/1/00,165,SO,"Gibsonia, PA/Pine-Richland",http://www.und.com/sports/m-tennis/mtt/watt_casey00.htmlMTEN,ND,2009-2010,Takashi Yoshii,Takashi,Yoshii,5/9/13,150,SR,"Tokyo, Japan/The American School in Japan",http://www.und.com/sports/m-tennis/mtt/yoshii_takashi00.htmlMTEN,ND,2010-2011,David Anderson,David,Anderson,5/11/13,155,SR,"Sandwich, MA/Sandwich",http://www.und.com/sports/m-tennis/mtt/anderson_david00.htmlMTEN,ND,2010-2011,Greg Andrews,Greg,Andrews,5/11/13,165,FR,"Richland, MI/Gull Lake",http://www.und.com/sports/m-tennis/mtt/andrews_greg00.htmlMTEN,ND,2010-2011,Ryan Bandy,Ryan,Bandy,6/1/13,170,FR,"Cincinnati, OH/St. Xavier",http://www.und.com/sports/m-tennis/mtt/bandy_ryan00.htmlMTEN,ND,2010-2011,Daven Brodess,Daven,Brodess,6/1/13,165,JR,"Austin, TX/Lake Travis",http://www.und.com/sports/m-tennis/mtt/brodess_daven00.htmlMTEN,ND,2010-2011,Tyler Davis,Tyler,Davis,5/11/13,160,SR,"Nashville, TN/Father Ryan",http://www.und.com/sports/m-tennis/mtt/davis_tyler00.htmlMTEN,ND,2010-2011,Matt Dooley,Matt,Dooley,5/10/13,155,FR,"New Braunfels, TX/New Braunfels",http://www.und.com/sports/m-tennis/mtt/dooley_matt00.htmlMTEN,ND,2010-2011,Niall Fitzgerald,Niall,Fitzgerald,5/11/13,155,JR,"Wicklow, Ireland/Blackrock College",http://www.und.com/sports/m-tennis/mtt/fitzgerald_niall00.htmlMTEN,ND,2010-2011,Stephen Havens,Stephen,Havens,5/11/13,170,SR,"Cincinnati, OH/Cincinnati Hills Christian Academy",http://www.und.com/sports/m-tennis/mtt/havens_stephen00.htmlMTEN,ND,2010-2011,Matt Johnson,Matt,Johnson,5/11/13,155,SR,"Portage, MI/Portage Central",http://www.und.com/sports/m-tennis/mtt/johnson_matt00.htmlMTEN,ND,2010-2011,Samuel Keeton,Samuel,Keeton,6/2/13,155,JR,"Kansas City, MO/Pembroke Hill",http://www.und.com/sports/m-tennis/mtt/keeton_samuel00.htmlMTEN,ND,2010-2011,Bryan Kelly,Bryan,Kelly,6/1/13,185,SR,"North Oaks, MN/Mounds Park Academy",http://www.und.com/sports/m-tennis/mtt/kelly_bryan00.htmlMTEN,ND,2010-2011,Michael Moore,Michael,Moore,6/2/13,180,SO,"Glenview, IL/Glenbrook South",http://www.und.com/sports/m-tennis/mtt/moore_michael00.htmlMTEN,ND,2010-2011,Blas Moros,Blas,Moros,6/1/00,178,SO,"Boca Raton, FL/Pine Crest",http://www.und.com/sports/m-tennis/mtt/moros_blas00.htmlMTEN,ND,2010-2011,Billy Pecor,Billy,Pecor,6/2/13,185,FR,"Scottsdale, AZ/Chaparral",http://www.und.com/sports/m-tennis/mtt/pecor_billy00.htmlMTEN,ND,2010-2011,Daniel Stahl,Daniel,Stahl,5/10/13,150,SR,"Bethesda, MD/Walt Whitman",http://www.und.com/sports/m-tennis/mtt/stahl_daniel00.htmlMTEN,ND,2010-2011,Spencer Talmadge,Spencer,Talmadge,6/2/13,230,SO,"Hillsborough, CA/Junipero Serra",http://www.und.com/sports/m-tennis/mtt/talmadge_spencer00.htmlMTEN,ND,2010-2011,Sean Tan,Sean,Tan,5/8/13,140,SR,"Lakewood, CA/Lakewood",http://www.und.com/sports/m-tennis/mtt/tan_sean00.htmlMTEN,ND,2010-2011,Casey Watt,Casey,Watt,6/1/00,165,JR,"Gibsonia, PA/Pine-Richland",http://www.und.com/sports/m-tennis/mtt/watt_casey00.htmlMTEN,ND,2011-2012,Greg Andrews,Greg,Andrews,5/11/13,165,SO,"Richland, MI/Gull Lake",http://www.und.com/sports/m-tennis/mtt/andrews_greg00.htmlMTEN,ND,2011-2012,Ryan Bandy,Ryan,Bandy,6/1/13,170,SO,"Cincinnati, OH/St. Xavier",http://www.und.com/sports/m-tennis/mtt/bandy_ryan00.htmlMTEN,ND,2011-2012,Dougie Barnard,Dougie,Barnard,5/10/13,150,FR,"Indianapolis, IN/Brebeuf Jesuit",http://www.und.com/sports/m-tennis/mtt/barnard_dougie00.htmlMTEN,ND,2011-2012,Daven Brodess,Daven,Brodess,6/1/13,165,SR,"Austin, TX/Lake Travis",http://www.und.com/sports/m-tennis/mtt/brodess_daven00.htmlMTEN,ND,2011-2012,Matt Dooley,Matt,Dooley,5/10/13,155,SO,"New Braunfels, TX/New Braunfels",http://www.und.com/sports/m-tennis/mtt/dooley_matt00.htmlMTEN,ND,2011-2012,Niall Fitzgerald,Niall,Fitzgerald,5/11/13,155,SR,"Wicklow, Ireland/Blackrock College",http://www.und.com/sports/m-tennis/mtt/fitzgerald_niall00.htmlMTEN,ND,2011-2012,Michael Fredericka,Michael,Fredericka,6/1/13,155,FR,"Warren, OH/John F. Kennedy",http://www.und.com/sports/m-tennis/mtt/fredericka_michael00.htmlMTEN,ND,2011-2012,Sam Keeton,Sam,Keeton,6/2/13,155,SR,"Kansas City, MO/Pembroke Hill",http://www.und.com/sports/m-tennis/mtt/keeton_sam00.htmlMTEN,ND,2011-2012,Wyatt McCoy,Wyatt,McCoy,5/9/13,140,FR,"Shoreview, MN/Mounds View",http://www.und.com/sports/m-tennis/mtt/mccoy_wyatt00.htmlMTEN,ND,2011-2012,Michael Moore,Michael,Moore,6/2/13,180,JR,"Glenview, IL/Glenbrook South",http://www.und.com/sports/m-tennis/mtt/moore_michael00.htmlMTEN,ND,2011-2012,Blas Moros,Blas,Moros,6/1/00,178,JR,"Boca Raton, FL/Pine Crest",http://www.und.com/sports/m-tennis/mtt/moros_blas00.htmlMTEN,ND,2011-2012,Billy Pecor,Billy,Pecor,6/2/13,185,SO,"Scottsdale, AZ/Chaparral",http://www.und.com/sports/m-tennis/mtt/pecor_billy00.htmlMTEN,ND,2011-2012,Spencer Talmadge,Spencer,Talmadge,6/2/13,230,JR,"Hillsborough, CA/Junipero Serra",http://www.und.com/sports/m-tennis/mtt/talmadge_spencer00.htmlMTEN,ND,2011-2012,Casey Watt,Casey,Watt,6/1/00,165,SR,"Gibsonia, PA/Pine-Richland",http://www.und.com/sports/m-tennis/mtt/watt_casey00.htmlMTEN,ND,2012-2013,Greg Andrews,Greg,Andrews,5/11/13,165,JR,"Richland, MI/Gull Lake",http://www.und.com/sports/m-tennis/mtt/greg_andrews_718519.htmlMTEN,ND,2012-2013,Ryan Bandy,Ryan,Bandy,6/1/13,170,JR,"Cincinnati, OH/St. Xavier",http://www.und.com/sports/m-tennis/mtt/ryan_bandy_718520.htmlMTEN,ND,2012-2013,Dougie Barnard,Dougie,Barnard,5/10/13,150,SO,"Indianapolis, IN/Brebeuf Jesuit",http://www.und.com/sports/m-tennis/mtt/dougie_barnard_787127.htmlMTEN,ND,2012-2013,Matt Dooley,Matt,Dooley,5/10/13,155,JR,"New Braunfels, TX/New Braunfels",http://www.und.com/sports/m-tennis/mtt/matt_dooley_718521.htmlMTEN,ND,2012-2013,Michael Fredericka,Michael,Fredericka,6/1/13,155,SO,"Warren, OH/John F. Kennedy",http://www.und.com/sports/m-tennis/mtt/michael_fredericka_771474.htmlMTEN,ND,2012-2013,Alex Lawson,Alex,Lawson,6/3/13,165,FR,"Tempe, AZ/Corona Del Sol",http://www.und.com/sports/m-tennis/mtt/alex_lawson_810337.htmlMTEN,ND,2012-2013,Wyatt McCoy,Wyatt,McCoy,5/9/13,140,SO,"Shoreview, MN/Mounds View",http://www.und.com/sports/m-tennis/mtt/wyatt_mccoy_771472.htmlMTEN,ND,2012-2013,Quentin Monaghan,Quentin,Monaghan,6/1/00,142,FR,"Chatham, NJ/Chatham",http://www.und.com/sports/m-tennis/mtt/quentin_monaghan_810338.htmlMTEN,ND,2012-2013,Nicolas Montoya,Nicolas,Montoya,5/9/13,150,FR,"Scottsdale, AZ/Horizon",http://www.und.com/sports/m-tennis/mtt/nicolas_montoya_810339.htmlMTEN,ND,2012-2013,Michael Moore,Michael,Moore,6/2/13,180,SR,"Glenview, IL/Glenbrook South",http://www.und.com/sports/m-tennis/mtt/michael_moore_477855.htmlMTEN,ND,2012-2013,Blas Moros,Blas,Moros,6/1/00,178,SR,"Boca Raton, FL/Pine Crest",http://www.und.com/sports/m-tennis/mtt/blas_moros_477853.htmlMTEN,ND,2012-2013,Billy Pecor,Billy,Pecor,6/2/13,185,JR,"Houston, Texas/Chaparral (AZ)",http://www.und.com/sports/m-tennis/mtt/billy_pecor_718523.htmlMTEN,ND,2012-2013,Kenneth Sabacinski,Kenneth,Sabacinski,5/8/13,140,FR,"Plantation, FL/American Heritage",http://www.und.com/sports/m-tennis/mtt/kenneth_sabacinski_810340.htmlMTEN,ND,2012-2013,Eric Schnurrenberger,Eric,Schnurrenberger,5/9/13,176,FR,"Zug, Switzerland/Kantonsschule Alpenquai Lucerne",http://www.und.com/sports/m-tennis/mtt/eric_schnurrenberger_810341.htmlMTEN,ND,2012-2013,Spencer Talmadge,Spencer,Talmadge,6/2/13,230,SR,"Hillsborough, CA/Junipero Serra",http://www.und.com/sports/m-tennis/mtt/spencer_talmadge_477856.html