Number,Player,PlayerBio_URL,Position,Height,Weight,Year,Hometown,City,State,High_School,Prior_College,ID_Player_Race,Formal_Stated_Major,College_Major_Group,DBPediaCollege_Name,Season74,Dustin Adams,http://www.niuhuskies.com/sports/m-footbl/mtt/adams_dustin00.html,OL,6/3/13,306,FR,"Minot, ND",Minot,ND,Minot,,,,,Northern Illinois University,2012-201351,Zach Anderson,http://www.niuhuskies.com/sports/m-footbl/mtt/anderson_zach00.html,DT,6/1/13,300,RS JR,"Ladysmith, WI",Ladysmith,WI,Ladysmith,,,,,Northern Illinois University,2012-201364,Sal Arceo,http://www.niuhuskies.com/sports/m-footbl/mtt/arceo_sal00.html,OL,6/1/13,292,FR,"Chicago, IL",Chicago,IL,Mt. Carmel,,,,,Northern Illinois University,2012-20137,Perez Ashford,http://www.niuhuskies.com/sports/m-footbl/mtt/ashford_perez00.html,WR,5/11/13,182,SR,"Shaker Heights, OH",Shaker Heights,OH,Shaker Heights,,,,,Northern Illinois University,2012-201353,Matthew Baltimore,http://www.niuhuskies.com/sports/m-footbl/mtt/baltimore_matthew00.html,DE,6/3/13,230,FR,"Overland Park, KS",Overland Park,KS,Olathe East,,,,,Northern Illinois University,2012-20136,Jamaal Bass,http://www.niuhuskies.com/sports/m-footbl/mtt/bass_jamaal00.html,LB,5/10/13,225,RS SO,"Miramar, FL",Miramar,FL,Miramar,,,,,Northern Illinois University,2012-201366,Matt Battaglia,http://www.niuhuskies.com/sports/m-footbl/mtt/battaglia_matt00.html,OL,6/3/13,287,SR,"Chicago, IL",Chicago,IL,Marist,Harper College,,,,Northern Illinois University,2012-201390,Alan Baxter,http://www.niuhuskies.com/sports/m-footbl/mtt/baxter_alan00.html,DE,6/1/00,240,SR,"Buffalo Grove, IL",Buffalo Grove,IL,Buffalo Grove,,,,,Northern Illinois University,2012-201393,Ken Bishop,http://www.niuhuskies.com/sports/m-footbl/mtt/bishop_ken00.html,DT,6/1/13,308,JR,"Sunrise, FL",Sunrise,FL,Piper,Ellsworth Community College,,,,Northern Illinois University,2012-201325,Giorgio Bowers,http://www.niuhuskies.com/sports/m-footbl/mtt/bowers_giorgio00.html,RB,5/8/13,218,RS SO,"Olympia Fields, IL",Olympia Fields,IL,Rich Central,Akron,,,,Northern Illinois University,2012-201382,Juwan Brescacin,http://www.niuhuskies.com/sports/m-footbl/mtt/brescacin_juwan00.html,WR,6/4/13,219,RS FR,"Mississauga, Ont.",Mississauga,ON,Culver Academy,,,,,Northern Illinois University,2012-201386,Jacob Brinlee,http://www.niuhuskies.com/sports/m-footbl/mtt/brinlee_jacob00.html,WR,5/9/13,185,FR,"Lake Zurich, IL",Lake Zurich,IL,Lake Zurich,Fork Union Military Academy,,,,Northern Illinois University,2012-201331,Anthony Brooks,http://www.niuhuskies.com/sports/m-footbl/mtt/brooks_anthony00.html,CB,5/11/13,175,FR,"Detroit, MI",Detroit,MI,Warren Mott,,,,,Northern Illinois University,2012-20134,Da'Ron Brown,http://www.niuhuskies.com/sports/m-footbl/mtt/brown_daron00.html,WR,6/1/00,194,RS SO,"Chicago, IL",Chicago,IL,Morgan Park,,,,,Northern Illinois University,2012-201368,Ron Brown,http://www.niuhuskies.com/sports/m-footbl/mtt/brown_ron00.html,OL,6/3/13,377,FR,"Detroit, MI",Detroit,MI,Mumford,,,,,Northern Illinois University,2012-201378,Ryan Brown,http://www.niuhuskies.com/sports/m-footbl/mtt/brown_ryan00.html,OL,6/6/13,283,RS SO,"Elburn, IL",Elburn,IL,St. Charles North,,,,,Northern Illinois University,2012-201336,Tyrone Clark,http://www.niuhuskies.com/sports/m-footbl/mtt/clark_tyrone00.html,LB,5/10/13,219,SR,"St. Louis, MO",St. Louis,MO,Mehlville,,,,,Northern Illinois University,2012-201354,Cameron Clinton-Earl,http://www.niuhuskies.com/sports/m-footbl/mtt/clintonearl_cameron00.html,DE,6/1/13,244,RS FR,"Milwaukee, WI",Milwaukee,WI,Hamilton,,,,,Northern Illinois University,2012-201361,Aidan Conlon,http://www.niuhuskies.com/sports/m-footbl/mtt/conlon_aidan00.html,OL,6/3/13,287,RS FR,"Flossmoor, IL",Flossmoor,IL,Homewood-Flossmoor,,,,,Northern Illinois University,2012-201348,Ricky Connors,http://www.niuhuskies.com/sports/m-footbl/mtt/connors_ricky00.html,FB,6/1/13,246,RS SO,"Powder Springs, GA",Powder Springs,GA,Harrison,,,,,Northern Illinois University,2012-201358,Mike Cotton,http://www.niuhuskies.com/sports/m-footbl/mtt/cotton_mike00.html,LB,6/1/13,224,FR,"O'Fallon, IL",O'Fallon,IL,O'Fallon Township,,,,,Northern Illinois University,2012-20133,Akeem Daniels,http://www.niuhuskies.com/sports/m-footbl/mtt/daniels_akeem00.html,RB,5/7/13,184,JR,"Kissimmee, FL",Kissimmee,FL,Osceola,,,,,Northern Illinois University,2012-201321,Dechane Durante,http://www.niuhuskies.com/sports/m-footbl/mtt/durante_dechane00.html,S,6/2/13,196,RS SO,"Charlotte, NC",Charlotte,NC,Vance,,,,,Northern Illinois University,2012-201319,Johnny Eagan,http://www.niuhuskies.com/sports/m-footbl/mtt/eagan_johnny00.html,QB,6/1/00,200,FR,"Wautoma, WI",Wautoma,WI,Wautoma,,,,,Northern Illinois University,2012-201383,Luke Eakes,http://www.niuhuskies.com/sports/m-footbl/mtt/eakes_luke00.html,TE,6/3/13,250,RS SO,"St. Marys, KS",St. Marys,KS,St. Marys,,,,,Northern Illinois University,2012-20132,Sean Evans,http://www.niuhuskies.com/sports/m-footbl/mtt/evans_sean00.html,CB,5/10/13,174,RS JR,"Ft. Walton Beach, FL",Ft. Walton Beach,FL,Ft. Walton Beach,,,,,Northern Illinois University,2012-201328,Jhony Faustin,http://www.niuhuskies.com/sports/m-footbl/mtt/faustin_jhony00.html,CB,5/8/13,174,JR,"Naples, FL",Naples,FL,Lely,Ellsworth Community College,,,,Northern Illinois University,2012-20138,Ladell Fleming,http://www.niuhuskies.com/sports/m-footbl/mtt/fleming_ladell00.html,LB,6/1/00,194,FR,"Chicago, IL",Chicago,IL,Julian,,,,,Northern Illinois University,2012-201344,Perez Ford,http://www.niuhuskies.com/sports/m-footbl/mtt/ford_perez00.html,RB,6/1/00,218,FR,"Romeoville, IL",Romeoville,IL,Romeoville,,,,,Northern Illinois University,2012-201359,Michael Gegner,http://www.niuhuskies.com/sports/m-footbl/mtt/gegner_michael00.html,C,6/3/13,283,RS SO,"Indianapolis, IN",Indianapolis,IN,Warren Central,,,,,Northern Illinois University,2012-201381,Clayton Glasper,http://www.niuhuskies.com/sports/m-footbl/mtt/glasper_clayton00.html,WR,6/4/13,202,FR,"Peoria, IL",Peoria,IL,Richwoods,,,,,Northern Illinois University,2012-201394,Donovan Gordon,http://www.niuhuskies.com/sports/m-footbl/mtt/gordon_donovan00.html,DT,6/1/00,275,RS SO,"Kansas City, MO",Kansas City,MO,Raytown South,Nebraska-Omaha,,,,Northern Illinois University,2012-201350,Ryan Gorrell,http://www.niuhuskies.com/sports/m-footbl/mtt/gorrell_ryan00.html,LB,6/1/13,225,RS SO,"Westchester, IL",Westchester,IL,Montini Catholic,Minnesota State,,,,Northern Illinois University,2012-201356,Daniel Green,http://www.niuhuskies.com/sports/m-footbl/mtt/green_daniel00.html,DE,6/1/13,242,RS SR,"Oak Park, IL",Oak Park,IL,Oak Park,River Forest,,,,Northern Illinois University,2012-201360,David Green,http://www.niuhuskies.com/sports/m-footbl/mtt/green_david00.html,DL,6/2/13,315,RS SO,"Oak Park, Ill.",Oak Park,ILL,Oak Park,Triton College,,,,Northern Illinois University,2012-201380,Jordan Gruettner,http://www.niuhuskies.com/sports/m-footbl/mtt/gruettner_jordan00.html,P,5/11/13,225,FR,"Muskego, Wis.",Muskego,WIS,Muskego,,,,,Northern Illinois University,2012-201312,Drew Hare,http://www.niuhuskies.com/sports/m-footbl/mtt/hare_drew00.html,QB,6/1/13,200,FR,"O'Fallon, MO",O'Fallon,MO,Fort Zumwalt West,,,,,Northern Illinois University,2012-201320,Keith Harris Jr.,http://www.niuhuskies.com/sports/m-footbl/mtt/harrisjr_keith00.html,RB,5/8/13,181,FR,"Chicago, IL",Chicago,IL,Leo,,,,,Northern Illinois University,2012-201317,Marckie Hayes,http://www.niuhuskies.com/sports/m-footbl/mtt/hayes_marckie00.html,CB,5/8/13,176,RS SO,"Sycamore, IL",Sycamore,IL,Sycamore,,,,,Northern Illinois University,2012-201341,Cody Hazelett,http://www.niuhuskies.com/sports/m-footbl/mtt/hazelett_cody00.html,LB,6/2/13,200,FR,"Inver Grove Heights, MN",Inver Grove Heights,MN,Simley,,,,,Northern Illinois University,2012-201357,Cornelius Henry,http://www.niuhuskies.com/sports/m-footbl/mtt/henry_cornelius00.html,DT,6/1/00,250,RS SO,"Chicago, Ill.",Chicago,ILL,Fenger Academy,,,,,Northern Illinois University,2012-201398,Lincoln Howard,http://www.niuhuskies.com/sports/m-footbl/mtt/howard_lincoln00.html,TE,6/5/13,285,FR,"Osceola, WI",Osceola,WI,Osceola,,,,,Northern Illinois University,2012-201362,Patrick Husain,http://www.niuhuskies.com/sports/m-footbl/mtt/husain_patrick00.html,OL,6/7/13,309,JR,"Evanston, IL",Evanston,IL,Evanston Township,Tulane,,,,Northern Illinois University,2012-201396,Michael Ippolito,http://www.niuhuskies.com/sports/m-footbl/mtt/ippolito_michael00.html,DE,6/3/13,259,FR,"Naperville, IL",Naperville,IL,Neuqua Valley,,,,,Northern Illinois University,2012-201316,Charles Ivory,http://www.niuhuskies.com/sports/m-footbl/mtt/ivory_charles00.html,CB,6/1/00,160,FR,"Vero Beach, FL",Vero Beach,FL,Vero Beach,,,,,Northern Illinois University,2012-201340,Victor Jacques,http://www.niuhuskies.com/sports/m-footbl/mtt/jacques_victor00.html,LB,5/11/13,228,RS SR,"Miami, FL",Miami,FL,Christopher Columbus,,,,,Northern Illinois University,2012-201399,Nabal Jefferson,http://www.niuhuskies.com/sports/m-footbl/mtt/jefferson_nabal00.html,DT,6/1/00,287,SR,"Chicago, IL",Chicago,IL,Marist,,,,,Northern Illinois University,2012-201392,Mario Jones,http://www.niuhuskies.com/sports/m-footbl/mtt/jones_mario00.html,DT,,275,FR,"Chicago, IL",Chicago,IL,Hubbard,,,,,Northern Illinois University,2012-201373,Matt Killian,http://www.niuhuskies.com/sports/m-footbl/mtt/killian_matt00.html,OL,6/5/13,303,RS FR,"O'Fallon, MO",O'Fallon,MO,Francis Howell,,,,,Northern Illinois University,2012-201379,Matt Krempel,http://www.niuhuskies.com/sports/m-footbl/mtt/krempel_matt00.html,OL,6/5/13,307,RS JR,"Columbus, IN",Columbus,IN,Columbus North,,,,,Northern Illinois University,2012-20139,Rasheen Lemon,http://www.niuhuskies.com/sports/m-footbl/mtt/lemon_rasheen00.html,S,6/1/00,206,RS FR,"Chicago, IL",Chicago,IL,Proviso West,,,,,Northern Illinois University,2012-201310,Tommylee Lewis,http://www.niuhuskies.com/sports/m-footbl/mtt/lewis_tommylee01.html,WR,5/7/13,155,SO,"Riviera Beach, FL",Riviera Beach,FL,W.T. Dwyer,,,,,Northern Illinois University,2012-201363,Larry Lloyd,http://www.niuhuskies.com/sports/m-footbl/mtt/lloyd_larry00.html,DT,6/1/00,244,RS SO,"Chicago, IL",Chicago,IL,Glenbard East,,,,,Northern Illinois University,2012-201329,Paris Logan,http://www.niuhuskies.com/sports/m-footbl/mtt/logan_paris00.html,CB,5/9/13,179,RS FR,"Columbia, MO",Columbia,MO,Rock Bridge,,,,,Northern Illinois University,2012-201375,Tyler Loos,http://www.niuhuskies.com/sports/m-footbl/mtt/loos_tyler00.html,OL,6/5/13,282,RS SO,"Sterling, IL",Sterling,IL,Sterling,,,,,Northern Illinois University,2012-20136,Jordan Lynch,http://www.niuhuskies.com/sports/m-footbl/mtt/lynch_jordan00.html,QB,6/1/00,216,RS JR,"Chicago, IL",Chicago,IL,Mt. Carmel,,,,,Northern Illinois University,2012-201380,DeVonte' Majors,http://www.niuhuskies.com/sports/m-footbl/mtt/majors_devonte01.html,WR,6/1/13,237,RS FR,"O'Fallon, MO",O'Fallon,MO,Fort Zumwalt West,,,,,Northern Illinois University,2012-201337,Desroy Maxwell,http://www.niuhuskies.com/sports/m-footbl/mtt/maxwell_desroy00.html,TE,6/2/13,245,FR,"Evanston, IL",Evanston,IL,Amundsen,,,,,Northern Illinois University,2012-201384,Brian Mayer,http://www.niuhuskies.com/sports/m-footbl/mtt/mayer_brian00.html,DS,6/2/13,205,RS SO,"Orland Park, IL",Orland Park,IL,Carl Sandburg,,,,,Northern Illinois University,2012-201345,Boomer Mays,http://www.niuhuskies.com/sports/m-footbl/mtt/mays_boomer00.html,LB,6/1/00,230,RS FR,"Lawrence, KS",Lawrence,KS,Eudora,,,,,Northern Illinois University,2012-20139,Matt McIntosh,http://www.niuhuskies.com/sports/m-footbl/mtt/mcintosh_matt00.html,QB,6/1/13,197,RS FR,"Evansville, IN",Evansville,IN,Reitz,,,,,Northern Illinois University,2012-201332,Nate McNeal,http://www.niuhuskies.com/sports/m-footbl/mtt/mcneal_nate00.html,S,5/10/13,171,RS JR,"Chicago, IL",Chicago,IL,Thornwood,Harper College,,,,Northern Illinois University,2012-201349,Jason Meehan,http://www.niuhuskies.com/sports/m-footbl/mtt/meehan_jason00.html,DE,6/1/13,241,SO,"St. Louis, MO",St. Louis,MO,Webster Groves,,,,,Northern Illinois University,2012-201311,Rashaan Melvin,http://www.niuhuskies.com/sports/m-footbl/mtt/melvin_rashaan00.html,CB,6/2/13,193,RS SR,"Waukegan, IL",Waukegan,IL,Waukegan,,,,,Northern Illinois University,2012-201313,Charlie Miller,http://www.niuhuskies.com/sports/m-footbl/mtt/miller_charlie00.html,WR,5/10/13,176,FR,"Vero Beach, FL",Vero Beach,FL,Vero Beach,,,,,Northern Illinois University,2012-201330,Marlon Moore,http://www.niuhuskies.com/sports/m-footbl/mtt/moore_marlon00.html,CB,5/9/13,180,FR,"Mobile, AL",Mobile,AL,C.F. Vigor,,,,,Northern Illinois University,2012-20131,Martel Moore,http://www.niuhuskies.com/sports/m-footbl/mtt/moore_martel00.html,WR,6/1/00,183,SR,"San Antonio, TX",San Antonio,TX,Earl Warren,,,,,Northern Illinois University,2012-201333,Tre' Moore,http://www.niuhuskies.com/sports/m-footbl/mtt/moore_tre01.html,S,5/9/13,194,RS FR,"Dayton, OH",Dayton,OH,Wayne,,,,,Northern Illinois University,2012-201338,Alex Morrow,http://www.niuhuskies.com/sports/m-footbl/mtt/morrow_alex00.html,RB,5/8/13,194,FR,"Streamwood, IL",Streamwood,IL,Streamwood,,,,,Northern Illinois University,2012-201371,Levon Myers,http://www.niuhuskies.com/sports/m-footbl/mtt/myers_levon00.html,OL,6/5/13,267,FR,"Franklin, WI",Franklin,WI,Franklin,,,,,Northern Illinois University,2012-201318,Ryan Neir,http://www.niuhuskies.com/sports/m-footbl/mtt/neir_ryan00.html,P,6/3/13,208,RS SR,"Roscoe, IL",Roscoe,IL,Hononegah,,,,,Northern Illinois University,2012-201335,Videl Nelson,http://www.niuhuskies.com/sports/m-footbl/mtt/nelson_videl00.html,LB,6/1/00,230,RS FR,"Kansas City, MO",Kansas City,MO,Staley,,,,,Northern Illinois University,2012-201355,Andrew Ness,http://www.niuhuskies.com/sports/m-footbl/mtt/ness_andrew00.html,OL,6/3/13,286,RS FR,"O'Fallon, MO",O'Fallon,MO,Christian Brothers College,,,,,Northern Illinois University,2012-201389,Stephen O'Neal,http://www.niuhuskies.com/sports/m-footbl/mtt/oneal_stephen00.html,DE,6/3/13,235,RS JR,"Park Forest, IL",Park Forest,IL,Rich East,,,,,Northern Illinois University,2012-201365,Wes Ott,http://www.niuhuskies.com/sports/m-footbl/mtt/ott_wes00.html,OL,6/3/13,281,RS SO,"Western Springs, IL",Western Springs,IL,Lyons Township,,,,,Northern Illinois University,2012-201370,Logan Pegram,http://www.niuhuskies.com/sports/m-footbl/mtt/pegram_logan00.html,OL,6/3/13,306,RS SR,"Silver Lake, KS",Silver Lake,KS,Silver Lake,,,,,Northern Illinois University,2012-201367,Tyler Pitt,http://www.niuhuskies.com/sports/m-footbl/mtt/pitt_tyler00.html,OL,6/5/13,292,RS SO,"McRae, GA",McRae,GA,Telfair County,,,,,Northern Illinois University,2012-201395,Sean Progar,http://www.niuhuskies.com/sports/m-footbl/mtt/progar_sean00.html,DE,6/2/13,254,RS SR,"Glenview, IL",Glenview,IL,Glenbrook South,,,,,Northern Illinois University,2012-201346,George Rainey,http://www.niuhuskies.com/sports/m-footbl/mtt/rainey_george00.html,DE,6/2/13,222,RS JR,"Milwaukee, WI",Milwaukee,WI,South Division,,,,,Northern Illinois University,2012-201366,Bobby Ramlet,http://www.niuhuskies.com/sports/m-footbl/mtt/ramlet_bobby00.html,DS,6/3/13,236,FR,"Appleton, WI",Appleton,WI,Xavier,,,,,Northern Illinois University,2012-201372,Josh Ruka,http://www.niuhuskies.com/sports/m-footbl/mtt/ruka_josh00.html,OL,6/6/13,295,FR,"Greenfield, WI",Greenfield,WI,Greenfield,,,,,Northern Illinois University,2012-201352,Michael Santacaterina,http://www.niuhuskies.com/sports/m-footbl/mtt/santacaterina_michael00.html,LB,5/10/13,210,RS SO,"Geneva, IL",Geneva,IL,Geneva,,,,,Northern Illinois University,2012-201387,Jason Schepler,http://www.niuhuskies.com/sports/m-footbl/mtt/schepler_jason00.html,TE,6/2/13,274,RS SR,"Sycamore, IL",Sycamore,IL,Sycamore,,,,,Northern Illinois University,2012-201385,Angelo Sebastiano,http://www.niuhuskies.com/sports/m-footbl/mtt/sebastiano_angelo00.html,WR,6/1/00,205,RS FR,"Coconut Creek, FL",Coconut Creek,FL,North Broward Prep,,,,,Northern Illinois University,2012-201388,Tim Semisch,http://www.niuhuskies.com/sports/m-footbl/mtt/semisch_tim00.html,TE,6/8/13,266,RS SO,"Omaha, NE",Omaha,NE,Millard North,Nebraska-Omaha,,,,Northern Illinois University,2012-201323,Leighton Settle,http://www.niuhuskies.com/sports/m-footbl/mtt/settle_leighton00.html,RB,5/9/13,199,JR,"Madison, WI",Madison,WI,Madison West,Fresno City Community College,,,,Northern Illinois University,2012-201399,Mathew Sims,http://www.niuhuskies.com/sports/m-footbl/mtt/sims_mathew00.html,K,5/9/13,181,JR,"Hannibal, MO",Hannibal,MO,Hannibal,,,,,Northern Illinois University,2012-201334,James Spencer,http://www.niuhuskies.com/sports/m-footbl/mtt/spencer_james00.html,RB,5/8/13,181,RS SO,"Fremont, OH",Fremont,OH,Ross,,,,,Northern Illinois University,2012-201376,Brad Steger,http://www.niuhuskies.com/sports/m-footbl/mtt/steger_brad00.html,OL,6/6/13,346,FR,"Rock Island, IL",Rock Island,IL,Rock Island,,,,,Northern Illinois University,2012-201314,Courtney Stephen,http://www.niuhuskies.com/sports/m-footbl/mtt/stephen_courtney00.html,S,6/1/00,194,RS SR,"Brampton, Ont., Canada",Brampton,ON,Turner Fenton,Wilfrid Laurier University,,,,Northern Illinois University,2012-201347,Rob Sterling,http://www.niuhuskies.com/sports/m-footbl/mtt/sterling_rob00.html,FB,5/10/13,231,SO,"Lansing, IL",Lansing,IL,T.F. South,,,,,Northern Illinois University,2012-201342,Cameron Stingily,http://www.niuhuskies.com/sports/m-footbl/mtt/stingily_cameron00.html,RB,6/1/13,244,RS SO,"Romeoville, IL",Romeoville,IL,Romeoville,,,,,Northern Illinois University,2012-201319,Demetrius Stone,http://www.niuhuskies.com/sports/m-footbl/mtt/stone_demetrius00.html,CB,5/10/13,203,SR,"Miami, FL",Miami,FL,American Senior,Coffeyville Community College,,,,Northern Illinois University,2012-201339,Mark Strbjak,http://www.niuhuskies.com/sports/m-footbl/mtt/strbjak_mark00.html,P,6/3/13,200,FR,"Munster, IN",Munster,IN,Munster,,,,,Northern Illinois University,2012-201343,Jess Striedl,http://www.niuhuskies.com/sports/m-footbl/mtt/striedl_jess00.html,TE,6/1/13,221,RS SO,"St. Charles, IL",St. Charles,IL,St. Charles East,,,,,Northern Illinois University,2012-201357,Scott Taylor,http://www.niuhuskies.com/sports/m-footbl/mtt/taylor_scott00.html,OL,6/2/13,295,FR,"Marengo, IL",Marengo,IL,Marian Central Catholic,,,,,Northern Illinois University,2012-201384,Kevin Tennenbaum,http://www.niuhuskies.com/sports/m-footbl/mtt/tennenbaum_kevin00.html,TE,6/3/13,239,RS FR,"Buffalo Grove, IL",Buffalo Grove,IL,Buffalo Grove,,,,,Northern Illinois University,2012-201369,Corey Thomas,http://www.niuhuskies.com/sports/m-footbl/mtt/thomas_corey00.html,DT,6/2/13,308,FR,"Chicago, IL",Chicago,IL,Lindblom Math & Science Academy,,,,,Northern Illinois University,2012-201377,Jared Volk,http://www.niuhuskies.com/sports/m-footbl/mtt/volk_jared00.html,OL,6/3/13,315,RS JR,"Hartland, WI",Hartland,WI,Arrowhead,,,,,Northern Illinois University,2012-201315,Jimmie Ward,http://www.niuhuskies.com/sports/m-footbl/mtt/ward_jimmie00.html,DB,5/11/13,192,JR,"Mobile, AL",Mobile,AL,Davidson,,,,,Northern Illinois University,2012-201324,Dominique Ware,http://www.niuhuskies.com/sports/m-footbl/mtt/ware_dominique00.html,CB,5/11/13,180,RS JR,"Bolingbrook, IL",Bolingbrook,IL,Plainfield North,,,,,Northern Illinois University,2012-201326,Tyler Wedel,http://www.niuhuskies.com/sports/m-footbl/mtt/wedel_tyler00.html,P/K,5/11/13,186,SO,"McFarland, WI",McFarland,WI,McFarland,,,,,Northern Illinois University,2012-201391,Anthony Wells,http://www.niuhuskies.com/sports/m-footbl/mtt/wells_anthony00.html,DT,6/3/13,276,RS JR,"North Chicago, IL",North Chicago,IL,North Chicago,,,,,Northern Illinois University,2012-201322,Jamison Wells,http://www.niuhuskies.com/sports/m-footbl/mtt/wells_jamison00.html,WR,5/11/13,193,RS JR,"Combined Locks, WI",Combined Locks,WI,Kimberly,,,,,Northern Illinois University,2012-201312,Matt Williams,http://www.niuhuskies.com/sports/m-footbl/mtt/williams_matt00.html,QB,6/1/13,188,FR,"Geneva, IL",Geneva,IL,Geneva,,,,,Northern Illinois University,2012-201397,Joe Windsor,http://www.niuhuskies.com/sports/m-footbl/mtt/windsor_joe00.html,DE,6/1/00,236,JR,"Kearney, MO",Kearney,MO,Kearney,,,,,Northern Illinois University,2012-201327,Bobby Winkel,http://www.niuhuskies.com/sports/m-footbl/mtt/winkel_bobby00.html,LB,6/1/13,227,RS SO,"Batavia, IL",Batavia,IL,Marmion Academy,,,,,Northern Illinois University,2012-20135,Jamal Womble,http://www.niuhuskies.com/sports/m-footbl/mtt/womble_jamal00.html,RB,5/10/13,246,SR,"Teachey, NC",Teachey,NC,Buena,Hutchinson Community College,,,,Northern Illinois University,2012-2013