Number,Player,PlayerBio_URL,Height,Weight,Position,Year,Eligibility,Hometown,City,State,High_School,Prior_College,ID_Player_Race,Formal_Stated_Major,College_Major_Group,DBPediaCollege_Name,Season1,Nevin Lawson,http://www.utahstateaggies.com/sports/m-footbl/mtt/nevin_lawson_713507.html,5/10/13,183,CB,JR,2L,"Lauderhill, Fla.",Lauderhill,FLA,Piper,,,,,Utah State University,2012-20132,Adam Kennedy,http://www.utahstateaggies.com/sports/m-footbl/mtt/adam_kennedy_742459.html,6/5/13,219,QB,SR,1L,"Elk Grove, Calif.",Elk Grove,CALIF,Franklin,San Joaquin Delta College,,,,Utah State University,2012-20132,Cameron Sanders,http://www.utahstateaggies.com/sports/m-footbl/mtt/cameron_sanders_449968.html,5/10/13,185,S,JR,2L,"Oklahoma City, Okla.",Oklahoma City,OKLA,Millwood,,,,,Utah State University,2012-20133,Quinton Byrd,http://www.utahstateaggies.com/sports/m-footbl/mtt/quinton_byrd_450639.html,5/10/13,180,CB,SR,3L,"Miami, Fla.",Miami,FLA,Miramar,,,,,Utah State University,2012-20134,Matt Austin,http://www.utahstateaggies.com/sports/m-footbl/mtt/matt_austin_449910.html,6/2/13,202,WR,SR,2L,"Monrovia, Calif.",Monrovia,CALIF,Charter Oak,Mt. San Antonio Junior College,,,,Utah State University,2012-20135,Terrence Alston,http://www.utahstateaggies.com/sports/m-footbl/mtt/terrence_alston_742442.html,5/9/13,176,CB,SR,1L,"Richmond, Calif.",Richmond,CALIF,Vanden,Solano Community College,,,,Utah State University,2012-20136,Rashard Stewart,http://www.utahstateaggies.com/sports/m-footbl/mtt/rashard_stewart_713510.html,5/10/13,184,CB,SO,RS,"Miami, Fla.",Miami,FLA,Miami Jackson,,,,,Utah State University,2012-20137,Travis Van Leeuwen,http://www.utahstateaggies.com/sports/m-footbl/mtt/travis_van_leeuwen_449913.html,6/3/13,195,WR,JR,2L,"Provo, Utah",Provo,UTAH,Timpview,,,,,Utah State University,2012-20138,Travis Reynolds,http://www.utahstateaggies.com/sports/m-footbl/mtt/travis_reynolds_627125.html,5/11/13,180,WR,JR,2L,"Lauderdale Lakes, Fla.",Lauderdale Lakes,FLA,Boyd Anderson,,,,,Utah State University,2012-20139,Dwayne Lorick,http://www.utahstateaggies.com/sports/m-footbl/mtt/dwayne_lorick_793244.html,6/5/13,215,WR,JR,JC,"Washington, D.C.",Washington,DC,Anacostia,West Hills College Coalinga Junior College,,,,Utah State University,2012-201310,Chuck Jacobs,http://www.utahstateaggies.com/sports/m-footbl/mtt/chuck_jacobs_767532.html,6/1/00,178,WR,SR,1L,"Richmond, Calif.",Richmond,CALIF,Kennedy,Laney Junior College,,,,Utah State University,2012-201311,"Alex Wheat, Jr.",http://www.utahstateaggies.com/sports/m-footbl/mtt/alex_wheat_jr_812729.html,6/4/13,214,WR,SO,JC,"Alpharetta, Ga.",Alpharetta,GA,Alpharetta,Palomar Junior College,,,,Utah State University,2012-201312,Terell Thompson,http://www.utahstateaggies.com/sports/m-footbl/mtt/terell_thompson_742911.html,6/1/13,220,LB,JR,RS,"Aurora, Colo.",Aurora,COLO,Eaglecrest High School,Glendale Community College,,,,Utah State University,2012-201312,Daniel Wray,http://www.utahstateaggies.com/sports/m-footbl/mtt/daniel_wray_798033.html,6/4/13,196,QB,FR,HS,"Salt Lake City, Utah",Salt Lake City,UTAH,West,,,,,Utah State University,2012-201313,Ladale Jackson,http://www.utahstateaggies.com/sports/m-footbl/mtt/ladale_jackson_742454.html,5/11/13,178,RB,FR,RS,"Las Vegas, Nev.",Las Vegas,NEV,Silverado,,,,,Utah State University,2012-201313,Mike Chislock,http://www.utahstateaggies.com/sports/m-footbl/mtt/mike_chislock_811754.html,6/2/13,202,QB,FR,HS,"Huntington Beach, Calif.",Huntington Beach,CALIF,Huntington Beach High School,,,,,Utah State University,2012-201315,Jumanne Robertson,http://www.utahstateaggies.com/sports/m-footbl/mtt/jumanne_robertson_742471.html,5/11/13,182,CB,SR,1L,"Phoenix, Ariz.",Phoenix,ARIZ,Deer Valley,Phoenix Community College,,,,Utah State University,2012-201316,Tavaris McMillian,http://www.utahstateaggies.com/sports/m-footbl/mtt/tavaris_mcmillian_710790.html,6/2/13,230,LB,SO,1L,"Miami, Florida",Miami,FLORIDA,Miami Jackson,,,,,Utah State University,2012-201316,Chuckie Keeton,http://www.utahstateaggies.com/sports/m-footbl/mtt/chuckie_keeton_742455.html,6/1/13,200,QB,SO,1L,"Houston, Texas",Houston,TEXAS,Cypress Creek,,,,,Utah State University,2012-201317,Will Davis,http://www.utahstateaggies.com/sports/m-footbl/mtt/will_davis_742444.html,6/1/00,186,CB,SR,1L,"Spokane, Wash.",Spokane,WASH,Central Valley,De Anza College,,,,Utah State University,2012-201317,Jeff Manning,http://www.utahstateaggies.com/sports/m-footbl/mtt/jeff_manning_450657.html,6/4/13,200,QB,FR,HS,"Logan, Utah",Logan,UTAH,Logan High School,,,,,Utah State University,2012-201318,Bruce Natson,http://www.utahstateaggies.com/sports/m-footbl/mtt/bruce_natson_793247.html,5/7/13,145,WR,FR,HS,"Oakland Park, Fla.",Oakland Park,FLA,Boyd Anderson,,,,,Utah State University,2012-201319,Josh Thompson,http://www.utahstateaggies.com/sports/m-footbl/mtt/josh_thompson_449967.html,5/9/13,191,PK,JR,1L,"Logan, Utah",Logan,UTAH,Logan,,,,,Utah State University,2012-201319,Craig Harrison,http://www.utahstateaggies.com/sports/m-footbl/mtt/craig_harrison_809283.html,6/2/13,203,QB,SO,JC,"Grantsville, Utah",Grantsville,UTAH,Grantsville,Snow College,,,,Utah State University,2012-201320,Devonta Glover-Wright,http://www.utahstateaggies.com/sports/m-footbl/mtt/devonta_glover_wright_793239.html,6/1/00,170,CB,JR,JC,"Mableton, Ga.",Mableton,GA,Campbell,Eastern Arizona Community College,,,,Utah State University,2012-201321,Brian Suite,http://www.utahstateaggies.com/sports/m-footbl/mtt/brian_suite_711209.html,6/3/13,205,S,SO,RS,"Honolulu, Hawaii",Honolulu,HAWAII,Punahou,,,,,Utah State University,2012-201322,Dredan Snowden,http://www.utahstateaggies.com/sports/m-footbl/mtt/dredan_snowden_811668.html,5/10/13,150,CB,FR,HS,"American Fork, Utah",American Fork,UTAH,American Fork,,,,,Utah State University,2012-201322,Keegan Andersen,http://www.utahstateaggies.com/sports/m-footbl/mtt/keegan_andersen_710774.html,6/2/13,237,TE,SO,1L,"Logan, Utah",Logan,UTAH,Juan Diego,,,,,Utah State University,2012-201323,Michael Okonkwo,http://www.utahstateaggies.com/sports/m-footbl/mtt/michael_okonkwo_828502.html,6/1/13,204,LB,FR,RS,"Chandler, Ariz.",Chandler,ARIZ,Chandler,,,,,Utah State University,2012-201324,Isaiah Jones,http://www.utahstateaggies.com/sports/m-footbl/mtt/isaiah_jones_627066.html,5/10/13,195,S,SR,SQ,"Macon, Ga.",Macon,GA,Mount De Sales Academy,,,,,Utah State University,2012-201325,Kerwynn Williams,http://www.utahstateaggies.com/sports/m-footbl/mtt/kerwynn_williams_517965.html,5/8/13,189,RB/KR,SR,3L,"Las Vegas, Nev.",Las Vegas,NEV,Valley,,,,,Utah State University,2012-201326,Clayton Christensen,http://www.utahstateaggies.com/sports/m-footbl/mtt/clayton_christensen_809278.html,5/10/13,196,S,JR,JC,"Sterling, Utah",Sterling,UTAH,Manti,Snow College,,,,Utah State University,2012-201327,Robert Marshall,http://www.utahstateaggies.com/sports/m-footbl/mtt/robert_marshall_713509.html,6/1/00,223,RB,JR,2L,"Dallas, Texas",Dallas,TEXAS,A. Maceo Smith,,,,,Utah State University,2012-201327,Dee Hamala,http://www.utahstateaggies.com/sports/m-footbl/mtt/dee_hamala_749807.html,5/10/13,178,CB,SO,SQ,"Murray, Utah",Murray,UTAH,Murray,,,,,Utah State University,2012-201328,Joey DeMartino,http://www.utahstateaggies.com/sports/m-footbl/mtt/joey_demartino_710780.html,5/11/13,210,RB,JR,RS,"San Diego, Calif.",San Diego,CALIF,Mt. Carmel,Grossmont College,,,,Utah State University,2012-201329,Sharrieff Shah,http://www.utahstateaggies.com/sports/m-footbl/mtt/sharrieff_shah_809295.html,6/1/13,220,RB,FR,HS,"Sandy, Utah",Sandy,UTAH,Juan Diego,,,,,Utah State University,2012-201329,Kelvin Lee,http://www.utahstateaggies.com/sports/m-footbl/mtt/kelvin_lee_811669.html,5/10/13,180,RB,FR,HS,"South Daytona, Fla.",South Daytona,FLA,Mainland,,,,,Utah State University,2012-201330,Marquan Ellison,http://www.utahstateaggies.com/sports/m-footbl/mtt/marquan_ellison_793236.html,5/11/13,170,CB,FR,HS,"Milwaukee, Wisc.",Milwaukee,WISC,Bradley Tech,,,,,Utah State University,2012-201331,Sione Makoni,http://www.utahstateaggies.com/sports/m-footbl/mtt/sione_makoni_811672.html,5/11/13,190,RB,FR,HS,"Salt Lake City, Utah",Salt Lake City,UTAH,East,,,,,Utah State University,2012-201332,Joe Hill,http://www.utahstateaggies.com/sports/m-footbl/mtt/joe_hill_710787.html,5/11/13,185,RB,SO,1L,"Fullerton, Calif.",Fullerton,CALIF,Fullerton,,,,,Utah State University,2012-201332,Jason Luke,http://www.utahstateaggies.com/sports/m-footbl/mtt/jason_luke_798035.html,5/11/13,219,LB,JR,TR,"Twentynine Palms, Calif.",Twentynine Palms,CALIF,Twentynine Palms,College of Desert Junior College,,,,Utah State University,2012-201333,Jefferson Court,http://www.utahstateaggies.com/sports/m-footbl/mtt/jefferson_court_767527.html,6/3/13,238,LB,SO,SQ,"Alta, Utah",Alta,UTAH,Alta,BYU,,,,Utah State University,2012-201334,Abou Toure,http://www.utahstateaggies.com/sports/m-footbl/mtt/abou_toure_795156.html,6/2/13,230,RB,JR,JC,"Framingham, Mass.",Framingham,MASS,Framingham,Dean Junior College,,,,Utah State University,2012-201334,Dustin Hoover,http://www.utahstateaggies.com/sports/m-footbl/mtt/dustin_hoover_811675.html,6/2/13,210,LB,FR,HS,"Walmea, Hawai'i",Walmea,HAWAI'I,Hawai'i Prep Academy,,,,,Utah State University,2012-201336,McKade Brady,http://www.utahstateaggies.com/sports/m-footbl/mtt/mckade_brady_719138.html,5/11/13,197,S,SR,2L,"Cove, Utah",Cove,UTAH,Sky View,BYU,,,,Utah State University,2012-201337,Nico Bronzati,http://www.utahstateaggies.com/sports/m-footbl/mtt/nico_bronzati_822188.html,5/10/13,180,WR,FR,HS,"Holliday, Utah",Holliday,UTAH,Olympus,,,,,Utah State University,2012-201337,Devin Centers,http://www.utahstateaggies.com/sports/m-footbl/mtt/devin_centers_809276.html,5/9/13,180,CB,FR,HS,"Chandler, Ariz.",Chandler,ARIZ,Chandler,,,,,Utah State University,2012-201338,Jaron Bentrude,http://www.utahstateaggies.com/sports/m-footbl/mtt/jaron_bentrude_717024.html,6/1/13,207,PK,SO,1L,"Draper, Utah",Draper,UTAH,Juan Diego,,,,,Utah State University,2012-201339,Torrey Green,http://www.utahstateaggies.com/sports/m-footbl/mtt/torrey_green_767529.html,6/1/13,218,LB,FR,HS,"Riverside, Calif.",Riverside,CALIF,Rubidoux,,,,,Utah State University,2012-201340,Connor Williams,http://www.utahstateaggies.com/sports/m-footbl/mtt/connor_williams_792119.html,6/3/13,271,DE,JR,2L,"Kanata, Ontario, Canada",Kanata,ONTARIO,Holy Trinity,,,,,Utah State University,2012-201341,Nick Vigil,http://www.utahstateaggies.com/sports/m-footbl/mtt/nick_vigil_793253.html,6/2/13,206,LB,FR,HS,"Plain City, Utah",Plain City,UTAH,Fremont,,,,,Utah State University,2012-201342,La'Bradford Harold,http://www.utahstateaggies.com/sports/m-footbl/mtt/labradford_harold_742449.html,5/11/13,224,LB,FR,RS,"Crowley, Texas",Crowley,TEXAS,Crowley,,,,,Utah State University,2012-201343,Alex Marsaw,http://www.utahstateaggies.com/sports/m-footbl/mtt/alex_marsaw_449935.html,6/1/00,206,LB,FR,HS,"Torrance, Calif.",Torrance,CALIF,West High School,,,,,Utah State University,2012-201345,Cade Cowdin,http://www.utahstateaggies.com/sports/m-footbl/mtt/cade_cowdin_812749.html,6/2/13,225,LB,JR,JC,"St. George, Utah",St. George,UTAH,Dixie High School,College of Desert Junior College,,,,Utah State University,2012-201345,Quincy Mason,http://www.utahstateaggies.com/sports/m-footbl/mtt/quincy_mason_809285.html,6/3/13,244,TE,FR,HS,"Layton, Utah",Layton,UTAH,Layton Christian Academy,,,,,Utah State University,2012-201346,Frankie Sutera,http://www.utahstateaggies.com/sports/m-footbl/mtt/frankie_sutera_717034.html,6/1/13,201,S,SO,1L,"Murray, Utah",Murray,UTAH,Juan Diego,,,,,Utah State University,2012-201347,Travis Parrish,http://www.utahstateaggies.com/sports/m-footbl/mtt/travis_parrish_450658.html,6/3/13,224,LB,FR,HS,"West Bountiful, Utah",West Bountiful,UTAH,Bountiful High School,,,,,Utah State University,2012-201347,Mark Hutchinson,http://www.utahstateaggies.com/sports/m-footbl/mtt/mark_hutchinson_774022.html,5/10/13,205,LS,FR,RS,"Corona, Calif.",Corona,CALIF,Corona Santiago,,,,,Utah State University,2012-201348,Paul Piukala,http://www.utahstateaggies.com/sports/m-footbl/mtt/paul_piukala_742469.html,6/5/13,255,DL,JR,JC,"Oakland, Calif.",Oakland,CALIF,Castlemont,Laney Community College,,,,Utah State University,2012-201349,Forrest Dabb,http://www.utahstateaggies.com/sports/m-footbl/mtt/forrest_dabb_493024.html,5/11/13,214,LB,SR,3L,"South Jordan, Utah",South Jordan,UTAH,Bingham,Utah,,,,Utah State University,2012-201350,Bridger Peck,http://www.utahstateaggies.com/sports/m-footbl/mtt/bridger_peck_809294.html,6/1/13,216,LB,FR,HS,"South Jordan, Utah",South Jordan,UTAH,Bingham,,,,,Utah State University,2012-201351,Jake Doughty,http://www.utahstateaggies.com/sports/m-footbl/mtt/jake_doughty_464969.html,6/1/00,230,LB,JR,2L,"Sandy, Utah",Sandy,UTAH,Juan Diego,,,,,Utah State University,2012-201352,Kyler Fackrell,http://www.utahstateaggies.com/sports/m-footbl/mtt/kyler_fackrell_759412.html,6/5/13,236,LB,FR,RS,"Mesa, Ariz.",Mesa,ARIZ,Mesa,,,,,Utah State University,2012-201353,Zach Vigil,http://www.utahstateaggies.com/sports/m-footbl/mtt/zach_vigil_627145.html,6/2/13,228,LB,JR,1L,"Clearfield, Utah",Clearfield,UTAH,Clearfield,,,,,Utah State University,2012-201354,Jamie Markosian,http://www.utahstateaggies.com/sports/m-footbl/mtt/jamie_markosian_461911.html,6/2/13,302,OL,JR,2L,"Salt Lake City, Utah",Salt Lake City,UTAH,Juan Diego,,,,,Utah State University,2012-201355,Bojay Filimoeatu,http://www.utahstateaggies.com/sports/m-footbl/mtt/bojay_filimoeatu_742445.html,6/2/13,258,LB,SR,1L,"West Valley City, Utah",West Valley City,UTAH,Granger,Mt. San Antonio College,,,,Utah State University,2012-201356,AJ Pataiali'i,http://www.utahstateaggies.com/sports/m-footbl/mtt/aj_pataialii_828503.html,6/3/13,307,DL,JR,JC,"West Valley City, Utah",West Valley City,UTAH,Hunter,Snow College,,,,Utah State University,2012-201357,Havea Lasike,http://www.utahstateaggies.com/sports/m-footbl/mtt/havea_lasike_742463.html,6/1/13,297,DL,SR,1L,"San Jose, Calif.",San Jose,CALIF,Lincoln,Foothill Junior College,,,,Utah State University,2012-201358,Tyler Larsen,http://www.utahstateaggies.com/sports/m-footbl/mtt/tyler_larsen_449918.html,6/4/13,312,OC,JR,2L,"Salt Lake City, Utah",Salt Lake City,UTAH,Jordan,,,,,Utah State University,2012-201359,Nick Ciancone,http://www.utahstateaggies.com/sports/m-footbl/mtt/nick_ciancone_449927.html,6/3/13,224,LB,SO,RS,"Layton, Utah",Layton,UTAH,Layton,,,,,Utah State University,2012-201360,Joe Summers,http://www.utahstateaggies.com/sports/m-footbl/mtt/joe_summers_796990.html,6/2/13,293,OL,SO,JC,"Tremonton, Utah",Tremonton,UTAH,Bear River,Snow College,,,,Utah State University,2012-201361,Daquan Vandross,http://www.utahstateaggies.com/sports/m-footbl/mtt/daquan_vandross_809302.html,6/4/13,285,OL,JR,JC,"Bronx, N.Y.",Bronx,NY,South Bronx Campus,College of the Canyons,,,,Utah State University,2012-201362,Bryce Walker,http://www.utahstateaggies.com/sports/m-footbl/mtt/bryce_walker_711211.html,6/8/13,310,OL,SO,RS,"Pleasant Grove, Utah",Pleasant Grove,UTAH,Pleasant Grove,,,,,Utah State University,2012-201363,Brock Warren,http://www.utahstateaggies.com/sports/m-footbl/mtt/brock_warren_809304.html,6/2/13,176,PK,FR,HS,"Hyde Park, Utah",Hyde Park,UTAH,Sky View,,,,,Utah State University,2012-201364,Josh Larmay,http://www.utahstateaggies.com/sports/m-footbl/mtt/josh_larmay_767533.html,6/6/13,296,OL,SO,RS,"De Pere, Wisc.",De Pere,WISC,West De Pere,Minnesota St. Moorehead,,,,Utah State University,2012-201365,Austin Albrecht,http://www.utahstateaggies.com/sports/m-footbl/mtt/austin_albrecht_809274.html,6/5/13,284,OL,FR,HS,"Sandy, Utah",Sandy,UTAH,Alta,,,,,Utah State University,2012-201366,Eric Schultz,http://www.utahstateaggies.com/sports/m-footbl/mtt/eric_schultz_461914.html,6/4/13,303,OL,JR,2L,"Connell, Wash.",Connell,WASH,Connell,,,,,Utah State University,2012-201367,Oscar Molina-Sanchez,http://www.utahstateaggies.com/sports/m-footbl/mtt/oscar_molina_sanchez_711212.html,6/5/13,299,OL,SR,3L,"Baldwin Park, Calif.",Baldwin Park,CALIF,Baldwin Park,,,,,Utah State University,2012-201369,Josh Ramage,http://www.utahstateaggies.com/sports/m-footbl/mtt/josh_ramage_811677.html,6/3/13,255,OL,SO,JC,"Lindon, Utah",Lindon,UTAH,Pleasant Grove,Dixie State,,,,Utah State University,2012-201370,Travis Seefeldt,http://www.utahstateaggies.com/sports/m-footbl/mtt/travis_seefeldt_742473.html,6/2/13,299,DL,FR,RS,"Sun City, Ariz.",Sun City,ARIZ,Liberty,,,,,Utah State University,2012-201373,Kyle Whimpey,http://www.utahstateaggies.com/sports/m-footbl/mtt/kyle_whimpey_742479.html,6/6/13,307,OL,JR,SQ,"Highland, Utah",Highland,UTAH,Lone Peak,Idaho State,,,,Utah State University,2012-201374,Kevin Whimpey,http://www.utahstateaggies.com/sports/m-footbl/mtt/kevin_whimpey_742478.html,6/5/13,296,OL,SO,RS,"Highland, Utah",Highland,UTAH,Lone Peak,Idaho State,,,,Utah State University,2012-201375,Taani Fisilau,http://www.utahstateaggies.com/sports/m-footbl/mtt/taani_fisilau_742447.html,6/2/13,296,OL,FR,RS,"Glendale, Utah",Glendale,UTAH,Cottonwood,,,,,Utah State University,2012-201376,Jake Simonich,http://www.utahstateaggies.com/sports/m-footbl/mtt/jake_simonich_793249.html,6/5/13,258,OL,FR,HS,"Danville, Calif.",Danville,CALIF,San Roman Valley,,,,,Utah State University,2012-201377,Zac Bitters,http://www.utahstateaggies.com/sports/m-footbl/mtt/zac_bitters_811665.html,6/1/13,300,OL,FR,HS,"Hyrum, Utah",Hyrum,UTAH,Mountain Crest,,,,,Utah State University,2012-201377,Jake Gallegos,http://www.utahstateaggies.com/sports/m-footbl/mtt/jake_gallegos_809281.html,6/2/13,258,DL,FR,HS,"Hooper, Utah",Hooper,UTAH,Fremont,,,,,Utah State University,2012-201378,Jorden Mattinson,http://www.utahstateaggies.com/sports/m-footbl/mtt/jorden_mattinson_742905.html,6/4/13,290,OL,FR,RS,"Spanish Fork, Utah",Spanish Fork,UTAH,Spanish Fork,,,,,Utah State University,2012-201379,Logan Malohifo'ou,http://www.utahstateaggies.com/sports/m-footbl/mtt/logan_malohifoou_793246.html,6/6/13,292,OL,FR,HS,"West Jordan, Utah",West Jordan,UTAH,Copper Hills,,,,,Utah State University,2012-201380,Lars Gunderson,http://www.utahstateaggies.com/sports/m-footbl/mtt/lars_gunderson_749806.html,5/10/13,178,WR,JR,SQ,"Sandy, Utah",Sandy,UTAH,Juan Diego,Pheonix Community College,,,,Utah State University,2012-201381,Kellen Bartlett,http://www.utahstateaggies.com/sports/m-footbl/mtt/kellen_bartlett_359068.html,6/2/13,248,TE,SR,RS,"Blue Springs, Mo.",Blue Springs,MO,Blue Springs South,,,,,Utah State University,2012-201382,Jordan Jenkins,http://www.utahstateaggies.com/sports/m-footbl/mtt/jordan_jenkins_798037.html,5/10/13,199,WR,SO,JC,"St. Louis, Mo.",St. Louis,MO,Vashon,Coffeyville Community College,,,,Utah State University,2012-201383,Shaan Johnson,http://www.utahstateaggies.com/sports/m-footbl/mtt/shaan_johnson_710788.html,6/1/13,196,WR,SO,SQ,"Cerritos, Calif.",Cerritos,CALIF,Gahr,,,,,Utah State University,2012-201384,Cameron Webb,http://www.utahstateaggies.com/sports/m-footbl/mtt/cameron_webb_749811.html,5/10/13,187,WR,SR,1L,"Millville, Utah",Millville,UTAH,Mountain Crest,Snow Junior College,,,,Utah State University,2012-201385,Brandon Swindall,http://www.utahstateaggies.com/sports/m-footbl/mtt/brandon_swindall_759419.html,6/4/13,194,WR,FR,RS,"Oklahoma City, Okla.",Oklahoma City,OKLA,Millwood,,,,,Utah State University,2012-201386,Brad Theurer,http://www.utahstateaggies.com/sports/m-footbl/mtt/brad_theurer_627126.html,6/3/13,245,TE,JR,2L,"Logan, Utah",Logan,UTAH,Logan,,,,,Utah State University,2012-201388,Tyler Bennett,http://www.utahstateaggies.com/sports/m-footbl/mtt/tyler_bennett_742443.html,5/11/13,218,P,SR,1L,"Phoenix, Ariz.",Phoenix,ARIZ,North Canyon,Phoenix College,,,,Utah State University,2012-201389,Nate Needham,http://www.utahstateaggies.com/sports/m-footbl/mtt/nate_needham_711207.html,6/2/13,227,LS,SO,1L,"St. George, Utah",St. George,UTAH,Pine View,,,,,Utah State University,2012-201389,Jevon Hasten,http://www.utahstateaggies.com/sports/m-footbl/mtt/jevon_hasten_811678.html,5/11/13,165,WR,FR,HS,"El Cajon, Calif.",El Cajon,CALIF,Valhalla,,,,,Utah State University,2012-201390,Al Lapuaho,http://www.utahstateaggies.com/sports/m-footbl/mtt/al_lapuaho_742461.html,6/3/13,284,DL,SR,1L,"West Valley City, Utah",West Valley City,UTAH,Granger,Snow Junior College,,,,Utah State University,2012-201390,Tryn Mesarch,http://www.utahstateaggies.com/sports/m-footbl/mtt/tryn_mesarch_449916.html,6/5/13,256,DE,FR,RS,"Palm Desert, Calif.",Palm Desert,CALIF,Palm Desert High School,,,,,Utah State University,2012-201391,D.J. Tialavea,http://www.utahstateaggies.com/sports/m-footbl/mtt/dj_tialavea_449906.html,6/4/13,260,TE,JR,2L,"West Jordan, Utah",West Jordan,UTAH,West Jordan,,,,,Utah State University,2012-201392,Derek Keller,http://www.utahstateaggies.com/sports/m-footbl/mtt/derek_keller_742457.html,6/3/13,234,TE,FR,RS,"Draper, Utah",Draper,UTAH,Alta,,,,,Utah State University,2012-201393,Nick Diaz,http://www.utahstateaggies.com/sports/m-footbl/mtt/nick_diaz_710781.html,5/7/13,197,PK,SO,RS,"Redondo Beach, Calif.",Redondo Beach,CALIF,Redondo Union,,,,,Utah State University,2012-201393,Carson Rawle,http://www.utahstateaggies.com/sports/m-footbl/mtt/carson_rawle_822179.html,6/2/13,260,DL,FR,HS,"Provo, Utah",Provo,UTAH,Timpview,,,,,Utah State University,2012-201394,Eric Berntson,http://www.utahstateaggies.com/sports/m-footbl/mtt/eric_berntson_793787.html,6/4/13,258,DL,FR,HS,"Smithfield, Utah",Smithfield,UTAH,Sky View,,,,,Utah State University,2012-201395,Tevita Vaifoou,http://www.utahstateaggies.com/sports/m-footbl/mtt/tevita_vaifoou_717035.html,6/1/13,267,DL,JR,1L,"Hauula, Hawaii",Hauula,HAWAII,Kahuku,,,,,Utah State University,2012-201396,Elvis Kamana-Matagi,http://www.utahstateaggies.com/sports/m-footbl/mtt/elvis_kamana_matagi_717037.html,6/1/13,288,DL,SO,1L,"Maui, Hawaii",Maui,HAWAII,King Kekaulike,,,,,Utah State University,2012-201397,Jordan Nielsen,http://www.utahstateaggies.com/sports/m-footbl/mtt/jordan_nielsen_759416.html,6/5/13,253,DL,FR,RS,"Smithfield, Utah",Smithfield,UTAH,Sky View High School,,,,,Utah State University,2012-201398,Sini Tauauve'a,http://www.utahstateaggies.com/sports/m-footbl/mtt/sini_tauauvea_809298.html,6/2/13,339,DL,JR,JC,"West Valley City, Utah",West Valley City,UTAH,Hunter,Snow College,,,,Utah State University,2012-201399,B.J. Larsen,http://www.utahstateaggies.com/sports/m-footbl/mtt/bj_larsen_717032.html,6/5/13,268,DL,JR,1L,"Logan, Utah",Logan,UTAH,Logan,,,,,Utah State University,2012-2013