team,team,colors,city,state.abb,country,name,team_id,dbpedia_url,dbpedia_data_json,sports_reference_URL,wiki_url,logo_image_url,leagueArizona Diamondbacks,Phoenix,"Sedona Red, Sonoran Sand, and Black",Phoenix,AZ,US,Diamondbacks,ARI,live.dbpedia.org/resource/Arizona_Diamondbacks,live.dbpedia.org/data/Arizona_Diamondbacks.json,http://www.baseball-reference.com/teams/ARI/,wikipedia.org/wiki/Arizona_Diamondbacks,http://upload.wikimedia.org/wikipedia/en/thumb/4/44/Arizona_Diamondbacks_Logo.PNG/258px-Arizona_Diamondbacks_Logo.PNG,MLBAtlanta Braves,Atlanta,"Navy, Scarlet, White",Atlanta,GA,US,Braves,ATL,live.dbpedia.org/resource/Atlanta_Braves,live.dbpedia.org/data/Atlanta_Braves.json,http://www.baseball-reference.com/teams/ATL/,wikipedia.org/wiki/Atlanta_Braves,http://upload.wikimedia.org/wikipedia/en/thumb/f/f2/Atlanta_Braves.svg/516px-Atlanta_Braves.svg.png,MLBBaltimore Orioles,Baltimore,"Black, orange, white",Baltimore,MD,US,Orioles,BAL,live.dbpedia.org/resource/Baltimore_Orioles,live.dbpedia.org/data/Baltimore_Orioles.json,http://www.baseball-reference.com/teams/BAL/,wikipedia.org/wiki/Baltimore_Orioles,http://upload.wikimedia.org/wikipedia/en/thumb/c/cc/Orioles_new.PNG/249px-Orioles_new.PNG,MLBBoston Red Sox,Boston,"Red, midnight navy, white",Boston,MA,US,Red Sox,BOS,live.dbpedia.org/resource/Boston_Red_Sox,live.dbpedia.org/data/Boston_Red_Sox.json,http://www.baseball-reference.com/teams/BOS/,wikipedia.org/wiki/Boston_Red_Sox,http://upload.wikimedia.org/wikipedia/en/thumb/6/6d/RedSoxPrimary_HangingSocks.svg/205px-RedSoxPrimary_HangingSocks.svg.png,MLBChicago Cubs,Chicago,"Blue, red, white, gray",Chicago,IL,US,Cubs,CHC,live.dbpedia.org/resource/Chicago_Cubs,live.dbpedia.org/data/Chicago_Cubs.json,http://www.baseball-reference.com/teams/CHC/,wikipedia.org/wiki/Chicago_Cubs,http://upload.wikimedia.org/wikipedia/commons/thumb/e/ed/Chicago_Cubs_Logo.svg/200px-Chicago_Cubs_Logo.svg.png,MLBChicago White Sox,Chicago,"Black, Silver, White",Chicago,IL,US,White Sox,CHW,live.dbpedia.org/resource/Chicago_White_Sox,live.dbpedia.org/data/Chicago_White_Sox.json,http://www.baseball-reference.com/teams/CHW/,wikipedia.org/wiki/Chicago_White_Sox,http://upload.wikimedia.org/wikipedia/commons/thumb/c/c1/Chicago_White_Sox.svg/145px-Chicago_White_Sox.svg.png,MLBCincinnati Reds,Cincinnati,"Red, white, black",Cincinnati,OH,US,Reds,CIN,live.dbpedia.org/resource/Cincinnati_Reds,live.dbpedia.org/data/Cincinnati_Reds.json,http://www.baseball-reference.com/teams/CIN/,wikipedia.org/wiki/Cincinnati_Reds,http://upload.wikimedia.org/wikipedia/commons/thumb/0/01/Cincinnati_Reds_Logo.svg/292px-Cincinnati_Reds_Logo.svg.png,MLBCleveland Indians,Cleveland,"Navy, Red, White",Cleveland,OH,US,Indians,CLE,live.dbpedia.org/resource/Cleveland_Indians,live.dbpedia.org/data/Cleveland_Indians.json,http://www.baseball-reference.com/teams/CLE/,wikipedia.org/wiki/Cleveland_Indians,http://upload.wikimedia.org/wikipedia/en/thumb/5/52/Cleveland_Indians_logo.svg/154px-Cleveland_Indians_logo.svg.png,MLBColorado Rockies,Denver,"Black, purple, silver, white",Denver,CO,US,Rockies,COL,live.dbpedia.org/resource/Colorado_Rockies,live.dbpedia.org/data/Colorado_Rockies.json,http://www.baseball-reference.com/teams/COL/,wikipedia.org/wiki/Colorado_Rockies,http://upload.wikimedia.org/wikipedia/en/thumb/3/31/Colorado_Rockies_logo.svg/291px-Colorado_Rockies_logo.svg.png,MLBDetroit Tigers,Detroit,"Navy blue, white, orange",Detroit,MI,US,Tigers,DET,live.dbpedia.org/resource/Detroit_Tigers,live.dbpedia.org/data/Detroit_Tigers.json,http://www.baseball-reference.com/teams/DET/,wikipedia.org/wiki/Detroit_Tigers,http://upload.wikimedia.org/wikipedia/commons/thumb/2/20/Detroit_tigers_textlogo.svg/200px-Detroit_tigers_textlogo.svg.png,MLBFlorida Marlins,Miami,"Teal, Black, Silver",Miami,FL,US,Marlins,FLA,live.dbpedia.org/resource/Florida_Marlins,live.dbpedia.org/data/Florida_Marlins.json,http://www.baseball-reference.com/teams/FLA/,wikipedia.org/wiki/Florida_Marlins,http://upload.wikimedia.org/wikipedia/en/thumb/4/49/Florida_Marlins.svg/300px-Florida_Marlins.svg.png,MLBHouston Astros,Houston,"Navy Blue, Orange, White",Houston,TX,US,Astros,HOU,live.dbpedia.org/resource/Houston_Astros,live.dbpedia.org/data/Houston_Astros.json,http://www.baseball-reference.com/teams/HOU/,wikipedia.org/wiki/Houston_Astros,http://upload.wikimedia.org/wikipedia/commons/thumb/0/01/Houston_astros_logo.png/199px-Houston_astros_logo.png,MLBKansas City Royals,Kansas City,"Royal Blue, White, Powder Blue",Kansas City,MO,US,Royals,KCR,live.dbpedia.org/resource/Kansas_City_Royals,live.dbpedia.org/data/Kansas_City_Royals.json,http://www.baseball-reference.com/teams/KCR/,wikipedia.org/wiki/Kansas_City_Royals,http://upload.wikimedia.org/wikipedia/en/thumb/1/1c/Kansas_City_Royals.svg/200px-Kansas_City_Royals.svg.png,MLBLos Angeles Angels of Anaheim,Anaheim,"Carnelian, Midnight Blue, White",Anaheim,CA,US,Angels,ANA,live.dbpedia.org/resource/Los_Angeles_Angels_of_Anaheim,live.dbpedia.org/data/Los_Angeles_Angels_of_Anaheim.json,http://www.baseball-reference.com/teams/ANA/,wikipedia.org/wiki/Los_Angeles_Angels_of_Anaheim,http://upload.wikimedia.org/wikipedia/commons/thumb/8/8b/Los_Angeles_Angels_of_Anaheim.svg/149px-Los_Angeles_Angels_of_Anaheim.svg.png,MLBLos Angeles Dodgers,Los Angeles,"Dodger blue, white",Los Angeles,CA,US,Dodgers,LAD,live.dbpedia.org/resource/Los_Angeles_Dodgers,live.dbpedia.org/data/Los_Angeles_Dodgers.json,http://www.baseball-reference.com/teams/LAD/,wikipedia.org/wiki/Los_Angeles_Dodgers,http://upload.wikimedia.org/wikipedia/en/thumb/2/20/Los_Angeles_Dodgers_Logo.png/190px-Los_Angeles_Dodgers_Logo.png,MLBMiami Marlins,Miami,"Black, Red-Orange, Silver, Blue, Yellow, White",Miami,FL,US,Marlins,FLA,live.dbpedia.org/resource/Miami_Marlins,live.dbpedia.org/data/Miami_Marlins.json,http://www.baseball-reference.com/teams/FLA/,wikipedia.org/wiki/Miami_Marlins,http://upload.wikimedia.org/wikipedia/en/thumb/b/b4/MiamiMarlins.svg/182px-MiamiMarlins.svg.png,MLBMilwaukee Brewers,Milwaukee,"Navy blue, metallic gold, white",Milwaukee,WI,US,Brewers,MIL,live.dbpedia.org/resource/Milwaukee_Brewers,live.dbpedia.org/data/Milwaukee_Brewers.json,http://www.baseball-reference.com/teams/MIL/,wikipedia.org/wiki/Milwaukee_Brewers,http://upload.wikimedia.org/wikipedia/en/thumb/1/11/Milwaukee_Brewers_Logo.svg/360px-Milwaukee_Brewers_Logo.svg.png,MLBMinnesota Twins,Minnesota,"Navy blue, red, white",Minnesota,MN,US,Twins,MIN,live.dbpedia.org/resource/Minnesota_Twins,live.dbpedia.org/data/Minnesota_Twins.json,http://www.baseball-reference.com/teams/MIN/,wikipedia.org/wiki/Minnesota_Twins,http://upload.wikimedia.org/wikipedia/commons/thumb/6/61/MinnesotaTwins.PNG/201px-MinnesotaTwins.PNG,MLBMontreal Expos,Montreal,"Blue, White, Red",Montreal,QC,CA,Expos,WSN,live.dbpedia.org/resource/Montreal_Expos,live.dbpedia.org/data/Montreal_Expos.json,http://www.baseball-reference.com/teams/WSN/,wikipedia.org/wiki/Montreal_Expos,http://upload.wikimedia.org/wikipedia/en/thumb/3/32/Montreal_Expos_Logo.svg/200px-Montreal_Expos_Logo.svg.png,MLBNew York Mets,Queens,"Blue, orange, white",Queens,NY,US,Mets,NYM,live.dbpedia.org/resource/New_York_Mets,live.dbpedia.org/data/New_York_Mets.json,http://www.baseball-reference.com/teams/NYM/,wikipedia.org/wiki/New_York_Mets,http://upload.wikimedia.org/wikipedia/en/thumb/7/7b/New_York_Mets.svg/200px-New_York_Mets.svg.png,MLBNew York Yankees,The Bronx,"Navy blue, white, gray",The Bronx,NY,US,Yankees,NYY,live.dbpedia.org/resource/New_York_Yankees,live.dbpedia.org/data/New_York_Yankees.json,http://www.baseball-reference.com/teams/NYY/,wikipedia.org/wiki/New_York_Yankees,http://upload.wikimedia.org/wikipedia/en/thumb/2/25/NewYorkYankees_PrimaryLogo.svg/180px-NewYorkYankees_PrimaryLogo.svg.png,MLBOakland Athletics,Oakland,"Hunter green, California gold, white",Oakland,CA,US,Athletics,OAK,live.dbpedia.org/resource/Oakland_Athletics,live.dbpedia.org/data/Oakland_Athletics.json,http://www.baseball-reference.com/teams/OAK/,wikipedia.org/wiki/Oakland_Athletics,http://upload.wikimedia.org/wikipedia/commons/thumb/6/63/Oakland_athl_primlogo.svg/200px-Oakland_athl_primlogo.svg.png,MLBPhiladelphia Phillies,Philadelphia,"Red, white, blue",Philadelphia,PA,US,Phillies,PHI,live.dbpedia.org/resource/Philadelphia_Phillies,live.dbpedia.org/data/Philadelphia_Phillies.json,http://www.baseball-reference.com/teams/PHI/,wikipedia.org/wiki/Philadelphia_Phillies,http://upload.wikimedia.org/wikipedia/en/thumb/8/84/Philadelphia_Phillies.svg/215px-Philadelphia_Phillies.svg.png,MLBPittsburgh Pirates,Pittsburgh,"Black, gold, white",Pittsburgh,PA,US,Pirates,PIT,live.dbpedia.org/resource/Pittsburgh_Pirates,live.dbpedia.org/data/Pittsburgh_Pirates.json,http://www.baseball-reference.com/teams/PIT/,wikipedia.org/wiki/Pittsburgh_Pirates,http://upload.wikimedia.org/wikipedia/en/thumb/b/b4/Pittsburgh_Pirates_MLB_Logo.svg/257px-Pittsburgh_Pirates_MLB_Logo.svg.png,MLBSan Diego Padres,San Diego,"Midnight blue, white, sand",San Diego,CA,US,Padres,SDP,live.dbpedia.org/resource/San_Diego_Padres,live.dbpedia.org/data/San_Diego_Padres.json,http://www.baseball-reference.com/teams/SDP/,wikipedia.org/wiki/San_Diego_Padres,http://upload.wikimedia.org/wikipedia/en/thumb/d/da/2012Padreslogo.jpg/200px-2012Padreslogo.jpg,MLBSan Francisco Giants,San Francisco,"Black, Orange, Cream",San Francisco,CA,US,Giants,SFG,live.dbpedia.org/resource/San_Francisco_Giants,live.dbpedia.org/data/San_Francisco_Giants.json,http://www.baseball-reference.com/teams/SFG/,wikipedia.org/wiki/San_Francisco_Giants,http://upload.wikimedia.org/wikipedia/en/thumb/5/58/San_Francisco_Giants_Logo.svg/379px-San_Francisco_Giants_Logo.svg.png,MLBSeattle Mariners,Seattle,"Navy blue, Northwest green, metallic silver, white",Seattle,WA,US,Mariners,SEA,live.dbpedia.org/resource/Seattle_Mariners,live.dbpedia.org/data/Seattle_Mariners.json,http://www.baseball-reference.com/teams/SEA/,wikipedia.org/wiki/Seattle_Mariners,http://upload.wikimedia.org/wikipedia/en/thumb/b/b0/Seattle_Mariners_logo.svg/196px-Seattle_Mariners_logo.svg.png,MLBSt. Louis Cardinals,St. Louis,"Red, Navy, White",St. Louis,MO,US,Cardinals,STL,live.dbpedia.org/resource/St._Louis_Cardinals,live.dbpedia.org/data/St._Louis_Cardinals.json,http://www.baseball-reference.com/teams/STL/,wikipedia.org/wiki/St._Louis_Cardinals,http://upload.wikimedia.org/wikipedia/en/thumb/e/e6/St._Louis_Cardinals_Logo.svg/210px-St._Louis_Cardinals_Logo.svg.png,MLBTampa Bay Rays,Tampa,"Navy, Columbia Blue, White, Gold",Tampa,FL,US,Rays,TBD,live.dbpedia.org/resource/Tampa_Bay_Rays,live.dbpedia.org/data/Tampa_Bay_Rays.json,http://www.baseball-reference.com/teams/TBD/,wikipedia.org/wiki/Tampa_Bay_Rays,http://upload.wikimedia.org/wikipedia/en/thumb/c/c6/Tampa_Bay_Rays.svg/200px-Tampa_Bay_Rays.svg.png,MLBTexas Rangers,Texas,"Red, White, Blue",Texas,TX,US,Rangers,TEX,live.dbpedia.org/resource/Texas_Rangers,live.dbpedia.org/data/Texas_Rangers.json,http://www.baseball-reference.com/teams/TEX/,http://en.wikipedia.org/wiki/Texas_Rangers_(baseball),http://upload.wikimedia.org/wikipedia/en/thumb/4/41/Texas_Rangers.svg/200px-Texas_Rangers.svg.png,MLBToronto Blue Jays,Toronto,"Royal blue, navy blue, white, red",Toronto,ON,CA,Blue Jays,TOR,live.dbpedia.org/resource/Toronto_Blue_Jays,live.dbpedia.org/data/Toronto_Blue_Jays.json,http://www.baseball-reference.com/teams/TOR/,wikipedia.org/wiki/Toronto_Blue_Jays,http://upload.wikimedia.org/wikipedia/en/thumb/d/d2/TorontoBlueJays2012primary.png/200px-TorontoBlueJays2012primary.png,MLBWashington Nationals,Washington D.C.,"Red, Navy, White",Washington D.C.,DC,US,Nationals,WSN,live.dbpedia.org/resource/Washington_Nationals,live.dbpedia.org/data/Washington_Nationals.json,http://www.baseball-reference.com/teams/WSN/,wikipedia.org/wiki/Washington_Nationals,http://upload.wikimedia.org/wikipedia/en/thumb/6/6c/Washington_Nationals_2011.png/200px-Washington_Nationals_2011.png,MLB