ID_Sport_Sponsorship,Governing_Body,Sponsorship_Type,Period,Sport_Sponsor,Company,Company_Brand,Event,Sport,Contract_Type,Value,Value_Type,Detail,Franchise,Sponsorship1,LPGA,Official,2012,Titleist,Acushnet Company,Titleist,,,,,,,,2,LPGA,Official,2012,Footjoy,Acushnet Company,Footjoy,,,,,,,,3,LPGA,Official,2012,Andrews Sports Medicine  Orthopaedic Center,Andrews Sports Medicine  Orthopaedic Center,,,,,,,,,4,LPGA,Official,2012,AnheuserBusch,AnheuserBusch,,,,,,,,,5,LPGA,Official,2012,Arpin Van Lines,Arpin Van Lines,,,,,,,,,6,LPGA,Official,2012,Canyon Ranch,Canyon Ranch,,,,,,,,,7,LPGA,Official,2012,Floridas Natural Brand,Floridas Natural Brand,,,,,,,,,8,LPGA,Official,2012,Frontier Airlines,Frontier Airlines,,,,,,,,,9,LPGA,Official,2012,Getty Images,Getty Images,,,,,,,,,10,LPGA,Official,2012,InterContinental Hotels Group,InterContinental Hotels Group,,,,,,,,,11,LPGA,Official,2012,Kia,Kia,,,,,,,,,12,LPGA,Official,2012,Language Training Center,Language Training Center,,,,,,,,,13,LPGA,Official,2012,MedjetAssist,MedjetAssist,,,,,,,,,14,LPGA,Official,2012,Mirassou Winery,Mirassou Winery,,,,,,,,,15,LPGA,Official,2012,National Car Rental,National Car Rental,,,,,,,,,16,LPGA,Official,2012,Prudential,Prudential,,,,,,,,,17,LPGA,Official,2012,RolexWatch USA,RolexWatch USA,,,,,,,,,18,LPGA,Official,2012,RR Donnelley,RR Donnelley,,,,,,,,,19,LPGA,Official,2012,Sunology,Sunology,,,,,,,,,20,LPGA,Official,2012,The JM Smucker Co,The JM Smucker Co,,,,,,,,,21,LPGA,Official,2012,Tiffany & Co,Tiffany & Co,,,,,,,,,22,LPGA,Official,2012,Volvik,Volvik,,,,,,,,,23,USSAIL,Regatta,2012,Louis Vuitton,LVMH,Louis Vuitton,America's Cup,Yachting,,,,,,24,USSAIL,Team,2012,BMW,BMW,,America's Cup,Yachting,,,,,,25,USSAIL,Team,2012,Oracle,Oracle,,America's Cup,Yachting,,,,,,26,USSAIL,Team,2012,Audi,Volkswagen,Audi,America's Cup,Yachting,,,,,,27,BASS,Title,2012,Cabelas,Cabelas,,,Bass Fishing,,,,,,28,BASS,Official,2012,Berkley Fishing,Berkley Fishing,,,Bass Fishing,,,,,,29,BASS,Official,2012,Evan Williams Bourbon,Evan Williams Bourbon,,,Bass Fishing,,,,,,30,BASS,Official,2012,Mercury,Mercury,,,Bass Fishing,,,,,,31,BASS,Official,2012,Skeeter Fishing Boats,Skeeter Fishing Boats,,,Bass Fishing,,,,,,32,BASS,Official,2012,Toyota Trucks,Toyota Trucks,,,Bass Fishing,,,,,,33,BASS,Official,2012,Triton Boats,Triton Boats,,,Bass Fishing,,,,,,34,BASS,Official,2012,Yamaha,Yamaha,,,Bass Fishing,,,,,,35,BASS,Supporting,2012,Booyah Bait Co,Booyah Bait Co,,,Bass Fishing,,,,,,36,BASS,Supporting,2012,Hummingbird,Hummingbird,,,Bass Fishing,,,,,,37,BASS,Supporting,2012,Lowrance,Lowrance,,,Bass Fishing,,,,,,38,BASS,Supporting,2012,Minn Kota Sports,Minn Kota Sports,,,Bass Fishing,,,,,,39,BASS,Supporting,2012,Owner Hooks,Owner Hooks,,,Bass Fishing,,,,,,40,BASS,Supporting,2012,Simms,Simms,,,Bass Fishing,,,,,,41,FLW,Title,2011,Walmart,Walmart,,,Bass Fishing,,,,,,42,FLW,Official,2011,AMP Energy,AMP Energy,,,Bass Fishing,,,,,,43,FLW,Official,2011,BandAid,BandAid,,,Bass Fishing,,,,,,44,FLW,Official,2011,Castrol,Castrol,,,Bass Fishing,,,,,,45,FLW,Official,2011,Chevrolet,Chevrolet,,,Bass Fishing,,,,,,46,FLW,Official,2011,Diet Mountain Dew,Diet Mountain Dew,,,Bass Fishing,,,,,,47,FLW,Official,2011,Dunkin Donuts,Dunkin Donuts,,,Bass Fishing,,,,,,48,FLW,Official,2011,Duracell,Duracell,,,Bass Fishing,,,,,,49,FLW,Official,2011,EverStart,EverStart,,,Bass Fishing,,,,,,50,FLW,Official,2011,Evinrude,Evinrude,,,Bass Fishing,,,,,,51,FLW,Official,2011,Folgers,Folgers,,,Bass Fishing,,,,,,52,FLW,Official,2011,Gillette,Gillette,,,Bass Fishing,,,,,,53,FLW,Official,2011,Goodwill Industries,Goodwill Industries,,,Bass Fishing,,,,,,54,FLW,Official,2011,Iams,Iams,,,Bass Fishing,,,,,,55,FLW,Official,2011,Keebler,Keebler,,,Bass Fishing,,,,,,56,FLW,Official,2011,Kelloggs,Kelloggs,,,Bass Fishing,,,,,,57,FLW,Official,2011,LowRange,LowRange,,,Bass Fishing,,,,,,58,FLW,Official,2011,Mercury,Mercury,,,Bass Fishing,,,,,,59,FLW,Official,2011,National Guard,National Guard,,,Bass Fishing,,,,,,60,FLW,Official,2011,Neosporin,Neosporin,,,Bass Fishing,,,,,,61,FLW,Official,2011,Off,Off,,,Bass Fishing,,,,,,62,FLW,Official,2011,PickensPlancom,PickensPlancom,,,Bass Fishing,,,,,,63,FLW,Official,2011,Planters,Planters,,,Bass Fishing,,,,,,64,FLW,Official,2011,PlayStation 3,PlayStation 3,,,Bass Fishing,,,,,,65,FLW,Official,2011,Prevacid,Prevacid,,,Bass Fishing,,,,,,66,FLW,Official,2011,Pringles,Pringles,,,Bass Fishing,,,,,,67,FLW,Official,2011,Ranger Boats,Ranger Boats,,,Bass Fishing,,,,,,68,FLW,Official,2011,Rapala,Rapala,,,Bass Fishing,,,,,,69,FLW,Official,2011,Scotch Blue Painters Tape,Scotch Blue Painters Tape,,,Bass Fishing,,,,,,70,FLW,Official,2011,Snickers,Snickers,,,Bass Fishing,,,,,,71,FLW,Official,2011,Straight Talk,Straight Talk,,,Bass Fishing,,,,,,72,WON,Official,2012,Bass Pro Shops,Bass Pro Shops,,,Bass Fishing,,,,,,73,WON,Official,2012,BoatResponsiblycom,BoatResponsiblycom,,,Bass Fishing,,,,,,74,WON,Official,2012,Boulder Station Casino,Boulder Station Casino,,,Bass Fishing,,,,,,75,WON,Official,2012,Canyon Plastics,Canyon Plastics,,,Bass Fishing,,,,,,76,WON,Official,2012,Costa,Costa,,,Bass Fishing,,,,,,77,WON,Official,2012,HiSeas,HiSeas,,,Bass Fishing,,,,,,78,WON,Official,2012,Konocti Vista Casino,Konocti Vista Casino,,,Bass Fishing,,,,,,79,WON,Official,2012,Lowrance,Lowrance,,,Bass Fishing,,,,,,80,WON,Official,2012,Mercury,Mercury,,,Bass Fishing,,,,,,81,WON,Official,2012,Motor Guide,Motor Guide,,,Bass Fishing,,,,,,82,WON,Official,2012,Nitro,Nitro,,,Bass Fishing,,,,,,83,WON,Official,2012,Plano Molding Company,Plano Molding Company,,,Bass Fishing,,,,,,84,WON,Official,2012,Quality Performance Marine,Quality Performance Marine,,,Bass Fishing,,,,,,85,WON,Official,2012,Seaguar,Seaguar,,,Bass Fishing,,,,,,86,WON,Official,2012,Trolling Motor Doctor,Trolling Motor Doctor,,,Bass Fishing,,,,,,87,WON,Official,2012,YoZuri America,YoZuri America,,,Bass Fishing,,,,,,88,Indycar,Title Sponsor,2012,Izod,Izod,,Indianapolis 500,,Jersey,7,Dollars_Millions, 6 Year Deal Signed in November 2009,,89,Indycar,Official,2012,AirMed,AirMed,,Indianapolis 500,,,,,,,90,Indycar,Official,2012,Apex Brazil,Apex Brazil,,Indianapolis 500,,,,,,,91,Indycar,Official,2012,Avis,Avis,,Indianapolis 500,,,,,,,92,Indycar,Official,2012,Brembo,Brembo,,Indianapolis 500,,,,,,,93,Indycar,Official,2012,BorgWarner Turbo Systems,BorgWarner,BorgWarner Turbo Systems,Indianapolis 500,,,,,,,94,Indycar,Official,2012,Cenvo,Cenvo,,Indianapolis 500,,,,,,,95,Indycar,Official,2012,Chevrolet,General Motors,Chevrolet,Indianapolis 500,,,,,,,96,Indycar,Official,2012,Dallara,Dallara,,Indianapolis 500,,,,,,,97,Indycar,Official,2012,DB Schenker,DB Schenker,,Indianapolis 500,,,,,,,98,Indycar,Official,2012,Exact Target,Exact Target,,Indianapolis 500,,,,,,,99,Indycar,Official,2012,Featherlite Trailers,Featherlite Trailers,,Indianapolis 500,,,,,,,100,Indycar,Official,2012,Firestone,Firestone,,Indianapolis 500,,,,,,,101,Indycar,Official,2012,Fuzzys Ultra Premium Vodka,Fuzzys Ultra Premium Vodka,,Indianapolis 500,,,,,,,102,Indycar,Official,2012,Green Fuel Technologies,Green Fuel Technologies,,Indianapolis 500,,,,,,,103,Indycar,Official,2012,Holmatro,Holmatro,,Indianapolis 500,,,,,,,104,Indycar,Official,2012,Honda,Honda,,Indianapolis 500,,,,,,,105,Indycar,Official,2012,Honda Generators,Honda,Honda Generators,Indianapolis 500,,,,,,,106,Indycar,Official,2012,IZOD,IZOD,,Indianapolis 500,,,,,,,107,Indycar,Official,2012,Just Pop In,Just Pop In,,Indianapolis 500,,,,,,,108,Indycar,Official,2012,Kymco Motorcycles Scooters  ATVs,Kymco Motorcycles Scooters  ATVs,,Indianapolis 500,,,,,,,109,Indycar,Official,2012,Lincoln Electric,Lincoln Electric,,Indianapolis 500,,,,,,,110,Indycar,Official,2012,Lotus,Lotus,,Indianapolis 500,,,,,,,111,Indycar,Official,2012,Novo Nordisk,Novo Nordisk,,Indianapolis 500,,,,,,,112,Indycar,Official,2012,Ortsbo,Ortsbo,,Indianapolis 500,,,,,,,113,Indycar,Official,2012,Peak Motor Oil,Peak Motor Oil,,Indianapolis 500,,,,,,,114,Indycar,Official,2012,PerkinElmer,PerkinElmer,,Indianapolis 500,,,,,,,115,Indycar,Official,2012,Philips,Philips,,Indianapolis 500,,,,,,,116,Indycar,Official,2012,Racing Electronics,Racing Electronics,,Indianapolis 500,,,,,,,117,Indycar,Official,2012,SafetyKleen,SafetyKleen,,Indianapolis 500,,,,,,,118,Indycar,Official,2012,Sheraton,Sheraton,,Indianapolis 500,,,,,,,119,Indycar,Official,2012,Sirius XM Radio,Sirius XM Radio,,Indianapolis 500,,,,,,,120,Indycar,Official,2012,Skip Barber Racing School,Skip Barber Racing School,,Indianapolis 500,,,,,,,121,Indycar,Official,2012,Sunoco,Sunoco,,Indianapolis 500,,,,,,,122,Indycar,Official,2012,Victorinox,Victorinox,,Indianapolis 500,,,,,,,123,Indycar,Official,2012,Wenger,Wenger,,Indianapolis 500,,,,,,,124,Indycar,Official,2012,XYQ,XYQ,,Indianapolis 500,,,,,,,125,Indycar,Promotional,2012,Boy Scouts of America,Boy Scouts of America,,Indianapolis 500,,,,,,,126,Indycar,Promotional,2012,Clabber Girl,Clabber Girl,,Indianapolis 500,,,,,,,127,Indycar,Promotional,2012,Drivers Edge,Drivers Edge,,Indianapolis 500,,,,,,,128,Indycar,Promotional,2012,Herff Jones,Herff Jones,,Indianapolis 500,,,,,,,129,Indycar,Promotional,2012,Hot Wheels,Hot Wheels,,Indianapolis 500,,,,,,,130,Indycar,Promotional,2012,Immersion Media,Immersion Media,,Indianapolis 500,,,,,,,131,Indycar,Promotional,2012,iRacingcom,iRacingcom,,Indianapolis 500,,,,,,,132,Indycar,Promotional,2012,Jesubi,Jesubi,,Indianapolis 500,,,,,,,133,Indycar,Promotional,2012,Larsens,Larsens,,Indianapolis 500,,,,,,,134,Indycar,Promotional,2012,Magnum Essential Equipment,Magnum Essential Equipment,,Indianapolis 500,,,,,,,135,Indycar,Promotional,2012,National Guard,National Guard,,Indianapolis 500,,,,,,,136,Indycar,Promotional,2012,Trim Nutrition,Trim Nutrition,,Indianapolis 500,,,,,,,137,Indycar,Promotional,2012,Xtrac,Xtrac,,Indianapolis 500,,,,,,,138,MLB,Official,2012,AnheuserBusch,AnheuserBusch,,,,,,,,,139,MLB,Official,2012,Bank of America,Bank of America,,,,,,,,,140,MLB,Official,2012,One a Day,Bayer,One a Day,,,,,,,,141,MLB,Official,2012,FIA Card Service,FIA Card Service,,,,,,,,,142,MLB,Official,2012,Firestone,Firestone,,,,,,,,,143,MLB,Official,2012,Frito Lay,Frito Lay,,,,,,,,,144,MLB,Official,2012,Gatorade,Gatorade,,,,,,,,,145,MLB,Official,2012,Gillette,Gillette,,,,,,,,,146,MLB,Official,2012,Chevrolet,General Motors,Chevrolet,,,,,,,,147,MLB,Official,2012,InterContinental Hotels Group,InterContinental Hotels Group,,,,,,,,,148,MLB,Official,2012,KPMG,KPMG,,,,,,,,,149,MLB,Official,2012,MasterCardWorldwide,MasterCardWorldwide,,,,,,,,,150,MLB,Official,2012,Nike,Nike,,,,,,,,,151,MLB,Official,2012,PepsiCola,PepsiCola,,,,,,,,,152,MLB,Official,2012,Scotts,Scotts,,,,,,,,,153,MLB,Official,2012,State Farm,State Farm,,,,,,,,,154,MLB,Official,2012,Taco Bell,Taco Bell,,,,,,,,,155,MLB,Official,2012,Sirius XM Satellite Radio,Sirius XM Satellite Radio,,,,,,,,,156,MLB,MLB.com,2012,AnheuserBusch,AnheuserBusch,,,,,,,,,157,MLB,MLB.com,2012,Bank of America,Bank of America,,,,,,,,,158,MLB,MLB.com,2012,One a Day,Bayer,One a Day,,,,,,,,159,MLB,MLB.com,2012,Captain Morgan,Captain Morgan,,,,,,,,,160,MLB,MLB.com,2012,Cisco,Cisco,,,,,,,,,161,MLB,MLB.com,2012,Dove,Dove,,,,,,,,,162,MLB,MLB.com,2012,FIA Card Service,FIA Card Service,,,,,,,,,163,MLB,MLB.com,2012,Firestone,Firestone,,,,,,,,,164,MLB,MLB.com,2012,FritoLay,FritoLay,,,,,,,,,165,MLB,MLB.com,2012,Gatorade,Gatorade,,,,,,,,,166,MLB,MLB.com,2012,Chevrolet,General Motors,Chevrolet,,,,,,,,167,MLB,MLB.com,2012,Gillette,Gillette,,,,,,,,,168,MLB,MLB.com,2012,Holiday Inn,InterContinental Hotels Group,Holiday Inn,,,,,,,,169,MLB,MLB.com,2012,MasterCard International,MasterCard International,,,,,,,,,170,MLB,MLB.com,2012,Nike,Nike,,,,,,,,,171,MLB,MLB.com,2012,Panasonic,Panasonic,,,,,,,,,172,MLB,MLB.com,2012,PepsiCola,PepsiCola,,,,,,,,,173,MLB,MLB.com,2012,Prudential,Prudential,,,,,,,,,174,MLB,MLB.com,2012,Scotts,Scotts,,,,,,,,,175,MLB,MLB.com,2012,Sears,Sears,,,,,,,,,176,MLB,MLB.com,2012,Sports Illustrated,Sports Illustrated,,,,,,,,,177,MLB,MLB.com,2012,Sprint,Sprint,,,,,,,,,178,MLB,MLB.com,2012,State Farm,State Farm,,,,,,,,,179,MLB,MLB.com,2012,Under Armour,Under Armour,,,,,,,,,180,MLB,MLB.com,2012,US Army,US Army,,,,,,,,,181,MLB,MLB.com,2012,US Marines Corps,US Marines Corps,,,,,,,,,183,MLL,Official,2012,Body by Jake Global,Body by Jake Global,,,,,,,,,184,MLL,Official,2012,Brine,Brine,,,,,,,,,185,MLL,Official,2012,Bud Light,AnheiserBusch,Bud Light,,,,,,,,186,MLL,Official,2012,Cascade,Cascade,,,,,,,,,187,MLL,Official,2012,CokeZero,Coca Cola,CokeZero,,,,,,,,188,MLL,Official,2012,EFX,EFX,,,,,,,,,189,MLL,Official,2012,Ford,Ford,,,,,,,,,190,MLL,Official,2012,Great Atlantic Lacrosse Company,Great Atlantic Lacrosse Company,,,,,,,,,191,MLL,Official,2012,Powerade,PepsiCo,Powerade,,,,,,,,192,MLL,Official,2012,Warrior Lacrosse,Warrior Lacrosse,,,,,,,,,193,MLS,Official,2012,Adidas,Adidas,,,,,,,,,194,MLS,Official,2012,Allstate,Allstate,,,,,,,,,195,MLS,Official,2012,Aquafina,PepsiCo,Aquafina,,,,,,,,196,MLS,Official,2012,AT&T,AT&T,,,,,,,,,197,MLS,Official,2012,Budweiser,AnheiserBusch,Budweiser,,,,,,,,198,MLS,Official,2012,Bimbo,Bimbo,,,,,,,,,199,MLS,Official,2012,Castrol,Castrol,,,,,,,,,200,MLS,Official,2012,Continental Tire,Continental Tire,,,,,,,,,201,MLS,Official,2012,Degree for men,Rexona,Degree for men,,,,,,,,202,MLS,Official,2012,Dicks Sporting Goods,Dicks Sporting Goods,,,,,,,,,203,MLS,Official,2012,el Jimador Tequila,el Jimador Tequila,,,,,,,,,204,MLS,Official,2012,Gatorade,PepsiCo,Gatorade,,,,,,,,205,MLS,Official,2012,JeldWen Windows  Doors,JeldWen Windows  Doors,,,,,,,,,206,MLS,Official,2012,Makita,Makita,,,,,,,,,207,MLS,Official,2012,Panasonic,Panasonic,,,,,,,,,208,MLS,Official,2012,Pepsi Max,PepsiCo,Pepsi Max,,,,,,,,209,MLS,Official,2012,Red Bull,Red Bull,,,,,,,,,210,MLS,Official,2012,The Home Depot,The Home Depot,,,,,,,,,211,MLS,Official,2012,VISA,VISA,,,,,,,,,212,MLS,Official,2012,Volkswagen,Volkswagen,,,,,,,,,213,MLS,Official,2012,XBOX 360,Microsoft,XBOX 360,,,,,,,,214,MLS,Franchise,2012,Herbalife,Herbalife,,,,Jersey,5,Dollars_Millions,,Los Angeles Galaxy,Jersey215,MLS,Franchise,2012,Bank of Montreal,Bank of Montreal,,,,Jersey,4,Dollars_Millions,,Toronto FC,Jersey216,MLS,Franchise,2012,Microsoft,Microsoft,,,,Jersey,4,Dollars_Millions,,Seattle Sounders FC,Jersey217,MLS,Franchise,2012,Volkswagen,Volkswagen,,,,Jersey,3.7,Dollars_Millions,,D.C. United,Jersey218,MLS,Franchise,2012,Best Buy,Best Buy,,,,Jersey,2.6,Dollars_Millions,,Chicago Fire,Jersey219,MLS,Franchise,2012,Comex Group,Comex Group,,,,Jersey,2,Dollars_Millions,,Chivas USA,Jersey220,MLS,Franchise,2012,Amigo Energy,Amigo Energy,,,,Jersey,1.9,Dollars_Millions,,Houston Dynamo,Jersey221,MLS,Franchise,2012,Glidden,Glidden,,,,Jersey,1,Dollars_Millions,,Columbus Crew,Jersey222,MLS,Franchise,2012,XanGo,XanGo,,,,Jersey,1,Dollars_Millions,,Real Salt Lake,Jersey223,MLS,Franchise,2012,Bell Canada,Bell Canada,,,,Jersey,3.87,Dollars_Millions,,Vancouver Whitecaps,Jersey224,NASCAR,Official,2012,3M,3M,,,,,,,,,225,NASCAR,Official,2012,Bank of America,Bank of America,,,,,,,,,226,NASCAR,Official,2012,Camping World,Camping World,,,,,,,,,227,NASCAR,Official,2012,Canadian Tire,Canadian Tire,,,,,,,,,228,NASCAR,Official,2012,Chevrolet,General Motors,Chevrolet,,,,,,,,229,NASCAR,Official,2012,CocaCola,CocaCola,,,,,,,,,230,NASCAR,Official,2012,Coors Light,Molson Coors,Coors Light,,,,,,,,231,NASCAR,Official,2012,DirecTV,DirecTV,,,,,,,,,232,NASCAR,Official,2012,Dodge,Chrysler LLC,Dodge,,,,,,,,233,NASCAR,Official,2012,Drive4COPD,Drive4COPD,,,,,,,,,234,NASCAR,Official,2012,DuPont,DuPont,,,,,,,,,235,NASCAR,Official,2012,Exide,Exide,,,,,,,,,236,NASCAR,Official,2012,Featherlite Coach,Featherlite,Featherlite Coach,,,,,,,,237,NASCAR,Official,2012,Featherlite Trailers,Featherlite,Featherlite Trailers,,,,,,,,238,NASCAR,Official,2012,Ford,Ford,,,,,,,,,239,NASCAR,Official,2012,Freescale,Freescale,,,,,,,,,240,NASCAR,Official,2012,Freightliner Trucks,Freightliner Trucks,,,,,,,,,241,NASCAR,Official,2012,Growth Energy,Growth Energy,,,,,,,,,242,NASCAR,Official,2012,Gillette,Proctor  Gamble,Gillette,,,,,,,,243,NASCAR,Official,2012,Goodyear,Goodyear,,,,,,,,,244,NASCAR,Official,2012,Head  Shoulders,Proctor  Gamble,Head  Shoulders,,,,,,,,245,NASCAR,Official,2012,Mars,Mars,,,,,,,,,246,NASCAR,Official,2012,Mobil 1,Exxon Mobil,Mobil 1,,,,,,,,247,NASCAR,Official,2012,McLaren,McLaren,,,,,,,,,248,NASCAR,Official,2012,Nabisco,Kraft,Nabisco,,,,,,,,249,NASCAR,Official,2012,National Corn Growers Assoc,National Corn Growers Assoc,,,,,,,,,250,NASCAR,Official,2012,Nationwide Insurance,Nationwide Insurance,,,,,,,,,251,NASCAR,Official,2012,Office Depot,Office Depot,,,,,,,,,252,NASCAR,Official,2012,Old Spice,Proctor  Gamble,Old Spice,,,,,,,,253,NASCAR,Official,2012,SafetyKleen,SafetyKleen,,,,,,,,,254,NASCAR,Official,2012,Sirius XM Radio,Sirius XM Radio,,,,,,,,,255,NASCAR,Official,2012,Sprint,Sprint,,,,,,,,,256,NASCAR,Official,2012,Sunoco,Sunoco,,,,,,,,,257,NASCAR,Official,2012,Toyota,Toyota,,,,,,,,,258,NASCAR,Official,2012,Unilever,Unilever,,,,,,,,,259,NASCAR,Official,2012,UPS,UPS,,,,,,,,,260,NASCAR,Official,2012,USG,USG,,,,,,,,,261,NASCAR,Official,2012,Visa,Visa,,,,,,,,,262,NASCAR,Official,2012,K  N,K  N,,,,,,,,,263,NASCAR,Official,2012,Whelen Engineering,Whelen Engineering,,,,,,,,,264,NASCAR,Title,2012,Nationwide Insurance,Nationwide Insurance,,,,Jersey,10,Dollars_Millions,7 Year Deal Signed in 2007 Lasting Through 2014 Season,,265,NBA,Official,1,Adidas,Adidas,,,,,,,,,266,NBA,Official,1,AutoTradercom,AutoTradercom,,,,,,,,,267,NBA,Official,1,Budweiser,AnheuserBusch,Budweiser,,,,,,,,268,NBA,Official,1,BBVA,BBVA,,,,,,,,,269,NBA,Official,1,Cisco,Cisco,,,,,,,,,270,NBA,Official,1,Dasani,CocaCola Co,Dasani,,,,,,,,271,NBA,Official,1,EA Sports,EA Sports,,,,,,,,,272,NBA,Official,1,FedEx,FedEx,,,,,,,,,273,NBA,Official,1,Gatorade,PepsiCo,Gatorade,,,,,,,,274,NBA,Official,1,HewlettPackard,HewlettPackard,,,,,,,,,275,NBA,Official,1,Haier,Haier,,,,,,,,,276,NBA,Official,1,Kia Motors,Kia Motors,,,,,,,,,277,NBA,Official,1,Lamasil,Novartis Pharmaceutical,Lamasil,,,,,,,,278,NBA,Official,1,Lenovo,Lenovo,,,,,,,,,279,NBA,Official,1,McDonalds,McDonalds,,,,,,,,,280,NBA,Official,1,Nike,Nike,,,,,,,,,281,NBA,Official,1,Minute Maid,CocaCola Co,Minute Maid,,,,,,,,282,NBA,Official,1,Right Guard,Right Guard,,,,,,,,,283,NBA,Official,1,Southwest Airlines,Southwest Airlines,,,,,,,,,284,NBA,Official,1,Spaulding,Spaulding,,,,,,,,,285,NBA,Official,1,Sprite,CocaCola Co,Sprite,,,,,,,,286,NBA,Official,1,TMobile,TMobile,,,,,,,,,287,NBA,Official,1,Toyota,Toyota,,,,,,,,,288,NBA,Official,1,Wrigley,Wrigley,,,,,,,,,289,NBA,Official,1,Sirius XM Satellite Radio,Sirius XM Satellite Radio,,,,,,,,,290,NCAA,Corporate Champion,2012,AT&T,AT&T,,,Football,Jersey,35,Dollars_Millions,,,291,NCAA,Corporate Champion,2012,CocaCola,CocaCola,,,Football,Jersey,35,Dollars_Millions,,,292,NCAA,Corporate Champion,2012,General Motors,General Motors,,,Football,Jersey,35,Dollars_Millions,,,293,NCAA,Corporate Partner,2012,Buick,General Motors,Buick,,Football,Jersey,10,Dollars_Millions,,,294,NCAA,Corporate Partner,2012,Enterprise RentACar,Enterprise RentACar,,,Football,Jersey,10,Dollars_Millions,,,295,NCAA,Corporate Partner,2012,Hartford Financial Services Group,Hartford Financial Services Group,,,Football,Jersey,10,Dollars_Millions,,,296,NCAA,Corporate Partner,2012,LG,LG,,,Football,Jersey,10,Dollars_Millions,,,297,NCAA,Corporate Partner,2012,Lowes,Lowes,,,Football,Jersey,10,Dollars_Millions,,,298,NCAA,Corporate Partner,2012,Planters,Kraft,Planters,,Football,Jersey,10,Dollars_Millions,,,299,NCAA,Corporate Partner,2012,Reeses,Mars,Reeses,,Football,Jersey,10,Dollars_Millions,,,300,NCAA,Corporate Partner,2012,Unilever,Unilever,,,Football,Jersey,10,Dollars_Millions,,,301,NCAA,Corporate Partner,2012,UPS,UPS,,,Football,Jersey,10,Dollars_Millions,,,302,NFL,Official,1,Bank of America,Bank of America,,,,,,,,,303,NFL,Official,1,Bridgestone,Bridgestone,,,,,,,,,304,NFL,Official,1,Campbell Soup,Campbell Soup,,,,,,,,,305,NFL,Official,1,Canon USA,Cannon,Canon USA,,,,,,,,306,NFL,Official,1,FedEx,FedEx,,,,,,,,,307,NFL,Official,1,FritoLay,PepsiCo,FritoLay,,,,,,,,308,NFL,Official,1,Gatorade,Gatorade,Gatorade,,,,,,,,309,NFL,Official,1,General Motors,General Motors,,,,,,,,,310,NFL,Official,1,IBM,IBM,,,,,,,,,311,NFL,Official,1,Mars Snackfood,Mars Snackfood,,,,,,,,,312,NFL,Official,1,Coors Light,MillerCoors,Coors Light,,,,,,,,313,NFL,Official,1,Monstercom,Monstercom,,,,,,,,,314,NFL,Official,1,Motorola,Motorola,,,,,,,,,315,NFL,Official,1,National Dairy Council,National Dairy Council,,,,,,,,,316,NFL,Official,1,National Guard,National Guard,,,,,,,,,317,NFL,Official,1,News America,News America,,,,,,,,,318,NFL,Official,1,Pepsi,PepsiCo,Pepsi,,,,,,,,319,NFL,Official,1,Prilosec OTC,Proctor  Gamble,Prilosec OTC,,,,,,,,320,NFL,Official,1,Head  Shoulders,Proctor  Gamble,Head  Shoulders,,,,,,,,321,NFL,Official,1,Old Spice,Proctor  Gamble,Old Spice,,,,,,,,322,NFL,Official,1,Samsung,Samsung,,,,,,,,,323,NFL,Official,1,Sprint,Sprint,,,,,,,,,324,NFL,Official,1,State Farm,State Farm,,,,,,,,,325,NFL,Official,1,Ticketmaster,Ticketmaster,,,,,,,,,326,NFL,Official,1,Tropicana,Tropicana,,,,,,,,,327,NFL,Official,1,Visa,Visa,,,,,,,,,328,NHL,Official,1,Bell,Bell,,,,,,,,,329,NHL,Official,1,Bridgestone,Bridgestone,,,,,,,,,330,NHL,Official,1,Canadian Tire,Canadian Tire,,,,,,,,,331,NHL,Official,1,Cisco,Cisco,,,,,,,,,332,NHL,Official,1,Compuware,Compuware,,,,,,,,,333,NHL,Official,1,Discover Card,Discover Card,,,,,,,,,334,NHL,Official,1,EA Sports,EA Sports,,,,,,,,,335,NHL,Official,1,Enterprise RentACar,Enterprise RentACar,,,,,,,,,336,NHL,Official,1,Geico,Geico,,,,,,,,,337,NHL,Official,1,Hersheys,Hersheys,,,,,,,,,338,NHL,Official,1,Honda,Honda,,,,,,,,,339,NHL,Official,1,Kimberly Clark,Kimberly Clark,,,,,,,,,340,NHL,Official,1,Kraft,Kraft,,,,,,,,,341,NHL,Official,1,Las Vegas Convention and Visitors Authority,Las Vegas Convention and Visitors Authority,,,,,,,,,342,NHL,Official,1,McDonalds,McDonalds,,,,,,,,,343,NHL,Official,1,Molson Coors/MillerCorrs,Molson Coors/MillerCorrs,,,,,,,,,344,NHL,Official,1,Panini,Panini,,,,,,,,,345,NHL,Official,1,Pepsi,PepsiCo,Pepsi,,,,,,,,346,NHL,Official,1,Gatorade,PepsiCo,Gatorade,,,,,,,,347,NHL,Official,1,Aquafina,PepsiCo,Aquafina,,,,,,,,348,NHL,Official,1,FritoLay,PepsiCo,FritoLay,,,,,,,,349,NHL,Official,1,Reebok,Reebok,,,,,,,,,350,NHL,Official,1,Scotiabank,Scotiabank,,,,,,,,,351,NHL,Official,1,Sirius/XM,Sirius/XM,,,,,,,,,352,NHL,Official,1,Starwood Hotels,Starwood Hotels,,,,,,,,,353,NHL,Official,1,Ticketmaster,Ticketmaster,,,,,,,,,354,NHL,Official,1,Tim Hortons,Tim Hortons,,,,,,,,,355,NHL,Official,1,Upper Deck,Upper Deck,,,,,,,,,356,NHL,Official,1,Verizon Wireless,Verizon Wireless,,,,,,,,,357,NHL,Official,1,Visa,Visa,,,,,,,,,358,IOC,Worldwide Partner,2012,Acer,Acer,,2012 Olympics,,,,,,,359,IOC,Worldwide Partner,2012,Atos,Atos,,2012 Olympics,,,,,,,360,IOC,Worldwide Partner,2012,CocaCola,CocaCola,,2012 Olympics,,,,,,,361,IOC,Worldwide Partner,2012,Dow,Dow,,2012 Olympics,,,,,,,362,IOC,Worldwide Partner,2012,General Electric,General Electric,,2012 Olympics,,,,,,,363,IOC,Worldwide Partner,2012,McDonalds,McDonalds,,2012 Olympics,,,,,,,364,IOC,Worldwide Partner,2012,Omega SA,Omega SA,,2012 Olympics,,,,,,,365,IOC,Worldwide Partner,2012,Panasonic,Panasonic,,2012 Olympics,,,,,,,366,IOC,Worldwide Partner,2012,Procter  Gamble,Procter  Gamble,,2012 Olympics,,,,,,,367,IOC,Worldwide Partner,2012,Samsung,Samsung,,2012 Olympics,,,,,,,368,IOC,Worldwide Partner,2012,Visa,Visa,,2012 Olympics,,,,,,,369,LeMans,Official,2012,Autoweek,Autoweek,,American LeMans Series,,,,,,,370,LeMans,Official,2012,BMW,BMW,,American LeMans Series,,,,,,,371,LeMans,Official,2012,Chevrolet,Chevrolet,,American LeMans Series,,,,,,,372,LeMans,Official,2012,Delivra,Delivra,,American LeMans Series,,,,,,,373,LeMans,Official,2012,Deltran Battery Tender,Deltran Battery Tender,,American LeMans Series,,,,,,,374,LeMans,Official,2012,Dunlap,Dunlap,,American LeMans Series,,,,,,,375,LeMans,Official,2012,Flaken,Flaken,,American LeMans Series,,,,,,,376,LeMans,Official,2012,Forza Motorsport,Forza Motorsport,,American LeMans Series,,,,,,,377,LeMans,Official,2012,IHG,IHG,,American LeMans Series,,,,,,,378,LeMans,Official,2012,Mazda,Mazda,,American LeMans Series,,,,,,,379,LeMans,Official,2012,Michelin,Michelin,,American LeMans Series,,,,,,,380,LeMans,Official,2012,MucOff,MucOff,,American LeMans Series,,,,,,,381,LeMans,Official,2012,Panoz,Panoz,,American LeMans Series,,,,,,,382,LeMans,Official,2012,NameSilo,NameSilo,,American LeMans Series,,,,,,,383,LeMans,Official,2012,Porsche,Porsche,,American LeMans Series,,,,,,,384,LeMans,Official,2012,Robert Graham,Robert Graham,,American LeMans Series,,,,,,,385,LeMans,Official,2012,Sports Car Club of America,Sports Car Club of America,,American LeMans Series,,,,,,,386,LeMans,Official,2012,Tequila Patrn,Tequila Patrn,,American LeMans Series,,,,,,,387,LeMans,Official,2012,VP Racing Fuel,VP Racing Fuel,,American LeMans Series,,,,,,,388,LeMans,Official,2012,World Endurance Championship,World Endurance Championship,,American LeMans Series,,,,,,,389,LeMans,Official,2012,Yancys Fancy,Yancys Fancy,,American LeMans Series,,,,,,,390,LeMans,Official,2012,Yokohama,Yokohama,,American LeMans Series,,,,,,,391,LeMans,Official,2012,Allstate Roadside Service,Allstate Roadside Service,,Grand Am,,,,,,,392,LeMans,Official,2012,CocaCola,CocaCola,,Grand Am,,,,,,,393,LeMans,Official,2012,Continental Tire,Continental Tire,,Grand Am,,,,,,,394,LeMans,Official,2012,Featherlite Trailers,Featherlite Trailers,,Grand Am,,,,,,,395,LeMans,Official,2012,InterContinental Hotels  Resorts iRacingcom,InterContinental Hotels  Resorts iRacingcom,,Grand Am,,,,,,,396,LeMans,Official,2012,PRS Guitars,PRS Guitars,,Grand Am,,,,,,,397,LeMans,Official,2012,Rolex,Rolex,,Grand Am,,,,,,,398,LeMans,Official,2012,Shorts Travel Management,Shorts Travel Management,,Grand Am,,,,,,,399,LeMans,Official,2012,Speedcom Communications,Speedcom Communications,,Grand Am,,,,,,,400,LeMans,Official,2012,Sunoco,Sunoco,,Grand Am,,,,,,,401,LeMans,Official,2012,SunTrust,SunTrust,,Grand Am,,,,,,,402,LeMans,Official,2012,Toshiba,Toshiba,,Grand Am,,,,,,,403,LeMans,Official,2012,Total Lubricants,Total Lubricants,,Grand Am,,,,,,,404,LeMans,Official,2012,VisitFloridacom,VisitFloridacom,,Grand Am,,,,,,,405,LeMans,Partnership,2012,CocaCola,CocaCola,,NHRA,,,,,,,406,LeMans,Partnership,2012,Powerade,Powerade,,NHRA,,,,,,,407,LeMans,Partnership,2012,Dasani,Dasani,,NHRA,,,,,,,408,LeMans,Partnership,2012,Full Throttle,Full Throttle,,NHRA,,,,,,,409,LeMans,Official,2012,Brut,Brut,,NHRA,,,,,,,410,LeMans,Official,2012,Budweiser,Budweiser,,NHRA,,,,,,,411,LeMans,Official,2012,Craftsman,Craftsman,,NHRA,,,,,,,412,LeMans,Official,2012,CSK Auto,CSK Auto,,NHRA,,,,,,,413,LeMans,Official,2012,Elite,Elite,,NHRA,,,,,,,414,LeMans,Official,2012,Fram,Fram,,NHRA,,,,,,,415,LeMans,Official,2012,GMC Trucks,GMC Trucks,,NHRA,,,,,,,416,LeMans,Official,2012,Goodyear,Goodyear,,NHRA,,,,,,,417,LeMans,Official,2012,HarleyDavidson,HarleyDavidson,,NHRA,,,,,,,418,LeMans,Official,2012,Hurst,Hurst,,NHRA,,,,,,,419,LeMans,Official,2012,Lend America,Lend America,,NHRA,,,,,,,420,LeMans,Official,2012,Lucas Oil,Lucas Oil,,NHRA,,,,,,,421,LeMans,Official,2012,Main Gate,Main Gate,,NHRA,,,,,,,422,LeMans,Official,2012,Motel 6,Motel 6,,NHRA,,,,,,,423,LeMans,Official,2012,Okuma,Okuma,,NHRA,,,,,,,424,LeMans,Official,2012,Phoenix Custom Apparel,Phoenix Custom Apparel,,NHRA,,,,,,,425,LeMans,Official,2012,Pontiac,Pontiac,,NHRA,,,,,,,426,LeMans,Official,2012,Prestone,Prestone,,NHRA,,,,,,,427,LeMans,Official,2012,RE Racing Electronics,RE Racing Electronics,,NHRA,,,,,,,428,LeMans,Official,2012,Ringers Gloves,Ringers Gloves,,NHRA,,,,,,,429,LeMans,Official,2012,Sioux City Truck and Trailer,Sioux City Truck and Trailer,,NHRA,,,,,,,430,LeMans,Official,2012,Skoal,Skoal,,NHRA,,,,,,,431,LeMans,Official,2012,Summit Racing Equipment,Summit Racing Equipment,,NHRA,,,,,,,432,LeMans,Official,2012,US Army,US Army,,NHRA,,,,,,,433,LeMans,Official,2012,UPS,UPS,,NHRA,,,,,,,434,LeMans,Official,2012,VP Racing,VP Racing,,NHRA,,,,,,,435,LeMans,Official,2012,WyoTech,WyoTech,,NHRA,,,,,,,436,LeMans,Official,2012,Armor All,Armor All,,World of Outlaws Sprint Car Series,,,,,,,437,LeMans,Official,2012,AstroTitanium,AstroTitanium,,World of Outlaws Sprint Car Series,,,,,,,438,LeMans,Official,2012,ButlerBuilt,ButlerBuilt,,World of Outlaws Sprint Car Series,,,,,,,439,LeMans,Official,2012,Cometic Gasket,Cometic Gasket,,World of Outlaws Sprint Car Series,,,,,,,440,LeMans,Official,2012,Comp Cams,Comp Cams,,World of Outlaws Sprint Car Series,,,,,,,441,LeMans,Official,2012,Fuel Safe,Fuel Safe,,World of Outlaws Sprint Car Series,,,,,,,442,LeMans,Official,2012,The Goodyear Tire  Rubber Company,The Goodyear Tire  Rubber Company,,World of Outlaws Sprint Car Series,,,,,,,443,LeMans,Official,2012,Intercomp,Intercomp,,World of Outlaws Sprint Car Series,,,,,,,444,LeMans,Official,2012,Jakes Customs Golf Carts,Jakes Customs Golf Carts,,World of Outlaws Sprint Car Series,,,,,,,445,LeMans,Official,2012,JE Pistons,JE Pistons,,World of Outlaws Sprint Car Series,,,,,,,446,LeMans,Official,2012,JJ Auto Racing,JJ Auto Racing,,World of Outlaws Sprint Car Series,,,,,,,447,LeMans,Official,2012,Kistler Engines,Kistler Engines,,World of Outlaws Sprint Car Series,,,,,,,448,LeMans,Official,2012,Klotz Synthetic Lubricants,Klotz Synthetic Lubricants,,World of Outlaws Sprint Car Series,,,,,,,449,LeMans,Official,2012,KSE Racing Products,KSE Racing Products,,World of Outlaws Sprint Car Series,,,,,,,450,LeMans,Official,2012,MSD Ignition,MSD Ignition,,World of Outlaws Sprint Car Series,,,,,,,451,LeMans,Official,2012,Penske Racing Shocks,Penske Racing Shocks,,World of Outlaws Sprint Car Series,,,,,,,452,LeMans,Official,2012,Racing Electronics,Racing Electronics,,World of Outlaws Sprint Car Series,,,,,,,453,LeMans,Official,2012,Shaver Racing Engines,Shaver Racing Engines,,World of Outlaws Sprint Car Series,,,,,,,454,LeMans,Official,2012,Speedway Engine Development,Speedway Engine Development,,World of Outlaws Sprint Car Series,,,,,,,455,LeMans,Official,2012,STP,STP,,World of Outlaws Sprint Car Series,,,,,,,456,LeMans,Official,2012,Superflow,Superflow,,World of Outlaws Sprint Car Series,,,,,,,457,LeMans,Official,2012,SS Volvo,SS Volvo,,World of Outlaws Sprint Car Series,,,,,,,458,LeMans,Official,2012,TNT Rescue,TNT Rescue,,World of Outlaws Sprint Car Series,,,,,,,459,LeMans,Official,2012,University of Northwestern Ohio,University of Northwestern Ohio,,World of Outlaws Sprint Car Series,,,,,,,460,LeMans,Official,2012,Vicci,Vicci,,World of Outlaws Sprint Car Series,,,,,,,461,LeMans,Official,2012,VP Racing Fuels,VP Racing Fuels,,World of Outlaws Sprint Car Series,,,,,,,462,LeMans,Official,2012,Weld Racing,Weld Racing,,World of Outlaws Sprint Car Series,,,,,,,463,LeMans,Official,2012,WIX,WIX,,World of Outlaws Sprint Car Series,,,,,,,464,LeMans,Official,2012,Arizona Sport Shirts,Arizona Sport Shirts,,World of Outlaws Late Model Series,,,,,,,465,LeMans,Official,2012,Armor All,Armor All,,World of Outlaws Late Model Series,,,,,,,466,LeMans,Official,2012,ButlerBuilt,ButlerBuilt,,World of Outlaws Late Model Series,,,,,,,467,LeMans,Official,2012,Cometic Gasket,Cometic Gasket,,World of Outlaws Late Model Series,,,,,,,468,LeMans,Official,2012,Comp Cams,Comp Cams,,World of Outlaws Late Model Series,,,,,,,469,LeMans,Official,2012,Dominator Race Products,Dominator Race Products,,World of Outlaws Late Model Series,,,,,,,470,LeMans,Official,2012,Eibach Springs,Eibach Springs,,World of Outlaws Late Model Series,,,,,,,471,LeMans,Official,2012,GRT Race Cars,GRT Race Cars,,World of Outlaws Late Model Series,,,,,,,472,LeMans,Official,2012,Hoosier Racing Tire,Hoosier Racing Tire,,World of Outlaws Late Model Series,,,,,,,473,LeMans,Official,2012,Integra Racing Shocks,Integra Racing Shocks,,World of Outlaws Late Model Series,,,,,,,474,LeMans,Official,2012,Jakes Carts,Jakes Carts,,World of Outlaws Late Model Series,,,,,,,475,LeMans,Official,2012,JE Pistons,JE Pistons,,World of Outlaws Late Model Series,,,,,,,476,LeMans,Official,2012,Klotz Synthetic Lubricants,Klotz Synthetic Lubricants,,World of Outlaws Late Model Series,,,,,,,477,LeMans,Official,2012,Longacre,Longacre,,World of Outlaws Late Model Series,,,,,,,478,LeMans,Official,2012,MSD Ignition,MSD Ignition,,World of Outlaws Late Model Series,,,,,,,479,LeMans,Official,2012,Ohlins,Ohlins,,World of Outlaws Late Model Series,,,,,,,480,LeMans,Official,2012,Quarter Master,Quarter Master,,World of Outlaws Late Model Series,,,,,,,481,LeMans,Official,2012,Racing Electronics,Racing Electronics,,World of Outlaws Late Model Series,,,,,,,482,LeMans,Official,2012,Rocket Chassis,Rocket Chassis,,World of Outlaws Late Model Series,,,,,,,483,LeMans,Official,2012,Roush Yates Performance Parts,Roush Yates Performance Parts,,World of Outlaws Late Model Series,,,,,,,484,LeMans,Official,2012,STP,STP,,World of Outlaws Late Model Series,,,,,,,485,LeMans,Official,2012,SuperFlow,SuperFlow,,World of Outlaws Late Model Series,,,,,,,486,LeMans,Official,2012,TNT Rescue,TNT Rescue,,World of Outlaws Late Model Series,,,,,,,487,LeMans,Official,2012,Vicci,Vicci,,World of Outlaws Late Model Series,,,,,,,488,LeMans,Official,2012,VP Racing Fuels,VP Racing Fuels,,World of Outlaws Late Model Series,,,,,,,489,LeMans,Official,2012,Warrior Chassis,Warrior Chassis,,World of Outlaws Late Model Series,,,,,,,490,LeMans,Official,2012,Weld Racing,Weld Racing,,World of Outlaws Late Model Series,,,,,,,491,LeMans,Official,2012,WIX Filters,WIX Filters,,World of Outlaws Late Model Series,,,,,,,492,LeMans,Official,2012,Wrisco Industries,Wrisco Industries,,World of Outlaws Late Model Series,,,,,,,493,LeMans,Official,2012,XS PowerRacing Batteries,XS PowerRacing Batteries,,World of Outlaws Late Model Series,,,,,,,494,LeMans,Official,2012,Acerbis,Acerbis,,AMA Motorcross Championship,,,,,,,495,LeMans,Official,2012,Air National Guard,Air National Guard,,AMA Motorcross Championship,,,,,,,496,LeMans,Official,2012,Alpine Stars,Alpine Stars,,AMA Motorcross Championship,,,,,,,497,LeMans,Official,2012,Asterisk,Asterisk,,AMA Motorcross Championship,,,,,,,498,LeMans,Official,2012,GoPro,GoPro,,AMA Motorcross Championship,,,,,,,499,LeMans,Official,2012,KTM,KTM,,AMA Motorcross Championship,,,,,,,500,LeMans,Official,2012,Lucas Oil Products,Lucas Oil Products,,AMA Motorcross Championship,,,,,,,501,LeMans,Official,2012,Makita,Makita,,AMA Motorcross Championship,,,,,,,502,LeMans,Official,2012,Moose Racing,Moose Racing,,AMA Motorcross Championship,,,,,,,503,LeMans,Official,2012,Motion Pro,Motion Pro,,AMA Motorcross Championship,,,,,,,504,LeMans,Official,2012,Muscle Milk,Muscle Milk,,AMA Motorcross Championship,,,,,,,505,LeMans,Official,2012,MXS,MXS,,AMA Motorcross Championship,,,,,,,506,LeMans,Official,2012,Oakley,Oakley,,AMA Motorcross Championship,,,,,,,507,LeMans,Official,2012,Parts Unlimited,Parts Unlimited,,AMA Motorcross Championship,,,,,,,508,LeMans,Official,2012,Rockstar Energy Drink,Rockstar Energy Drink,,AMA Motorcross Championship,,,,,,,509,LeMans,Official,2012,Thor,Thor,,AMA Motorcross Championship,,,,,,,510,LeMans,Official,2012,Toyota Trucks,Toyota Trucks,,AMA Motorcross Championship,,,,,,,511,LeMans,Official,2012,UFO Plastic,UFO Plastic,,AMA Motorcross Championship,,,,,,,512,LeMans,Official,2012,Wiseco,Wiseco,,AMA Motorcross Championship,,,,,,,513,LeMans,Official,2012,Z1R Helmets,Z1R Helmets,,AMA Motorcross Championship,,,,,,,514,PBA,Official,2012,AlkaSeltzer Plus,AlkaSeltzer Plus,,,Bowling,,,,,,515,PBA,Official,2012,Barbasol,Barbasol,,,Bowling,,,,,,516,PBA,Official,2012,Bayer,Bayer,,,Bowling,,,,,,517,PBA,Official,2012,Brunswick,Brunswick,,,Bowling,,,,,,518,PBA,Official,2012,Budweiser,Budweiser,,,Bowling,,,,,,519,PBA,Official,2012,Geico,Geico,,,Bowling,,,,,,520,PBA,Official,2012,Jack Links Beef Jerky,Jack Links Beef Jerky,,,Bowling,,,,,,521,PBA,Official,2012,Just For Men,Just For Men,,,Bowling,,,,,,522,PBA,Official,2012,Pepsi,Pepsi,,,Bowling,,,,,,523,PBA,Official,2012,United States Bowling Congress,United States Bowling Congress,,,Bowling,,,,,,524,NCA,Official,2012,Action Moments,Action Moments,,,Cheerleading,,,,,,525,NCA,Official,2012,Dance Central 2,Dance Central 2,,,Cheerleading,,,,,,526,NCA,Official,2012,Degree Girl,Degree Girl,,,Cheerleading,,,,,,527,NCA,Official,2012,Freeze IT,Freeze IT,,,Cheerleading,,,,,,528,NCA,Official,2012,Gatorade,Gatorade,,,Cheerleading,,,,,,529,NCA,Official,2012,PBteen,PBteen,,,Cheerleading,,,,,,530,NCA,Official,2012,Playtex Sport,Playtex Sport,,,Cheerleading,,,,,,531,NCA,Official,2012,Softlips,Softlips,,,Cheerleading,,,,,,532,NCA,Official,2012,Varsity Brands,Varsity Brands,,,Cheerleading,,,,,,533,USAF,Partner,2012,Action Moments,Action Moments,,,Cheerleading,,,,,,534,USAF,Partner,2012,Cheerleader  DanzTeam,Cheerleader  DanzTeam,,,Cheerleading,,,,,,535,USAF,Partner,2012,Dollamur,Dollamur,,,Cheerleading,,,,,,536,USAF,Partner,2012,EirthPay,EirthPay,,,Cheerleading,,,,,,537,USAF,Partner,2012,Hollis  Associates,Hollis  Associates,,,Cheerleading,,,,,,538,USAF,Partner,2012,Isagenix,Isagenix,,,Cheerleading,,,,,,539,USAF,Partner,2012,Message In A Bottle Productions,Message In A Bottle Productions,,,Cheerleading,,,,,,540,USAF,Partner,2012,Midwest Trophy,Midwest Trophy,,,Cheerleading,,,,,,541,USAF,Partner,2012,Nfinity Shoes,Nfinity Shoes,,,Cheerleading,,,,,,542,USAF,Partner,2012,Ozone,Ozone,,,Cheerleading,,,,,,543,USAF,Partner,2012,Ross Athletics,Ross Athletics,,,Cheerleading,,,,,,544,USAF,Partner,2012,Varsity Spirit Fashions,Varsity Spirit Fashions,,,Cheerleading,,,,,,545,USAF,Partner,2012,Wink Performance Cosmetics,Wink Performance Cosmetics,,,Cheerleading,,,,,,546,CrossFit,Title,2012,Reebok,Reebok,,,Fitness,,,,,,547,CrossFit,Official,2012,FRS,FRS,,,Fitness,,,,,,548,CrossFit,Official,2012,GNC,GNC,,,Fitness,,,,,,549,CrossFit,Official,2012,Rogue Fitness,Rogue Fitness,,,Fitness,,,,,,550,CrossFit,Official,2012,Vita Coco,Vita Coco,,,Fitness,,,,,,551,USLax,Official,2012,Champion,Champion,,,Lacrosse,,,,,,552,USLax,Official,2012,Marriott,Marriott,,,Lacrosse,,,,,,553,USLax,Official,2012,Nationwide Insurance,Nationwide Insurance,,,Lacrosse,,,,,,554,USLax,Official,2012,US Bank,US Bank,,,Lacrosse,,,,,,555,NA,Title,2012,ING,ING,,New York City Marathon,Marathon,,,,,,556,NA,Official,2012,ASICS,ASICS,,New York City Marathon,Marathon,,,,,,557,NA,Official,2012,Foot Locker,Foot Locker,,New York City Marathon,Marathon,,,,,,558,NA,Official,2012,Nissan,Nissan,,New York City Marathon,Marathon,,,,,,559,NA,Official,2012,The New York Times,The New York Times,,New York City Marathon,Marathon,,,,,,560,NA,Official,2012,The Rudin Family,The Rudin Family,,New York City Marathon,Marathon,,,,,,561,NA,Official,2012,Timex,Timex,,New York City Marathon,Marathon,,,,,,562,NA,Official,2012,United Airlines,United Airlines,,New York City Marathon,Marathon,,,,,,563,PBR,Official,2012,Allegiant Air,Allegiant Air,,,Rodeo,,,,,,564,PBR,Official,2012,Ariat,Ariat,,,Rodeo,,,,,,565,PBR,Official,2012,BW Trailer Hitches,BW Trailer Hitches,,,Rodeo,,,,,,566,PBR,Official,2012,Bad Boy Movers,Bad Boy Movers,,,Rodeo,,,,,,567,PBR,Official,2012,Bass Pro Shops,Bass Pro Shops,,,Rodeo,,,,,,568,PBR,Official,2012,Big Tex Trailers,Big Tex Trailers,,,Rodeo,,,,,,569,PBR,Official,2012,City of Las Vegas,City of Las Vegas,,,Rodeo,,,,,,570,PBR,Official,2012,Cooper Tires,Cooper Tires,,,Rodeo,,,,,,571,PBR,Official,2012,Dickies,Dickies,,,Rodeo,,,,,,572,PBR,Official,2012,Exclusive Genetics,Exclusive Genetics,,,Rodeo,,,,,,573,PBR,Official,2012,Express Ranches,Express Ranches,,,Rodeo,,,,,,574,PBR,Official,2012,Ford,Ford,,,Rodeo,,,,,,575,PBR,Official,2012,Jack Daniels,Jack Daniels,,,Rodeo,,,,,,576,PBR,Official,2012,Jeffrey Scott Fine Magnetics,Jeffrey Scott Fine Magnetics,,,Rodeo,,,,,,577,PBR,Official,2012,Lincoln Welders,Lincoln Welders,,,Rodeo,,,,,,578,PBR,Official,2012,Lucas Oil Products,Lucas Oil Products,,,Rodeo,,,,,,579,PBR,Official,2012,Mandalay Bay,Mandalay Bay,,,Rodeo,,,,,,580,PBR,Official,2012,NBC Sports Network,NBC Sports Network,,,Rodeo,,,,,,581,PBR,Official,2012,Priefert Rodeo  Ranch Equipment,Priefert Rodeo  Ranch Equipment,,,Rodeo,,,,,,582,PBR,Official,2012,RockStar Energy Drink,RockStar Energy Drink,,,Rodeo,,,,,,583,PBR,Official,2012,Rocky Mountain Elk Foundation,Rocky Mountain Elk Foundation,,,Rodeo,,,,,,584,PBR,Official,2012,Stanley Tools,Stanley Tools,,,Rodeo,,,,,,585,PBR,Official,2012,US Air Force,US Air Force,,,Rodeo,,,,,,586,PBR,Official,2012,Wrangler,Wrangler,,,Rodeo,,,,,,587,NA,Worldwide Partner,2011,EDF,EDF,,World Cup,Rugby,,,,,,588,IRB,Worldwide Partner,2011,GMF,GMF,,World Cup,Rugby,,,,,,589,IRB,Worldwide Partner,2011,Peugeot,Peugeot,,World Cup,Rugby,,,,,,590,IRB,Worldwide Partner,2011,SNCF,SNCF,,World Cup,Rugby,,,,,,591,IRB,Worldwide Partner,2011,Socit Gnrale,Socit Gnrale,,World Cup,Rugby,,,,,,592,IRB,Worldwide Partner,2011,VISA,VISA,,World Cup,Rugby,,,,,,593,IRB,Official,2011,Capgemini,Capgemini,,World Cup,Rugby,,,,,,594,IRB,Official,2011,Emirates Airline,Emirates Airline,,World Cup,Rugby,,,,,,595,IRB,Official,2011,Heineken,Heineken,,World Cup,Rugby,,,,,,596,IRB,Official,2011,Orange,Orange,,World Cup,Rugby,,,,,,597,IRB,Official,2011,Toshiba,Toshiba,,World Cup,Rugby,,,,,,598,IRB,Official,2011,Vediorbis,Vediorbis,,World Cup,Rugby,,,,,,599,IRB,Worldwide Partner,2012,Adidas,Adidas,,,Soccer,,,,,,600,FIFA,Worldwide Partner,2012,CocaCola,CocaCola,,,Soccer,,,,,,601,FIFA,Worldwide Partner,2012,Emirates Airline,Emirates Airline,,,Soccer,,,,,,602,FIFA,Worldwide Partner,2012,HyundaiKIA Motors,HyundaiKIA Motors,,,Soccer,,,,,,603,FIFA,Worldwide Partner,2012,Sony,Sony,,,Soccer,,,,,,604,FIFA,Worldwide Partner,2012,VISA,VISA,,,Soccer,,,,,,605,FIFA,Official,2014,Budweiser,Budweiser,,World Cup,Soccer,,,,,,606,FIFA,Official,2014,Castrol,Castrol,,World Cup,Soccer,,,,,,607,FIFA,Official,2014,Continental,Continental,,World Cup,Soccer,,,,,,608,FIFA,Official,2014,McDonalds,McDonalds,,World Cup,Soccer,,,,,,609,FIFA,Official,2014,MTN Group,MTN Group,,World Cup,Soccer,,,,,,610,FIFA,Official,2014,Mahindra Satyam,Mahindra Satyam,,World Cup,Soccer,,,,,,611,FIFA,Official,2014,Seara,Seara,,World Cup,Soccer,,,,,,612,FIFA,Official,2014,Yingli Solar,Yingli Solar,,World Cup,Soccer,,,,,,613,FIFA,Official,2012,AT&T,AT&T,,,Soccer,,,,,,614,USSF,Official,2012,Budweiser,Budweiser,,,Soccer,,,,,,615,USSF,Official,2012,Castrol,Castrol,,,Soccer,,,,,,616,USSF,Official,2012,Dicks Sporting Goods,Dicks Sporting Goods,,,Soccer,,,,,,617,USSF,Official,2012,Gatorade,Gatorade,,,Soccer,,,,,,618,USSF,Official,2012,Jos Cuervo,Jos Cuervo,,,Soccer,,,,,,619,USSF,Official,2012,McDonalds,McDonalds,,,Soccer,,,,,,620,USSF,Official,2012,Nike,Nike,,,Soccer,,,,,,621,USSF,Official,2012,Pepsi,Pepsi,,,Soccer,,,,,,622,USSF,Official,2012,VISA,VISA,,,Soccer,,,,,,623,USSF,Official,2012,24 Hour Fitness,24 Hour Fitness,,,Softball,,,,,,624,ASA,Official,2012,Boombah,Boombah,,,Softball,,,,,,625,ASA,Official,2012,Club Spaces powered by Active,Club Spaces powered by Active,,,Softball,,,,,,626,ASA,Official,2012,Dermabond,Dermabond,,,Softball,,,,,,627,ASA,Official,2012,Disney Sports,Disney Sports,,,Softball,,,,,,628,ASA,Official,2012,eFundraising,eFundraising,,,Softball,,,,,,629,ASA,Official,2012,Great Plains CocaCola,Great Plains CocaCola,,,Softball,,,,,,630,ASA,Official,2012,Hilton Worldwide,Hilton Worldwide,,,Softball,,,,,,631,ASA,Official,2012,Liberty Mutual Responsible Sports,Liberty Mutual Responsible Sports,,,Softball,,,,,,632,ASA,Official,2012,Musco Lighting,Musco Lighting,,,Softball,,,,,,633,ASA,Official,2012,Nike,Nike,,,Softball,,,,,,634,ASA,Official,2012,PowerChalk,PowerChalk,,,Softball,,,,,,635,ASA,Official,2012,Schutt Sports,Schutt Sports,,,Softball,,,,,,636,ASA,Official,2012,Stabilizer Solutions,Stabilizer Solutions,,,Softball,,,,,,637,ASA,Official,2012,United Airlines,United Airlines,,,Softball,,,,,,638,ASA,Official,2012,US Sport Camps,US Sport Camps,,,Softball,,,,,,639,ASA,Official,2012,3N2 Sports,3N2 Sports,,,Softball,,,,,,640,NPF,Official,2012,Akadema,Akadema,,,Softball,,,,,,641,NPF,Official,2012,AMI Graphics,AMI Graphics,,,Softball,,,,,,642,NPF,Official,2012,Boombah,Boombah,,,Softball,,,,,,643,NPF,Official,2012,Combat Sports,Combat Sports,,,Softball,,,,,,644,NPF,Official,2012,Diamond Sports,Diamond Sports,,,Softball,,,,,,645,NPF,Official,2012,Easton Sports,Easton Sports,,,Softball,,,,,,646,NPF,Official,2012,EvoShield,EvoShield,,,Softball,,,,,,647,NPF,Official,2012,Louisville Slugger,Louisville Slugger,,,Softball,,,,,,648,NPF,Official,2012,Miken Sports,Miken Sports,,,Softball,,,,,,649,NPF,Official,2012,Mizuno USA,Mizuno USA,,,Softball,,,,,,650,NPF,Official,2012,Ringor,Ringor,,,Softball,,,,,,651,NPF,Official,2012,Schutt Sports,Schutt Sports,,,Softball,,,,,,652,NPF,Official,2012,Shoulder Shield,Shoulder Shield,,,Softball,,,,,,653,NPF,Official,2012,The Game,The Game,,,Softball,,,,,,654,NPF,Official,2012,Wilson Sporting Goods Co,Wilson Sporting Goods Co,,,Softball,,,,,,655,NPF,Official,2012,Worth Sports,Worth Sports,,,Softball,,,,,,656,ASP,Title,2012,Nike,Nike,,US Open Of Surfing,Surfing,,,,,,657,ASP,Official,2012,SevenEleven,SevenEleven,,US Open Of Surfing,Surfing,,,,,,658,ASP,Official,2012,Casio Gz One,Casio Gz One,,US Open Of Surfing,Surfing,,,,,,659,ASP,Official,2012,Converse,Converse,,US Open Of Surfing,Surfing,,,,,,660,ASP,Official,2012,GShock,GShock,,US Open Of Surfing,Surfing,,,,,,661,ASP,Official,2012,Goal Zero,Goal Zero,,US Open Of Surfing,Surfing,,,,,,662,ASP,Official,2012,Hurley,Hurley,,US Open Of Surfing,Surfing,,,,,,663,ASP,Official,2012,Intelliskin,Intelliskin,,US Open Of Surfing,Surfing,,,,,,664,ASP,Official,2012,Life Rolls On,Life Rolls On,,US Open Of Surfing,Surfing,,,,,,665,ASP,Official,2012,McDonalds,McDonalds,,US Open Of Surfing,Surfing,,,,,,666,ASP,Official,2012,Neff,Neff,,US Open Of Surfing,Surfing,,,,,,667,ASP,Official,2012,OC Weekly,OC Weekly,,US Open Of Surfing,Surfing,,,,,,668,ASP,Official,2012,Pacifico,Pacifico,,US Open Of Surfing,Surfing,,,,,,669,ASP,Official,2012,Paul Mitchell,Paul Mitchell,,US Open Of Surfing,Surfing,,,,,,670,ASP,Official,2012,Ralphs,Ralphs,,US Open Of Surfing,Surfing,,,,,,671,ASP,Official,2012,Red Bull,Red Bull,,US Open Of Surfing,Surfing,,,,,,672,ASP,Official,2012,Slacker,Slacker,,US Open Of Surfing,Surfing,,,,,,673,ASP,Official,2012,Surfline Radio,Surfline Radio,,US Open Of Surfing,Surfing,,,,,,674,ASP,Official,2012,Transworld Surf,Transworld Surf,,US Open Of Surfing,Surfing,,,,,,675,ASP,Official,2012,Verizon,Verizon,,US Open Of Surfing,Surfing,,,,,,676,ASP,Title,2012,Vans,Vans,,Triple Crown Of Surfing,Surfing,,,,,,677,ASP,Official,2012,ASP Hawaii,ASP Hawaii,,Triple Crown Of Surfing,Surfing,,,,,,678,ASP,Official,2012,ASP World Tour,ASP World Tour,,Triple Crown Of Surfing,Surfing,,,,,,679,ASP,Official,2012,Clif Bar,Clif Bar,,Triple Crown Of Surfing,Surfing,,,,,,680,ASP,Official,2012,Climb On,Climb On,,Triple Crown Of Surfing,Surfing,,,,,,681,ASP,Official,2012,Flo Water,Flo Water,,Triple Crown Of Surfing,Surfing,,,,,,682,ASP,Official,2012,GoPro Camera,GoPro Camera,,Triple Crown Of Surfing,Surfing,,,,,,683,ASP,Official,2012,HawaiI Tourism Authority,HawaiI Tourism Authority,,Triple Crown Of Surfing,Surfing,,,,,,684,ASP,Official,2012,Hawaiian Airlines,Hawaiian Airlines,,Triple Crown Of Surfing,Surfing,,,,,,685,ASP,Official,2012,JN Automotive Group,JN Automotive Group,,Triple Crown Of Surfing,Surfing,,,,,,686,ASP,Official,2012,Nikon,Nikon,,Triple Crown Of Surfing,Surfing,,,,,,687,ASP,Official,2012,Oceanic Time Warner Cable,Oceanic Time Warner Cable,,Triple Crown Of Surfing,Surfing,,,,,,688,ASP,Official,2012,Road Runner,Road Runner,,Triple Crown Of Surfing,Surfing,,,,,,689,ASP,Official,2012,Skull Candy,Skull Candy,,Triple Crown Of Surfing,Surfing,,,,,,690,ASP,Official,2012,State Farm Insurance,State Farm Insurance,,Triple Crown Of Surfing,Surfing,,,,,,691,ASP,Official,2012,Surfing Magazine,Surfing Magazine,,Triple Crown Of Surfing,Surfing,,,,,,692,ASP,Official,2012,Surfline,Surfline,,Triple Crown Of Surfing,Surfing,,,,,,693,ASP,Official,2012,Turtle Bay Resort,Turtle Bay Resort,,Triple Crown Of Surfing,Surfing,,,,,,694,ASP,Official,2012,Wavejet,Wavejet,,Triple Crown Of Surfing,Surfing,,,,,,695,USMS,Official,2012,Adolph Kiefer  Associates,Adolph Kiefer  Associates,,,Swimming,,,,,,696,USAD,Official,2012,AT&T,AT&T,,,Diving,,,,,,697,USAS,Official,2012,AT&T,AT&T,,,Swimming,,,,,,698,USASY,Official,2012,Clark Synthesis Tactile Sound,Clark Synthesis Tactile Sound,,,Synchronized Swiing,,,,,,699,USAWP,Official,2012,AquaHydrate9,AquaHydrate9,,,Water Polo,,,,,,700,USATF,Official,2012,BMW,BMW,,,Track and Field,,,,,,701,WTC,Title,2012,Life Time Fitness,Life Time Fitness,,Ironman,Triathalon,,,,,,702,WTC,Official,2012,All Whites,All Whites,,Ironman,Triathalon,,,,,,703,WTC,Official,2012,Allied Waste,Allied Waste,,Ironman,Triathalon,,,,,,704,WTC,Official,2012,Allina Hospitals  Clinics,Allina Hospitals  Clinics,,Ironman,Triathalon,,,,,,705,WTC,Official,2012,Associated Bank,Associated Bank,,Ironman,Triathalon,,,,,,706,WTC,Official,2012,Avis,Avis,,Ironman,Triathalon,,,,,,707,WTC,Official,2012,Bailey Nurseries,Bailey Nurseries,,Ironman,Triathalon,,,,,,708,WTC,Official,2012,BH Bikes,BH Bikes,,Ironman,Triathalon,,,,,,709,WTC,Official,2012,BH Fitness,BH Fitness,,Ironman,Triathalon,,,,,,710,WTC,Official,2012,Budget,Budget,,Ironman,Triathalon,,,,,,711,WTC,Official,2012,Catering by Kowalskis,Catering by Kowalskis,,Ironman,Triathalon,,,,,,712,WTC,Official,2012,Champion System,Champion System,,Ironman,Triathalon,,,,,,713,WTC,Official,2012,Clif Bar,Clif Bar,,Ironman,Triathalon,,,,,,714,WTC,Official,2012,Clif Shot,Clif Shot,,Ironman,Triathalon,,,,,,715,WTC,Official,2012,Gatorade,Gatorade,,Ironman,Triathalon,,,,,,716,WTC,Official,2012,Gear West Bike and Triathlon,Gear West Bike and Triathlon,,Ironman,Triathalon,,,,,,717,WTC,Official,2012,HealthEZ,HealthEZ,,Ironman,Triathalon,,,,,,718,WTC,Official,2012,Janus,Janus,,Ironman,Triathalon,,,,,,719,WTC,Official,2012,JR Watkins,JR Watkins,,Ironman,Triathalon,,,,,,720,WTC,Official,2012,KSwiss,KSwiss,,Ironman,Triathalon,,,,,,721,WTC,Official,2012,KIWI,KIWI,,Ironman,Triathalon,,,,,,722,WTC,Official,2012,Minneapolis St Paul Business Journal,Minneapolis St Paul Business Journal,,Ironman,Triathalon,,,,,,723,WTC,Official,2012,OFF,OFF,,Ironman,Triathalon,,,,,,724,WTC,Official,2012,Orca,Orca,,Ironman,Triathalon,,,,,,725,WTC,Official,2012,Philadelphia Insurance Companies,Philadelphia Insurance Companies,,Ironman,Triathalon,,,,,,726,WTC,Official,2012,Toyota,Toyota,,Ironman,Triathalon,,,,,,727,WTC,Official,2012,Zico,Zico,,Ironman,Triathalon,,,,,,728,WTC,Official,2012,Ziploc,Ziploc,,Ironman,Triathalon,,,,,,729,USFSA,Official,2012,AlkaSeltzer Plus,AlkaSeltzer Plus,AlkaSeltzer Plus,,Figure Skating,,,,,,730,USFSA,Official,2012,AT&T,AT&T,,,Figure Skating,,,,,,731,USFSA,Official,2012,Hilton Hotels,Hilton Hotels,,,Figure Skating,,,,,,732,USFSA,Official,2012,Prudential,Prudential,,,Figure Skating,,,,,,733,USFSA,Official,2012,The JM Smucker Co,The JM Smucker Co,,,Figure Skating,,,,,,734,PGA,Official,2012,Aflac,Aflac,,,,,,,,,735,PGA,Official,2012,Allegheny Sports Medicine,Allegheny Sports Medicine,,,,,,,,,736,PGA,Official,2012,Michelob Ultra,AnheiserBusch,Michelob Ultra,,,,,,,,737,PGA,Official,2012,ODouls,AnheiserBusch,ODouls,,,,,,,,738,PGA,Official,2012,Avis,Avis,,,,,,,,,739,PGA,Official,2012,Beringer,Beringer,,,,,,,,,740,PGA,Official,2012,Boston Hannah,Boston Hannah,,,,,,,,,741,PGA,Official,2012,Bridgestone,Bridgestone,,,,,,,,,742,PGA,Official,2012,Carey International,Carey International,,,,,,,,,743,PGA,Official,2012,CDW,CDW,,,,,,,,,744,PGA,Official,2012,Cessna,Cessna,,,,,,,,,745,PGA,Official,2012,Charles Schwab,Charles Schwab,,,,,,,,,746,PGA,Official,2012,CocaCola,CocaCola,,,,,,,,,747,PGA,Official,2012,FedEx,FedEx,,,,,,,,,748,PGA,Official,2012,Forbes,Forbes,,,,,,,,,749,PGA,Official,2012,GE,GE,,,,,,,,,750,PGA,Official,2012,Getty Images,Getty Images,,,,,,,,,751,PGA,Official,2012,Golf Digest Publications,Golf Digest Publications,,,,,,,,,752,PGA,Official,2012,Hawaii Tourism Authority,Hawaii Tourism Authority,,,,,,,,,753,PGA,Official,2012,Humana,Humana,,,,,,,,,754,PGA,Official,2012,InterContinental Hotels Group,InterContinental Hotels Group,,,,,,,,,755,PGA,Official,2012,John Deere,John Deere,,,,,,,,,756,PGA,Official,2012,Ketel One,Ketel One,,,,,,,,,757,PGA,Official,2012,MasterCard,MasterCard,,,,,,,,,758,PGA,Official,2012,Mitsubishi Electric,Mitsubishi Electric,,,,,,,,,759,PGA,Official,2012,Nature Valley,Nature Valley,,,,,,,,,760,PGA,Official,2012,Nolets Finest Gins,Nolets Finest Gins,,,,,,,,,761,PGA,Official,2012,PricewaterhouseCoopers,PricewaterhouseCoopers,,,,,,,,,762,PGA,Official,2012,Rolex,Rolex,,,,,,,,,763,PGA,Official,2012,Sentient,Sentient,,,,,,,,,764,PGA,Official,2012,Southern Company,Southern Company,,,,,,,,,765,PGA,Official,2012,Tiffany  Co,Tiffany  Co,,,,,,,,,766,PGA,Official,2012,Transitions Optical,Transitions Optical,,,,,,,,,767,PGA,Official,2012,Travelers,Travelers,,,,,,,,,768,PGA,Official,2012,United Airlines,United Airlines,,,,,,,,,769,PGA,Official,2012,USA Today Sports,USA Today Sports,,,,,,,,,770,PGA,Official,2012,Webcom,Webcom,,,,,,,,,771,PGA,Official,2012,Western Union Business Solutions,Western Union Business Solutions,,,,,,,,,772,Supercross,Title,2012,Monster Beverage,Monster Beverage,,,,,,,Sponsorship Commenced in 2007,,773,Supercross,Official,2012,Alpinestars,Alpinestars,,,,,,,,,774,Supercross,Official,2012,AMS Oil,AMS Oil,,,,,,,,,775,Supercross,Official,2012,DC Shoes,DC Shoes,,,,,,,,,776,Supercross,Official,2012,Discount Tire,Discount Tire,,,,,,,,,777,Supercross,Official,2012,Dunlop Tire,Dunlop Tire,,,,,,,,,778,Supercross,Official,2012,EBC Brakes,EBC Brakes,,,,,,,,,779,Supercross,Official,2012,Falken Tire,Falken Tire,,,,,,,,,780,Supercross,Official,2012,Honda,Honda,,,,,,,,,781,Supercross,Official,2012,Kawasaki,Kawasaki,,,,,,,,,782,Supercross,Official,2012,Las Vegas Hard Rock Hotel  Casino,Las Vegas Hard Rock Hotel  Casino,,,,,,,,,783,Supercross,Official,2012,KN Filters,KN Filters,,,,,,,,,784,Supercross,Official,2012,MasterCraft,MasterCraft,,,,,,,,,785,Supercross,Official,2012,NGK Spark Plugs,NGK Spark Plugs,,,,,,,,,786,Supercross,Official,2012,Parts Canada,Parts Canada,,,,,,,,,787,Supercross,Official,2012,Parts Unlimited,Parts Unlimited,,,,,,,,,788,Supercross,Official,2012,Pro Circuit,Pro Circuit,,,,,,,,,789,Supercross,Official,2012,Racer X,Racer X,,,,,,,,,790,Supercross,Official,2012,Rocky Mountain ATV,Rocky Mountain ATV,,,,,,,,,791,Supercross,Official,2012,San Manuel Band of Mission Indians,San Manuel Band of Mission Indians,,,,,,,,,792,Supercross,Official,2012,Suzuki,Suzuki,,,,,,,,,793,Supercross,Official,2012,Smith Optics,Smith Optics,,,,,,,,,794,Supercross,Official,2012,Thor,Thor,,,,,,,,,795,Supercross,Official,2012,Toyota,Toyota,,,,,,,,,796,Supercross,Official,2012,Traxxas,Traxxas,,,,,,,,,797,Supercross,Official,2012,Yamaha,Yamaha,,,,,,,,,798,WTA,Official,2012,American Express,American Express,,US Open Series,,,,,,,799,WTA,Official,2012,Emirates,Emirates,,US Open Series,,,,,,,800,WTA,Official,2012,Esurance,Esurance,,US Open Series,,,,,,,801,WTA,Official,2012,Evian,Danone Group,Evian,US Open Series,,,,,,,802,WTA,Official,2012,Gatorade,PepsiCo,Gatorade,US Open Series,,,,,,,803,WTA,Official,2012,American Express,American Express,,US Open,,,,,,,804,WTA,Official,2012,Canon,Canon,,US Open,,,,,,,805,WTA,Official,2012,Citizen,Citizen,,US Open,,,,,,,806,WTA,Official,2012,Continental Airlines,Continental Airlines,,US Open,,,,,,,807,WTA,Official,2012,Evian,Danone Group,Evian,US Open,,,,,,,808,WTA,Official,2012,Femara,Femara,,US Open,,,,,,,809,WTA,Official,2012,Heineken,Heineken,,US Open,,,,,,,810,WTA,Official,2012,IBM,IBM,,US Open,,,,,,,811,WTA,Official,2012,JPMorganChase,JPMorganChase,,US Open,,,,,,,812,WTA,Official,2012,Lever 2000,Unilever,Lever 2000,US Open,,,,,,,813,WTA,Official,2012,Lexus,Toyota,Lexus,US Open,,,,,,,814,WTA,Official,2012,Mass Mutual Financial Group,MassM Mutual,Mass Mutual Financial Group,US Open,,,,,,,815,WTA,Official,2012,Olympus,Olympus,,US Open,,,,,,,816,WTA,Official,2012,Polo,Ralph Lauren,Polo,US Open,,,,,,,817,WTA,Official,2012,Sirius XM Satellite Radio,Sirius XM Satellite Radio,,US Open,,,,,,,818,WTA,Official,2012,Tennis Magazine,Tennis Magazine,,US Open,,,,,,,819,WTA,Official,2012,The New York Times,The New York Times,,US Open,,,,,,,820,WTA,Official,2012,Tiffany  Co,Tiffany  Co,,US Open,,,,,,,821,WTA,Official,2012,Valspar Paint,Valspar Paint,,US Open,,,,,,,822,WTA,Official,2012,Vaseline,Vaseline,,US Open,,,,,,,823,WTA,Official,2012,Wilson,Wilson,,US Open,,,,,,,824,WTA,Official,2012,Dubai Duty Free,Dubai Duty Free,,,,,,,,,825,WTA,Official,2012,Jetstar,Jetstar,,,,,,,,,826,WTA,Official,2012,Oriflame,Oriflame,,,,,,,,,827,WTA,Official,2012,Peak,Peak,,,,,,,,,828,WTA,Official,2012,Xperia,Sony,Xperia,,,,,,,,829,WTA,Official,2012,USANA Health Sciences,USANA Health Sciences,,,,,,,,,830,WTA,Official,2012,Corona Extra,Corona Extra,,ATP Tour,,,,,,,831,WTA,Official,2012,Enel,Enel,,ATP Tour,,,,,,,832,WTA,Official,2012,FedEx,FedEx,,ATP Tour,,,,,,,833,WTA,Official,2012,Head,Head,,ATP Tour,,,,,,,834,WTA,Official,2012,Mot  Chandon,LVMH,Mot  Chandon,ATP Tour,,,,,,,835,WTA,Official,2012,Pacific,Pacific,,ATP Tour,,,,,,,836,WTA,Official,2012,Ricoh,Ricoh,,ATP Tour,,,,,,,837,WTA,Official,2012,South African Airways,South African Airways,,ATP Tour,,,,,,,838,WTA,Official,2012,Evian,Evian,,Wimbeldon,,,,,,,839,WTA,Official,2012,G4S,G4S,,Wimbeldon,,,,,,,840,WTA,Official,2012,Hertz,Hertz,,Wimbeldon,,,,,,,841,WTA,Official,2012,HSBC,HSBC,,Wimbeldon,,,,,,,842,WTA,Official,2012,IBM,IBM,,Wimbeldon,,,,,,,843,WTA,Official,2012,Jacobs Creek,Jacobs Creek,,Wimbeldon,,,,,,,844,WTA,Official,2012,Lanson,Lanson,,Wimbeldon,,,,,,,845,WTA,Official,2012,Lavazza,Lavazza,,Wimbeldon,,,,,,,846,WTA,Official,2012,Ralph Lauren,Ralph Lauren,,Wimbeldon,,,,,,,847,WTA,Official,2012,Robinsons,Robinsons,,Wimbeldon,,,,,,,848,WTA,Official,2012,Rolex,Rolex,,Wimbeldon,,,,,,,849,WTA,Official,2012,Slazenger,Slazenger,,Wimbeldon,,,,,,,850,WTA,Official,2012,Sony,Sony,,Wimbeldon,,,,,,,851,WTA,Official,2012,Bacardi,Bacardi,,Sony Open,,,,,,,852,WTA,Official,2012,Back Office Associates,Back Office Associates,,Sony Open,,,,,,,853,WTA,Official,2012,Baptist Health South Florida,Baptist Health South Florida,,Sony Open,,,,,,,854,WTA,Official,2012,Corona Extra,Corona Extra,,Sony Open,,,,,,,855,WTA,Official,2012,FedEx,FedEx,,Sony Open,,,,,,,856,WTA,Official,2012,Fila,Fila,,Sony Open,,,,,,,857,WTA,Official,2012,Head,Head,,Sony Open,,,,,,,858,WTA,Official,2012,Ita Bank,Ita Bank,,Sony Open,,,,,,,859,WTA,Official,2012,LAN Airlines,LAN Airlines,,Sony Open,,,,,,,860,WTA,Official,2012,Lindt Chocolates,Lindt Chocolates,,Sony Open,,,,,,,861,WTA,Official,2012,MasterCard,MasterCard,,Sony Open,,,,,,,862,WTA,Official,2012,Miamicom,Miamicom,,Sony Open,,,,,,,863,WTA,Official,2012,Nespresso,Nestle,Nespresso,Sony Open,,,,,,,864,WTA,Official,2012,Penn,Penn,,Sony Open,,,,,,,865,WTA,Official,2012,PricewaterhouseCoopers,PricewaterhouseCoopers,,Sony Open,,,,,,,866,WTA,Official,2012,Tipperary Crystal,Tipperary Crystal,,Sony Open,,,,,,,867,WTA,Official,2012,Boll,Boll,,Sony Open,,,,,,,868,WTA,Official,2012,Bombay Sapphire,Bombay Sapphire,,Sony Open,,,,,,,869,WTA,Official,2012,Great Performances,Great Performances,,Sony Open,,,,,,,870,WTA,Official,2012,IMG,IMG,,Sony Open,,,,,,,871,WTA,Official,2012,Bollettieri Tennis Academy,Bollettieri Tennis Academy,,Sony Open,,,,,,,872,WTA,Official,2012,Laykold,Laykold,,Sony Open,,,,,,,873,WTA,Official,2012,Luxilon,Luxilon,,Sony Open,,,,,,,874,WTA,Official,2012,Ocean Drive Magazine,Ocean Drive Magazine,,Sony Open,,,,,,,875,WTA,Official,2012,TennisPlaza,TennisPlaza,,Sony Open,,,,,,,876,WTA,Official,2012,USANA Health Sciences,USANA Health Sciences,,Sony Open,,,,,,,877,United States Cycling,Official,2012,Dow,Dow,,,,,,,,,878,United States Cycling,Official,2012,Exergy Development Group,Exergy Development Group,,,,,,,,,879,United States Cycling,Official,2012,Gatorade,Gatorade,,,,,,,,,880,United States Cycling,Official,2012,Holiday Inn,Holiday Inn,,,,,,,,,881,United States Cycling,Official,2012,Nike,Nike,,,,,,,,,882,United States Cycling,Official,2012,Ouch Sports Medicine Center,Ouch Sports Medicine Center,,,,,,,,,883,United States Cycling,Official,2012,Post Grape Nuts,Post Grape Nuts,,,,,,,,,884,United States Cycling,Official,2012,Shimano,Shimano,,,,,,,,,885,United States Cycling,Official,2012,Skins Compression Clothing,Skins Compression Clothing,,,,,,,,,886,United States Cycling,Official,2012,Spy Optics,Spy Optics,,,,,,,,,887,United States Cycling,Official,2012,United HealthCare,United HealthCare,,,,,,,,,888,United States Cycling,Official,2012,Volkswagen,Volkswagen,,,,,,,,,889,WNBA,Official,2012,Adidas,Adidas,,,,,,,,,890,WNBA,Official,2012,American Express,American Express,,,,,,,,,891,WNBA,Official,2012,Bacardi,Bacardi,,,,,,,,,892,WNBA,Official,2012,BBVA,BBVA,,,,,,,,,893,WNBA,Official,2012,Boost Mobile,Boost Mobile,,,,,,,,,894,WNBA,Official,2012,Budweiser,AnheuserBusch,Budweiser,,,,,,,,895,WNBA,Official,2012,CieAura,CieAura,,,,,,,,,896,WNBA,Official,2012,CocaCola,CocaCola,,,,,,,,,897,WNBA,Official,2012,Deuce,Deuce,,,,,,,,,898,WNBA,Official,2012,EA Sports,EA Sports,,,,,,,,,899,WNBA,Official,2012,Gatorade,PepsiCo,Gatorade,,,,,,,,900,WNBA,Official,2012,HewlettPackard,HewlettPackard,,,,,,,,,901,WNBA,Official,2012,Hotel Indigo,Hotel Indigo,,,,,,,,,902,WNBA,Official,2012,Jamba Juice,Jamba Juice,,,,,,,,,903,WNBA,Official,2012,Nike,Nike,,,,,,,,,904,WNBA,Official,2012,Pepperidge Farms,Pepperidge Farms,,,,,,,,,905,WNBA,Official,2012,Sanofi Pasteur,Sanofi,Sanofi Pasteur,,,,,,,,906,WNBA,Official,2012,Spalding,Spalding,,,,,,,,,907,Little League Baseball,Official,2012,Active Network,Active Network,,,Baseball,,,,,,908,Little League Baseball,Official,2012,Baseball Factory,Baseball Factory,,,Baseball,,,,,,909,Little League Baseball,Official,2012,Dicks Sporting Goods,Dicks Sporting Goods,,,Baseball,,,,,,910,Little League Baseball,Official,2012,Dudley,Dudley,,,Baseball,,,,,,911,Little League Baseball,Official,2012,Easton Sports,Easton Sports,,,Baseball,,,,,,912,Little League Baseball,Official,2012,Hilton Worldwide,Hilton Worldwide,,,Baseball,,,,,,913,Little League Baseball,Official,2012,Honda,Honda,,,Baseball,,,,,,914,Little League Baseball,Official,2012,Kelloggs Frosted Flakes,Kelloggs Frosted Flakes,,,Baseball,,,,,,915,Little League Baseball,Official,2012,Musco Sports Lighting,Musco Sports Lighting,,,Baseball,,,,,,916,Little League Baseball,Official,2012,New Era,New Era,,,Baseball,,,,,,917,Little League Baseball,Official,2012,New York Life,New York Life,,,Baseball,,,,,,918,Little League Baseball,Official,2012,Russell Athletic,Russell Athletic,,,Baseball,,,,,,919,Little League Baseball,Official,2012,Spalding,Spalding,,,Baseball,,,,,,920,Little League Baseball,Official,2012,Subway,Subway,,,Baseball,,,,,,921,Little League Baseball,Official,2012,Youth Sports Live,Youth Sports Live,,,Baseball,,,,,,922,Babe Ruth League,Official,2012,Adidas,Adidas,,,Baseball,,,,,,923,Babe Ruth League,Official,2012,Babe Ruth Store,Babe Ruth Store,,,Baseball,,,,,,924,Babe Ruth League,Official,2012,David Seeds,David Seeds,,,Baseball,,,,,,925,Babe Ruth League,Official,2012,Hersheys,Hersheys,,,Baseball,,,,,,926,Babe Ruth League,Official,2012,KK Insurance,KK Insurance,,,Baseball,,,,,,927,Babe Ruth League,Official,2012,Musco Sports Lighting,Musco Sports Lighting,,,Baseball,,,,,,928,Babe Ruth League,Official,2012,Nationwide Insurance,Nationwide Insurance,,,Baseball,,,,,,929,Babe Ruth League,Official,2012,Rawlings,Rawlings,,,Baseball,,,,,,930,Babe Ruth League,Official,2012,The Sports Authority,The Sports Authority,,,Baseball,,,,,,931,Babe Ruth League,Official,2012,TSS Photography,TSS Photography,,,Baseball,,,,,,932,Pop Warner,Official,2012,Active Network,Active Network,,,Football,,,,,,933,Pop Warner,Official,2012,Backyard Sports Rookie Rush,Backyard Sports Rookie Rush,,,Football,,,,,,934,Pop Warner,Official,2012,Bike Athletic,Bike Athletic,,,Football,,,,,,935,Pop Warner,Official,2012,Chartis Insurance,Chartis Insurance,,,Football,,,,,,936,Pop Warner,Official,2012,HK Anderson,HK Anderson,,,Football,,,,,,937,Pop Warner,Official,2012,Jostens/OurHubub,Jostens/OurHubub,,,Football,,,,,,938,Pop Warner,Official,2012,Modells Sporting Goods,Modells Sporting Goods,,,Football,,,,,,939,Pop Warner,Official,2012,Panini America formerly Donruss,Panini America formerly Donruss,,,Football,,,,,,940,Pop Warner,Official,2012,Russell Athletic,Russell Athletic,,,Football,,,,,,941,Pop Warner,Official,2012,Schutt Sports,Schutt Sports,,,Football,,,,,,942,Pop Warner,Official,2012,Spalding,Spalding,,,Football,,,,,,943,Pop Warner,Official,2012,Team Cheer,Team Cheer,,,Football,,,,,,944,Pop Warner,Official,2012,The Sports Authority,The Sports Authority,,,Football,,,,,,945,American Youth Football,Official,2012,ASEP American Sport Education Programs,ASEP American Sport Education Programs,,,Football,,,,,,946,American Youth Football,Official,2012,Citibank,Citibank,,,Football,,,,,,947,American Youth Football,Official,2012,Get In the Game,Get In the Game,,,Football,,,,,,948,American Youth Football,Official,2012,Glazier Coaching Clinics,Glazier Coaching Clinics,,,Football,,,,,,949,American Youth Football,Official,2012,Kraft Foods,Kraft Foods,,,Football,,,,,,950,American Youth Football,Official,2012,LexisNexis Volunteer Screening,LexisNexis Volunteer Screening,,,Football,,,,,,951,American Youth Football,Official,2012,Modells Sporting Goods,Modells Sporting Goods,,,Football,,,,,,952,American Youth Football,Official,2012,NCAA Football,NCAA Football,,,Football,,,,,,953,American Youth Football,Official,2012,Riddell,Riddell,,,Football,,,,,,954,American Youth Football,Official,2012,Sadler Sports Insurance,Sadler Sports Insurance,,,Football,,,,,,955,American Youth Football,Official,2012,Salesforcecom,Salesforcecom,,,Football,,,,,,956,American Youth Football,Official,2012,Sportography,Sportography,,,Football,,,,,,957,American Youth Football,Official,2012,Sports Awards Company,Sports Awards Company,,,Football,,,,,,958,American Youth Football,Official,2012,Under Armour,Under Armour,,,Football,,,,,,959,American Youth Football,Official,2012,Universal Cheerleaders Association,Universal Cheerleaders Association,,,Football,,,,,,960,American Youth Football,Official,2012,Wilson Sports,Wilson Sports,,,Football,,,,,,961,American Youth Football,Official,2012,Xtreme Procision,Xtreme Procision,,,Football,,,,,,962,American Youth Soccer,Official,2012,American Soccer Co/Score,American Soccer Co/Score,,,Soccer,,,,,,963,American Youth Soccer,Official,2012,Banners USA,Banners USA,,,Soccer,,,,,,964,American Youth Soccer,Official,2012,Clubspaces,Clubspaces,,,Soccer,,,,,,965,American Youth Soccer,Official,2012,FoldAGoal,FoldAGoal,,,Soccer,,,,,,966,American Youth Soccer,Official,2012,Fox Sports Channel,Fox Sports Channel,,,Soccer,,,,,,967,American Youth Soccer,Official,2012,Herbalife,Herbalife,,,Soccer,,,,,,968,American Youth Soccer,Official,2012,Liberty Mutual,Liberty Mutual,,,Soccer,,,,,,969,American Youth Soccer,Official,2012,MedImmune,MedImmune,,,Soccer,,,,,,970,American Youth Soccer,Official,2012,People to People,People to People,,,Soccer,,,,,,971,American Youth Soccer,Official,2012,Ralphs,Ralphs,,,Soccer,,,,,,972,American Youth Soccer,Official,2012,ShutterFly,ShutterFly,,,Soccer,,,,,,973,American Youth Soccer,Official,2012,Sport Pins International,Sport Pins International,,,Soccer,,,,,,974,American Youth Soccer,Official,2012,The Umbrella Store,The Umbrella Store,,,Soccer,,,,,,975,American Youth Soccer,Official,2012,Baymont Inn  Suites,Baymont Inn  Suites,,,Soccer,,,,,,976,US Youth Soccer,Official,2012,Clorox 2,Clorox 2,,,Soccer,,,,,,977,US Youth Soccer,Official,2012,Coleman Repellents,Coleman Repellents,,,Soccer,,,,,,978,US Youth Soccer,Official,2012,Degree,Degree,,,Soccer,,,,,,979,US Youth Soccer,Official,2012,Fox Soccer,Fox Soccer,,,Soccer,,,,,,980,US Youth Soccer,Official,2012,Kohls,Kohls,,,Soccer,,,,,,981,US Youth Soccer,Official,2012,Kwik Goal,Kwik Goal,,,Soccer,,,,,,982,US Youth Soccer,Official,2012,Liberty Mutual,Liberty Mutual,,,Soccer,,,,,,983,US Youth Soccer,Official,2012,Major League Soccer,Major League Soccer,,,Soccer,,,,,,984,US Youth Soccer,Official,2012,The Sports Authority,The Sports Authority,,,Soccer,,,,,,985,US Youth Soccer,Official,2012,Womens Professional Soccer,Womens Professional Soccer,,,Soccer,,,,,,