player,player_sports_ref_urlA.J. Feeley,http:/www.pro-football-reference.com/players/F/FeelA.00.htmAaron Brooks,http:/www.pro-football-reference.com/players/B/BrooAa00.htmAaron Rodgers,http:/www.pro-football-reference.com/players/R/RodgAa00.htmAbe Karnofsky,http:/www.pro-football-reference.com/players/K/KarnAb20.htmAdam Weber,http:/www.pro-football-reference.com/players/W/WebeAd00.htmAdrian Breen,http:/www.pro-football-reference.com/players/B/BreeAd20.htmAdrian Burk,http:/www.pro-football-reference.com/players/B/BurkAd00.htmAkili Smith,http:/www.pro-football-reference.com/players/S/SmitAk00.htmAl Dorow,http:/www.pro-football-reference.com/players/D/DoroAl00.htmAl Johnson,http:/www.pro-football-reference.com/players/J/JohnAl20.htmAl Woodall,http:/www.pro-football-reference.com/players/W/WoodAl00.htmAlan Risher,http:/www.pro-football-reference.com/players/R/RishAl20.htmAlex Espinoza,http:/www.pro-football-reference.com/players/E/EspiAl21.htmAlex Smith,http:/www.pro-football-reference.com/players/S/SmitAl03.htmAlex Tanney,http:/www.pro-football-reference.com/players/T/TannAl00.htmAlex Van Pelt,http:/www.pro-football-reference.com/players/V/VanPAl00.htmAllie Sherman,http:/www.pro-football-reference.com/players/S/SherAl20.htmAndre Ware,http:/www.pro-football-reference.com/players/W/WareAn00.htmAndrew Luck,http:/www.pro-football-reference.com/players/L/LuckAn00.htmAndrew Walter,http:/www.pro-football-reference.com/players/W/WaltAn00.htmAndy Dalton,http:/www.pro-football-reference.com/players/D/DaltAn00.htmAndy Hall,http:/www.pro-football-reference.com/players/H/HallAn00.htmAngelo Bertelli,http:/www.pro-football-reference.com/players/B/BertAn20.htmAnthony Dilweg,http:/www.pro-football-reference.com/players/D/DilwAn00.htmAnthony Wright,http:/www.pro-football-reference.com/players/W/WrigAn00.htmAnton Stolfa,http:/www.pro-football-reference.com/players/S/StolAn20.htmArchie Manning,http:/www.pro-football-reference.com/players/M/MannAr00.htmArchie Roberts,http:/www.pro-football-reference.com/players/R/RobeAr00.htmArmanti Edwards,http:/www.pro-football-reference.com/players/E/EdwaAr00.htmArnie Galiffa,http:/www.pro-football-reference.com/players/G/GaliAr20.htmArt Schlichter,http:/www.pro-football-reference.com/players/S/SchlAr00.htmAustin Davis,http:/www.pro-football-reference.com/players/D/DaviAu00.htmB.J. Coleman,http:/www.pro-football-reference.com/players/C/ColeB.00.htmB.J. Daniels,http:/www.pro-football-reference.com/players/D/DaniB.00.htmBabe Laufenberg,http:/www.pro-football-reference.com/players/L/LaufBa00.htmBabe Parilli,http:/www.pro-football-reference.com/players/P/PariBa00.htmBart Starr,http:/www.pro-football-reference.com/players/S/StarBa00.htmBen Bennett,http:/www.pro-football-reference.com/players/B/BennBe20.htmBen Roethlisberger,http:/www.pro-football-reference.com/players/R/RoetBe00.htmBenjy Dial,http:/www.pro-football-reference.com/players/D/DialBe00.htmBenny Russell,http:/www.pro-football-reference.com/players/R/RussBe00.htmBernard Quarles,http:/www.pro-football-reference.com/players/Q/QuarBe20.htmBernie Kosar,http:/www.pro-football-reference.com/players/K/KosaBe00.htmBernie Lee,http:/www.pro-football-reference.com/players/L/LeexBe20.htmBernie Masterson,http:/www.pro-football-reference.com/players/M/MastBe20.htmBert Jones,http:/www.pro-football-reference.com/players/J/JoneBe00.htmBev Wallace,http:/www.pro-football-reference.com/players/W/WallBe20.htmBill Cappleman,http:/www.pro-football-reference.com/players/C/CappBi00.htmBill Demory,http:/www.pro-football-reference.com/players/D/DemoBi00.htmBill Donckers,http:/www.pro-football-reference.com/players/D/DoncBi00.htmBill Garnaas,http:/www.pro-football-reference.com/players/G/GarnBi20.htmBill Glenn,http:/www.pro-football-reference.com/players/G/GlenBi20.htmBill Hutchinson,http:/www.pro-football-reference.com/players/H/HutcBi20.htmBill Joyce,http:/www.pro-football-reference.com/players/J/JoycBi20.htmBill Kenney,http:/www.pro-football-reference.com/players/K/KennBi00.htmBill Mackrides,http:/www.pro-football-reference.com/players/M/MackBi20.htmBill Munson,http:/www.pro-football-reference.com/players/M/MunsBi00.htmBill Musgrave,http:/www.pro-football-reference.com/players/M/MusgBi00.htmBill Nelsen,http:/www.pro-football-reference.com/players/N/NelsBi00.htmBill Troup,http:/www.pro-football-reference.com/players/T/TrouBi00.htmBilly Guy Anderson,http:/www.pro-football-reference.com/players/A/AndeBi21.htmBilly Joe Hobert,http:/www.pro-football-reference.com/players/H/HobeBi00.htmBilly Joe Tolliver,http:/www.pro-football-reference.com/players/T/TollBi00.htmBilly Kilmer,http:/www.pro-football-reference.com/players/K/KilmBi00.htmBilly Stevens,http:/www.pro-football-reference.com/players/S/StevBi00.htmBilly Volek,http:/www.pro-football-reference.com/players/V/VoleBi00.htmBilly Wade,http:/www.pro-football-reference.com/players/W/WadeBi00.htmBlaine Gabbert,http:/www.pro-football-reference.com/players/G/GabbBl00.htmBlair Kiel,http:/www.pro-football-reference.com/players/K/KielBl00.htmBob Avellini,http:/www.pro-football-reference.com/players/A/AvelBo00.htmBob Berry,http:/www.pro-football-reference.com/players/B/BerrBo00.htmBob Bleier,http:/www.pro-football-reference.com/players/B/BleiBo20.htmBob Brodhead,http:/www.pro-football-reference.com/players/B/BrodBo00.htmBob Celeri,http:/www.pro-football-reference.com/players/C/CeleBo00.htmBob Clatterbuck,http:/www.pro-football-reference.com/players/C/ClatBo00.htmBob Davis,http:/www.pro-football-reference.com/players/D/DaviBo00.htmBob DeMoss,http:/www.pro-football-reference.com/players/D/DeMoBo20.htmBob Gagliano,http:/www.pro-football-reference.com/players/G/GaglBo00.htmBob Gambold,http:/www.pro-football-reference.com/players/G/GambBo20.htmBob Griese,http:/www.pro-football-reference.com/players/G/GrieBo00.htmBob Hewko,http:/www.pro-football-reference.com/players/H/HewkBo20.htmBob Holly,http:/www.pro-football-reference.com/players/H/HollBo00.htmBob Leahy,http:/www.pro-football-reference.com/players/L/LeahBo00.htmBob Lee,http:/www.pro-football-reference.com/players/L/LeexBo00.htmBob Naponic,http:/www.pro-football-reference.com/players/N/NapoBo00.htmBob Ptacek,http:/www.pro-football-reference.com/players/P/PtacBo20.htmBob Schweickert,http:/www.pro-football-reference.com/players/S/SchwBo00.htmBob Scrabis,http:/www.pro-football-reference.com/players/S/ScraBo00.htmBob Trocolor,http:/www.pro-football-reference.com/players/T/TrocBo20.htmBob Waterfield,http:/www.pro-football-reference.com/players/W/WateBo01.htmBob Waters,http:/www.pro-football-reference.com/players/W/WateBo00.htmBob Williams,http:/www.pro-football-reference.com/players/W/WillBo20.htmBobby Douglass,http:/www.pro-football-reference.com/players/D/DougBo00.htmBobby Garrett,http:/www.pro-football-reference.com/players/G/GarrBo20.htmBobby Hebert,http:/www.pro-football-reference.com/players/H/HebeBo00.htmBobby Hoying,http:/www.pro-football-reference.com/players/H/HoyiBo00.htmBobby Layne,http:/www.pro-football-reference.com/players/L/LaynBo00.htmBobby Scott,http:/www.pro-football-reference.com/players/S/ScotBo00.htmBobby Thomason,http:/www.pro-football-reference.com/players/T/ThomBo02.htmBoley Dancewicz,http:/www.pro-football-reference.com/players/D/DancBo20.htmBoomer Esiason,http:/www.pro-football-reference.com/players/E/EsiaBo00.htmBrad  Sorensen,http:/www.pro-football-reference.com/players/S/SoreBr00.htmBrad Goebel,http:/www.pro-football-reference.com/players/G/GoebBr00.htmBrad Johnson,http:/www.pro-football-reference.com/players/J/JohnBr00.htmBrad Smith,http:/www.pro-football-reference.com/players/S/SmitBr01.htmBradlee Van Pelt,http:/www.pro-football-reference.com/players/V/VanPBr00.htmBrady Quinn,http:/www.pro-football-reference.com/players/Q/QuinBr00.htmBrandon Weeden,http:/www.pro-football-reference.com/players/W/WeedBr00.htmBrendan Folmar,http:/www.pro-football-reference.com/players/F/FolmBr20.htmBrent Pease,http:/www.pro-football-reference.com/players/P/PeasBr00.htmBrett Basanez,http:/www.pro-football-reference.com/players/B/BasaBr00.htmBrett Favre,http:/www.pro-football-reference.com/players/F/FavrBr00.htmBrett Ratliff,http:/www.pro-football-reference.com/players/R/RatlBr00.htmBrian Brohm,http:/www.pro-football-reference.com/players/B/BrohBr00.htmBrian Dowling,http:/www.pro-football-reference.com/players/D/DowlBr00.htmBrian Griese,http:/www.pro-football-reference.com/players/G/GrieBr00.htmBrian Hoyer,http:/www.pro-football-reference.com/players/H/HoyeBr00.htmBrian McClure,http:/www.pro-football-reference.com/players/M/McClBr20.htmBrian Sipe,http:/www.pro-football-reference.com/players/S/SipeBr00.htmBrian St. Pierre,http:/www.pro-football-reference.com/players/S/St.PBr20.htmBrock Berlin,http:/www.pro-football-reference.com/players/B/BerlBr00.htmBrock Huard,http:/www.pro-football-reference.com/players/H/HuarBr00.htmBrock Osweiler,http:/www.pro-football-reference.com/players/O/OsweBr00.htmBrodie Croyle,http:/www.pro-football-reference.com/players/C/CroyBr00.htmBrooks Bollinger,http:/www.pro-football-reference.com/players/B/BollBr00.htmBrowning Nagle,http:/www.pro-football-reference.com/players/N/NaglBr00.htmBruce Gradkowski,http:/www.pro-football-reference.com/players/G/GradBr00.htmBruce Lemmerman,http:/www.pro-football-reference.com/players/L/LemmBr00.htmBruce Mathison,http:/www.pro-football-reference.com/players/M/MathBr00.htmBryan Clark,http:/www.pro-football-reference.com/players/C/ClarBr22.htmBubby Brister,http:/www.pro-football-reference.com/players/B/BrisBu00.htmBuckets Hirsch,http:/www.pro-football-reference.com/players/H/HirsBu20.htmBucky Richardson,http:/www.pro-football-reference.com/players/R/RichBu00.htmBud Schwenk,http:/www.pro-football-reference.com/players/S/SchwBu20.htmBuddy Humphrey,http:/www.pro-football-reference.com/players/H/HumpBu00.htmButch Songin,http:/www.pro-football-reference.com/players/S/SongBu00.htmByron Leftwich,http:/www.pro-football-reference.com/players/L/LeftBy00.htmCade McNown,http:/www.pro-football-reference.com/players/M/McNoCa00.htmCaleb Hanie,http:/www.pro-football-reference.com/players/H/HaniCa00.htmCam Newton,http:/www.pro-football-reference.com/players/N/NewtCa00.htmCarl Summerell,http:/www.pro-football-reference.com/players/S/SummCa00.htmCarlos Brown,http:/www.pro-football-reference.com/players/B/BrowCa00.htmCarson Palmer,http:/www.pro-football-reference.com/players/P/PalmCa00.htmCary Conklin,http:/www.pro-football-reference.com/players/C/ConkCa00.htmCase Keenum,http:/www.pro-football-reference.com/players/K/KeenCa00.htmCasey Weldon,http:/www.pro-football-reference.com/players/W/WeldCa00.htmChad Henne,http:/www.pro-football-reference.com/players/H/HennCh01.htmChad Hutchinson,http:/www.pro-football-reference.com/players/H/HutcCh00.htmChad Pennington,http:/www.pro-football-reference.com/players/P/PennCh01.htmChandler Harnish,http:/www.pro-football-reference.com/players/H/HarnCh00.htmCharley Eikenberg,http:/www.pro-football-reference.com/players/E/EikeCh20.htmCharley Johnson,http:/www.pro-football-reference.com/players/J/JohnCh02.htmCharley Sarratt,http:/www.pro-football-reference.com/players/S/SarrCh20.htmCharlie Batch,http:/www.pro-football-reference.com/players/B/BatcCh00.htmCharlie Brackins,http:/www.pro-football-reference.com/players/B/BracCh20.htmCharlie Conerly,http:/www.pro-football-reference.com/players/C/ConeCh00.htmCharlie Frye,http:/www.pro-football-reference.com/players/F/FryeCh00.htmCharlie Green,http:/www.pro-football-reference.com/players/G/GreeCh00.htmCharlie Milstead,http:/www.pro-football-reference.com/players/M/MilsCh20.htmCharlie O'Rourke,http:/www.pro-football-reference.com/players/O/ORouCh20.htmCharlie Whitehurst,http:/www.pro-football-reference.com/players/W/WhitCh02.htmChase Daniel,http:/www.pro-football-reference.com/players/D/DaniCh00.htmChon Gallegos,http:/www.pro-football-reference.com/players/G/GallCh00.htmChris Chandler,http:/www.pro-football-reference.com/players/C/ChanCh00.htmChris Greisen,http:/www.pro-football-reference.com/players/G/GreiCh00.htmChris Miller,http:/www.pro-football-reference.com/players/M/MillCh00.htmChris Redman,http:/www.pro-football-reference.com/players/R/RedmCh00.htmChris Simms,http:/www.pro-football-reference.com/players/S/SimmCh00.htmChris Weinke,http:/www.pro-football-reference.com/players/W/WeinCh00.htmChristian Ponder,http:/www.pro-football-reference.com/players/P/PondCh00.htmChuck Clements,http:/www.pro-football-reference.com/players/C/ClemCh21.htmChuck Fusina,http:/www.pro-football-reference.com/players/F/FusiCh00.htmChuck Long,http:/www.pro-football-reference.com/players/L/LongCh00.htmChuck Pastrana,http:/www.pro-football-reference.com/players/P/PastCh00.htmCleo Lemon,http:/www.pro-football-reference.com/players/L/LemoCl00.htmCliff Olander,http:/www.pro-football-reference.com/players/O/OlanCl00.htmCliff Stoudt,http:/www.pro-football-reference.com/players/S/StouCl00.htmClint Longley,http:/www.pro-football-reference.com/players/L/LongCl00.htmClint Stoerner,http:/www.pro-football-reference.com/players/S/StoeCl00.htmClyde LeForce,http:/www.pro-football-reference.com/players/L/LeFoCl20.htmCody Carlson,http:/www.pro-football-reference.com/players/C/CarlCo00.htmCody Pickett,http:/www.pro-football-reference.com/players/P/PickCo00.htmColin Kaepernick,http:/www.pro-football-reference.com/players/K/KaepCo00.htmColt McCoy,http:/www.pro-football-reference.com/players/M/McCoCo00.htmCory Sauter,http:/www.pro-football-reference.com/players/S/SautCo00.htmCotton Davidson,http:/www.pro-football-reference.com/players/D/DaviCo00.htmCraig Bradshaw,http:/www.pro-football-reference.com/players/B/BradCr20.htmCraig Erickson,http:/www.pro-football-reference.com/players/E/EricCr00.htmCraig Krenzel,http:/www.pro-football-reference.com/players/K/KrenCr00.htmCraig Kupp,http:/www.pro-football-reference.com/players/K/KuppCr20.htmCraig Morton,http:/www.pro-football-reference.com/players/M/MortCr00.htmCraig Nall,http:/www.pro-football-reference.com/players/N/NallCr00.htmCraig Penrose,http:/www.pro-football-reference.com/players/P/PenrCr00.htmCraig Whelihan,http:/www.pro-football-reference.com/players/W/WhelCr00.htmCurtis Painter,http:/www.pro-football-reference.com/players/P/PainCu00.htmDameyune Craig,http:/www.pro-football-reference.com/players/C/CraiDa00.htmDamon Huard,http:/www.pro-football-reference.com/players/H/HuarDa00.htmDan Darragh,http:/www.pro-football-reference.com/players/D/DarrDa00.htmDan Fouts,http:/www.pro-football-reference.com/players/F/FoutDa00.htmDan Henning,http:/www.pro-football-reference.com/players/H/HennDa00.htmDan LeFevour,http:/www.pro-football-reference.com/players/L/LeFeDa00.htmDan Manucci,http:/www.pro-football-reference.com/players/M/ManuDa20.htmDan Marino,http:/www.pro-football-reference.com/players/M/MariDa00.htmDan McGwire,http:/www.pro-football-reference.com/players/M/McGwDa00.htmDan Orlovsky,http:/www.pro-football-reference.com/players/O/OrloDa00.htmDan Pastorini,http:/www.pro-football-reference.com/players/P/PastDa00.htmDanny Kanell,http:/www.pro-football-reference.com/players/K/KaneDa00.htmDanny White,http:/www.pro-football-reference.com/players/W/WhitDa01.htmDanny Wuerffel,http:/www.pro-football-reference.com/players/W/WuerDa00.htmDaryle Lamonica,http:/www.pro-football-reference.com/players/L/LamoDa00.htmDaunte Culpepper,http:/www.pro-football-reference.com/players/C/CulpDa00.htmDave Barr,http:/www.pro-football-reference.com/players/B/BarrDa20.htmDave Krieg,http:/www.pro-football-reference.com/players/K/KrieDa00.htmDave Leggett,http:/www.pro-football-reference.com/players/L/LeggDa20.htmDave Lewis,http:/www.pro-football-reference.com/players/L/LewiDa22.htmDave M. Brown,http:/www.pro-football-reference.com/players/B/BrowDa00.htmDave Mays,http:/www.pro-football-reference.com/players/M/MaysDa00.htmDave Ragone,http:/www.pro-football-reference.com/players/R/RagoDa00.htmDave Walter,http:/www.pro-football-reference.com/players/W/WaltDa20.htmDave Wilson,http:/www.pro-football-reference.com/players/W/WilsDa00.htmDavey O'Brien,http:/www.pro-football-reference.com/players/O/OBriDa21.htmDavid Archer,http:/www.pro-football-reference.com/players/A/ArchDa00.htmDavid Carr,http:/www.pro-football-reference.com/players/C/CarrDa00.htmDavid Garrard,http:/www.pro-football-reference.com/players/G/GarrDa00.htmDavid Humm,http:/www.pro-football-reference.com/players/H/HummDa00.htmDavid Jaynes,http:/www.pro-football-reference.com/players/J/JaynDa00.htmDavid Klingler,http:/www.pro-football-reference.com/players/K/KlinDa00.htmDavid Norrie,http:/www.pro-football-reference.com/players/N/NorrDa20.htmDavid Whitehurst,http:/www.pro-football-reference.com/players/W/WhitDa02.htmDavid Woodley,http:/www.pro-football-reference.com/players/W/WoodDa00.htmDayne Crist,http:/www.pro-football-reference.com/players/C/CrisDa00.htmDean Carlson,http:/www.pro-football-reference.com/players/C/CarlDe00.htmDean Look,http:/www.pro-football-reference.com/players/L/LookDe00.htmDean May,http:/www.pro-football-reference.com/players/M/MayxDe20.htmDennis Claridge,http:/www.pro-football-reference.com/players/C/ClarDe02.htmDennis Dixon,http:/www.pro-football-reference.com/players/D/DixoDe00.htmDennis Morrison,http:/www.pro-football-reference.com/players/M/MorrDe00.htmDennis Shaw,http:/www.pro-football-reference.com/players/S/ShawDe00.htmDennis Sproul,http:/www.pro-football-reference.com/players/S/SproDe20.htmDerek Anderson,http:/www.pro-football-reference.com/players/A/AndeDe00.htmDewey Warren,http:/www.pro-football-reference.com/players/W/WarrDe00.htmDick Flowers,http:/www.pro-football-reference.com/players/F/FlowDi20.htmDick Horn,http:/www.pro-football-reference.com/players/H/HornDi20.htmDick Jamieson,http:/www.pro-football-reference.com/players/J/JamiDi00.htmDick Norman,http:/www.pro-football-reference.com/players/N/NormDi20.htmDick Shiner,http:/www.pro-football-reference.com/players/S/ShinDi00.htmDick Wood,http:/www.pro-football-reference.com/players/W/WoodDi00.htmDieter Brock,http:/www.pro-football-reference.com/players/B/BrocDi00.htmDominique Davis,http:/www.pro-football-reference.com/players/D/DaviDo02.htmDon Allard,http:/www.pro-football-reference.com/players/A/AllaDo20.htmDon Breaux,http:/www.pro-football-reference.com/players/B/BreaDo00.htmDon Gault,http:/www.pro-football-reference.com/players/G/GaulDo00.htmDon Heinrich,http:/www.pro-football-reference.com/players/H/HeinDo00.htmDon Horn,http:/www.pro-football-reference.com/players/H/HornDo00.htmDon Klosterman,http:/www.pro-football-reference.com/players/K/KlosDo20.htmDon Majkowski,http:/www.pro-football-reference.com/players/M/MajkDo00.htmDon Meredith,http:/www.pro-football-reference.com/players/M/MereDo00.htmDon Milan,http:/www.pro-football-reference.com/players/M/MilaDo00.htmDon Panciera,http:/www.pro-football-reference.com/players/P/PancDo20.htmDon Strock,http:/www.pro-football-reference.com/players/S/StroDo00.htmDon Trull,http:/www.pro-football-reference.com/players/T/TrulDo00.htmDonald Hollas,http:/www.pro-football-reference.com/players/H/HollDo00.htmDonovan McNabb,http:/www.pro-football-reference.com/players/M/McNaDo00.htmDoug Flutie,http:/www.pro-football-reference.com/players/F/FlutDo00.htmDoug Gaynor,http:/www.pro-football-reference.com/players/G/GaynDo20.htmDoug Hudson,http:/www.pro-football-reference.com/players/H/HudsDo20.htmDoug Johnson,http:/www.pro-football-reference.com/players/J/JohnDo00.htmDoug Nussmeier,http:/www.pro-football-reference.com/players/N/NussDo00.htmDoug Pederson,http:/www.pro-football-reference.com/players/P/PedeDo00.htmDoug Williams,http:/www.pro-football-reference.com/players/W/WillDo01.htmDrew Bledsoe,http:/www.pro-football-reference.com/players/B/BledDr00.htmDrew Brees,http:/www.pro-football-reference.com/players/B/BreeDr00.htmDrew Henson,http:/www.pro-football-reference.com/players/H/HensDr00.htmDrew Stanton,http:/www.pro-football-reference.com/players/S/StanDr00.htmDrew Willy,http:/www.pro-football-reference.com/players/W/WillDr00.htmEagle Day,http:/www.pro-football-reference.com/players/D/DayxEa00.htmEarl Morrall,http:/www.pro-football-reference.com/players/M/MorrEa00.htmEd Baker,http:/www.pro-football-reference.com/players/B/BakeEd00.htmEd Blount,http:/www.pro-football-reference.com/players/B/BlouEd20.htmEd Brown,http:/www.pro-football-reference.com/players/B/BrowEd01.htmEd Burns,http:/www.pro-football-reference.com/players/B/BurnEd20.htmEd Chlebek,http:/www.pro-football-reference.com/players/C/ChleEd00.htmEd Luther,http:/www.pro-football-reference.com/players/L/LuthEd00.htmEd Mioduszewski,http:/www.pro-football-reference.com/players/M/MiodEd20.htmEd Rubbert,http:/www.pro-football-reference.com/players/R/RubbEd20.htmEd Rutkowski,http:/www.pro-football-reference.com/players/R/RutkEd00.htmEdd Hargett,http:/www.pro-football-reference.com/players/H/HargEd00.htmEddie LeBaron,http:/www.pro-football-reference.com/players/L/LeBaEd00.htmEddie Wilson,http:/www.pro-football-reference.com/players/W/WilsEd00.htmEJ  Manuel,http:/www.pro-football-reference.com/players/M/ManuEJ00.htmEli Manning,http:/www.pro-football-reference.com/players/M/MannEl00.htmElvis Grbac,http:/www.pro-football-reference.com/players/G/GrbaEl00.htmEric Hipple,http:/www.pro-football-reference.com/players/H/HippEr00.htmEric Kresser,http:/www.pro-football-reference.com/players/K/KresEr00.htmEric Zeier,http:/www.pro-football-reference.com/players/Z/ZeieEr00.htmErik Kramer,http:/www.pro-football-reference.com/players/K/KramEr00.htmErik Wilhelm,http:/www.pro-football-reference.com/players/W/WilhEr00.htmErmal Allen,http:/www.pro-football-reference.com/players/A/AlleEr20.htmErnie Case,http:/www.pro-football-reference.com/players/C/CaseEr20.htmFoster Watkins,http:/www.pro-football-reference.com/players/W/WatkFo20.htmFran Tarkenton,http:/www.pro-football-reference.com/players/T/TarkFr00.htmFrank Patrick,http:/www.pro-football-reference.com/players/P/PatrFr00.htmFrank Reich,http:/www.pro-football-reference.com/players/R/ReicFr00.htmFrank Ryan,http:/www.pro-football-reference.com/players/R/RyanFr00.htmFrank Santora,http:/www.pro-football-reference.com/players/S/SantFr20.htmFrank Seurer,http:/www.pro-football-reference.com/players/S/SeurFr00.htmFrank Tripucka,http:/www.pro-football-reference.com/players/T/TripFr00.htmFrankie Albert,http:/www.pro-football-reference.com/players/A/AlbeFr00.htmFred Benners,http:/www.pro-football-reference.com/players/B/BennFr00.htmFred Enke,http:/www.pro-football-reference.com/players/E/EnkeFr20.htmFred Wyant,http:/www.pro-football-reference.com/players/W/WyanFr20.htmGale Gilbert,http:/www.pro-football-reference.com/players/G/GilbGa00.htmGalen Hall,http:/www.pro-football-reference.com/players/H/HallGa00.htmGary Beban,http:/www.pro-football-reference.com/players/B/BebaGa00.htmGary Cuozzo,http:/www.pro-football-reference.com/players/C/CuozGa00.htmGary Danielson,http:/www.pro-football-reference.com/players/D/DaniGa00.htmGary Hogeboom,http:/www.pro-football-reference.com/players/H/HogeGa00.htmGary Huff,http:/www.pro-football-reference.com/players/H/HuffGa00.htmGary Keithley,http:/www.pro-football-reference.com/players/K/KeitGa00.htmGary Kerkorian,http:/www.pro-football-reference.com/players/K/KerkGa20.htmGary Kubiak,http:/www.pro-football-reference.com/players/K/KubiGa00.htmGary Lane,http:/www.pro-football-reference.com/players/L/LaneGa00.htmGary Marangi,http:/www.pro-football-reference.com/players/M/MaraGa00.htmGary Wood,http:/www.pro-football-reference.com/players/W/WoodGa00.htmGeno  Smith,http:/www.pro-football-reference.com/players/S/SmitGe00.htmGeorge Blanda,http:/www.pro-football-reference.com/players/B/BlanGe00.htmGeorge Herring,http:/www.pro-football-reference.com/players/H/HerrGe00.htmGeorge Izo,http:/www.pro-football-reference.com/players/I/IzoxGe00.htmGeorge Mira,http:/www.pro-football-reference.com/players/M/MiraGe00.htmGeorge Munns,http:/www.pro-football-reference.com/players/M/MunnGe20.htmGeorge Ratterman,http:/www.pro-football-reference.com/players/R/RattGe00.htmGeorge Shaw,http:/www.pro-football-reference.com/players/S/ShawGe00.htmGeorge Terlep,http:/www.pro-football-reference.com/players/T/TerlGe20.htmGeorge Wilson,http:/www.pro-football-reference.com/players/W/WilsGe00.htmGibran Hamdan,http:/www.pro-football-reference.com/players/H/HamdGi00.htmGifford Nielsen,http:/www.pro-football-reference.com/players/N/NielGi00.htmGil Johnson,http:/www.pro-football-reference.com/players/J/JohnGi20.htmGino Torretta,http:/www.pro-football-reference.com/players/T/ToreGi00.htmGlenn Carano,http:/www.pro-football-reference.com/players/C/CaraGl00.htmGlenn Foley,http:/www.pro-football-reference.com/players/F/FoleGl00.htmGlynn Griffing,http:/www.pro-football-reference.com/players/G/GrifGl00.htmGraham Harrell,http:/www.pro-football-reference.com/players/H/HarrGr00.htmGreg Barton,http:/www.pro-football-reference.com/players/B/BartGr20.htmGreg Cook,http:/www.pro-football-reference.com/players/C/CookGr00.htmGreg Knafelc,http:/www.pro-football-reference.com/players/K/KnafGr20.htmGreg Landry,http:/www.pro-football-reference.com/players/L/LandGr00.htmGreg McElroy,http:/www.pro-football-reference.com/players/M/McElGr00.htmGus Frerotte,http:/www.pro-football-reference.com/players/F/FrerGu00.htmGuy Benjamin,http:/www.pro-football-reference.com/players/B/BenjGu00.htmHal Ledyard,http:/www.pro-football-reference.com/players/L/LedyHa20.htmHarold Stephens,http:/www.pro-football-reference.com/players/S/StepHa00.htmHarry Gilmer,http:/www.pro-football-reference.com/players/G/GilmHa00.htmHarry Theofiledes,http:/www.pro-football-reference.com/players/T/TheoHa00.htmHarvey White,http:/www.pro-football-reference.com/players/W/WhitHa00.htmHeath Shuler,http:/www.pro-football-reference.com/players/S/ShulHe00.htmHenry Burris,http:/www.pro-football-reference.com/players/B/BurrHe00.htmHenry Schichtle,http:/www.pro-football-reference.com/players/S/SchiHe20.htmHugh Millen,http:/www.pro-football-reference.com/players/M/MillHu00.htmHunter Enis,http:/www.pro-football-reference.com/players/E/EnisHu00.htmIngle Martin,http:/www.pro-football-reference.com/players/M/MartIn00.htmIrv Kupcinet,http:/www.pro-football-reference.com/players/K/KupcIr20.htmJ.J. Jones,http:/www.pro-football-reference.com/players/J/JoneJ.00.htmJ.P. Losman,http:/www.pro-football-reference.com/players/L/LosmJ.00.htmJ.T. O'Sullivan,http:/www.pro-football-reference.com/players/O/OSulJ.00.htmJack Concannon,http:/www.pro-football-reference.com/players/C/ConcJa00.htmJack Del Bello,http:/www.pro-football-reference.com/players/D/DelBJa20.htmJack Jacobs,http:/www.pro-football-reference.com/players/J/JacoJa20.htmJack Kemp,http:/www.pro-football-reference.com/players/K/KempJa00.htmJack Scarbath,http:/www.pro-football-reference.com/players/S/ScarJa20.htmJack Thompson,http:/www.pro-football-reference.com/players/T/ThomJa00.htmJack Trudeau,http:/www.pro-football-reference.com/players/T/TrudJa00.htmJacky Lee,http:/www.pro-football-reference.com/players/L/LeexJa00.htmJake Delhomme,http:/www.pro-football-reference.com/players/D/DelhJa00.htmJake Locker,http:/www.pro-football-reference.com/players/L/LockJa00.htmJake Plummer,http:/www.pro-football-reference.com/players/P/PlumJa00.htmJaMarcus Russell,http:/www.pro-football-reference.com/players/R/RussJa00.htmJames Harris,http:/www.pro-football-reference.com/players/H/HarrJa01.htmJames Ritchey,http:/www.pro-football-reference.com/players/R/RitcJa20.htmJamie Martin,http:/www.pro-football-reference.com/players/M/MartJa00.htmJared Lorenzen,http:/www.pro-football-reference.com/players/L/LoreJa00.htmJarious Jackson,http:/www.pro-football-reference.com/players/J/JackJa01.htmJarrett Brown,http:/www.pro-football-reference.com/players/B/BrowJa01.htmJason Campbell,http:/www.pro-football-reference.com/players/C/CampJa00.htmJason Garrett,http:/www.pro-football-reference.com/players/G/GarrJa00.htmJay Cutler,http:/www.pro-football-reference.com/players/C/CutlJa00.htmJay Fiedler,http:/www.pro-football-reference.com/players/F/FiedJa00.htmJay Schroeder,http:/www.pro-football-reference.com/players/S/SchrJa00.htmJay Walker,http:/www.pro-football-reference.com/players/W/WalkJa22.htmJeb Blount,http:/www.pro-football-reference.com/players/B/BlouJe00.htmJeff  Tuel,http:/www.pro-football-reference.com/players/T/TuelJe00.htmJeff Blake,http:/www.pro-football-reference.com/players/B/BlakJe00.htmJeff Brohm,http:/www.pro-football-reference.com/players/B/BrohJe00.htmJeff Carlson,http:/www.pro-football-reference.com/players/C/CarlJe00.htmJeff Christensen,http:/www.pro-football-reference.com/players/C/ChriJe20.htmJeff Francis,http:/www.pro-football-reference.com/players/F/FranJe20.htmJeff Garcia,http:/www.pro-football-reference.com/players/G/GarcJe00.htmJeff George,http:/www.pro-football-reference.com/players/G/GeorJe00.htmJeff Hostetler,http:/www.pro-football-reference.com/players/H/HostJe00.htmJeff Kelly,http:/www.pro-football-reference.com/players/K/KellJe21.htmJeff Kemp,http:/www.pro-football-reference.com/players/K/KempJe00.htmJeff Knapple,http:/www.pro-football-reference.com/players/K/KnapJe20.htmJeff Komlo,http:/www.pro-football-reference.com/players/K/KomlJe00.htmJeff Lewis,http:/www.pro-football-reference.com/players/L/LewiJe01.htmJeff Rowe,http:/www.pro-football-reference.com/players/R/RoweJe00.htmJeff Rutledge,http:/www.pro-football-reference.com/players/R/RutlJe00.htmJeff Van Raaphorst,http:/www.pro-football-reference.com/players/V/VanRJe20.htmJerrod Johnson,http:/www.pro-football-reference.com/players/J/JohnJe03.htmJerry Golsteyn,http:/www.pro-football-reference.com/players/G/GolsJe00.htmJerry Niles,http:/www.pro-football-reference.com/players/N/NileJe20.htmJerry Rhome,http:/www.pro-football-reference.com/players/R/RhomJe00.htmJerry Tagge,http:/www.pro-football-reference.com/players/T/TaggJe00.htmJesse Freitas,http:/www.pro-football-reference.com/players/F/FreiJe20.htmJesse Lee Freitas,http:/www.pro-football-reference.com/players/F/FreiJe00.htmJesse Palmer,http:/www.pro-football-reference.com/players/P/PalmJe00.htmJim Bob Taylor,http:/www.pro-football-reference.com/players/T/TaylJi20.htmJim Camp,http:/www.pro-football-reference.com/players/C/CampJi20.htmJim Crocicchia,http:/www.pro-football-reference.com/players/C/CrocJi20.htmJim Del Gaizo,http:/www.pro-football-reference.com/players/D/DelGJi00.htmJim Druckenmiller,http:/www.pro-football-reference.com/players/D/DrucJi00.htmJim Everett,http:/www.pro-football-reference.com/players/E/EverJi00.htmJim Finks,http:/www.pro-football-reference.com/players/F/FinkJi00.htmJim Gaffney,http:/www.pro-football-reference.com/players/G/GaffJi20.htmJim Haluska,http:/www.pro-football-reference.com/players/H/HaluJi20.htmJim Harbaugh,http:/www.pro-football-reference.com/players/H/HarbJi00.htmJim Hardy,http:/www.pro-football-reference.com/players/H/HardJi00.htmJim Hart,http:/www.pro-football-reference.com/players/H/HartJi00.htmJim Kelly,http:/www.pro-football-reference.com/players/K/KellJi00.htmJim M. LeClair,http:/www.pro-football-reference.com/players/L/LeClJi00.htmJim McMahon,http:/www.pro-football-reference.com/players/M/McMaJi00.htmJim Miller,http:/www.pro-football-reference.com/players/M/MillJi00.htmJim Ninowski,http:/www.pro-football-reference.com/players/N/NinoJi00.htmJim Plunkett,http:/www.pro-football-reference.com/players/P/PlunJi00.htmJim Root,http:/www.pro-football-reference.com/players/R/RootJi20.htmJim Sorgi,http:/www.pro-football-reference.com/players/S/SorgJi00.htmJim Ward,http:/www.pro-football-reference.com/players/W/WardJi00.htmJim Youel,http:/www.pro-football-reference.com/players/Y/YoueJi20.htmJim Zorn,http:/www.pro-football-reference.com/players/Z/ZornJi00.htmJimmy Clausen,http:/www.pro-football-reference.com/players/C/ClauJi00.htmJimmy Jemail,http:/www.pro-football-reference.com/players/J/JemaJi20.htmJimmy Tarrant,http:/www.pro-football-reference.com/players/T/TarrJi21.htmJoe Barnes,http:/www.pro-football-reference.com/players/B/BarnJo01.htmJoe DiVito,http:/www.pro-football-reference.com/players/D/DiviJo00.htmJoe Dufek,http:/www.pro-football-reference.com/players/D/DufeJo00.htmJoe Ferguson,http:/www.pro-football-reference.com/players/F/FergJo00.htmJoe Flacco,http:/www.pro-football-reference.com/players/F/FlacJo00.htmJoe Francis,http:/www.pro-football-reference.com/players/F/FranJo20.htmJoe Germaine,http:/www.pro-football-reference.com/players/G/GermJo00.htmJoe Gilliam,http:/www.pro-football-reference.com/players/G/GillJo00.htmJoe Hamilton,http:/www.pro-football-reference.com/players/H/HamiJo20.htmJoe Kapp,http:/www.pro-football-reference.com/players/K/KappJo00.htmJoe Montana,http:/www.pro-football-reference.com/players/M/MontJo01.htmJoe Namath,http:/www.pro-football-reference.com/players/N/NamaJo00.htmJoe Pisarcik,http:/www.pro-football-reference.com/players/P/PisaJo00.htmJoe Reed,http:/www.pro-football-reference.com/players/R/ReedJo00.htmJoe Shield,http:/www.pro-football-reference.com/players/S/ShieJo20.htmJoe Theismann,http:/www.pro-football-reference.com/players/T/TheiJo00.htmJoey Harrington,http:/www.pro-football-reference.com/players/H/HarrJo00.htmJoey Sternaman,http:/www.pro-football-reference.com/players/S/SterJo21.htmJohn Beck,http:/www.pro-football-reference.com/players/B/BeckJo00.htmJohn Borton,http:/www.pro-football-reference.com/players/B/BortJo20.htmJohn Brodie,http:/www.pro-football-reference.com/players/B/BrodJo00.htmJohn Elway,http:/www.pro-football-reference.com/players/E/ElwaJo00.htmJohn Fourcade,http:/www.pro-football-reference.com/players/F/FourJo00.htmJohn Friesz,http:/www.pro-football-reference.com/players/F/FrieJo00.htmJohn Galvin,http:/www.pro-football-reference.com/players/G/GalvJo20.htmJohn Hadl,http:/www.pro-football-reference.com/players/H/HadlJo00.htmJohn Huarte,http:/www.pro-football-reference.com/players/H/HuarJo00.htmJohn Hufnagel,http:/www.pro-football-reference.com/players/H/HufnJo00.htmJohn Ksionzyk,http:/www.pro-football-reference.com/players/K/KsioJo20.htmJohn McCarthy,http:/www.pro-football-reference.com/players/M/McCaJo23.htmJohn McCormick,http:/www.pro-football-reference.com/players/M/McCoJo00.htmJohn Navarre,http:/www.pro-football-reference.com/players/N/NavaJo00.htmJohn Parker Wilson,http:/www.pro-football-reference.com/players/W/WilsJo01.htmJohn Rauch,http:/www.pro-football-reference.com/players/R/RaucJo20.htmJohn Reaves,http:/www.pro-football-reference.com/players/R/ReavJo00.htmJohn Roach,http:/www.pro-football-reference.com/players/R/RoacJo00.htmJohn Skelton,http:/www.pro-football-reference.com/players/S/SkelJo00.htmJohn Stofa,http:/www.pro-football-reference.com/players/S/StofJo00.htmJohn Walton,http:/www.pro-football-reference.com/players/W/WaltJo00.htmJohn Witkowski,http:/www.pro-football-reference.com/players/W/WitkJo00.htmJohnny Green,http:/www.pro-football-reference.com/players/G/GreeJo00.htmJohnny Long,http:/www.pro-football-reference.com/players/L/LongJo20.htmJohnny Lujack,http:/www.pro-football-reference.com/players/L/LujaJo00.htmJohnny Unitas,http:/www.pro-football-reference.com/players/U/UnitJo00.htmJon Brittenum,http:/www.pro-football-reference.com/players/B/BritJo00.htmJon Kitna,http:/www.pro-football-reference.com/players/K/KitnJo00.htmJonathan Crompton,http:/www.pro-football-reference.com/players/C/CromJo00.htmJonathan Quinn,http:/www.pro-football-reference.com/players/Q/QuinJo00.htmJordan  Rodgers,http:/www.pro-football-reference.com/players/R/RodgJo01.htmJordan Palmer,http:/www.pro-football-reference.com/players/P/PalmJo20.htmJosh Freeman,http:/www.pro-football-reference.com/players/F/FreeJo00.htmJosh Johnson,http:/www.pro-football-reference.com/players/J/JohnJo05.htmJosh McCown,http:/www.pro-football-reference.com/players/M/McCoJo01.htmJosh Portis,http:/www.pro-football-reference.com/players/P/PortJo01.htmJune Jones,http:/www.pro-football-reference.com/players/J/JoneJu00.htmKarl Sweetan,http:/www.pro-football-reference.com/players/S/SweeKa00.htmKay Stephenson,http:/www.pro-football-reference.com/players/S/StepKa00.htmKeith Null,http:/www.pro-football-reference.com/players/N/NullKe00.htmKellen Clemens,http:/www.pro-football-reference.com/players/C/ClemKe00.htmKellen Moore,http:/www.pro-football-reference.com/players/M/MoorKe02.htmKelly Holcomb,http:/www.pro-football-reference.com/players/H/HolcKe00.htmKelly Stouffer,http:/www.pro-football-reference.com/players/S/StouKe00.htmKen Anderson,http:/www.pro-football-reference.com/players/A/AndeKe00.htmKen Casanega,http:/www.pro-football-reference.com/players/C/CasaKe20.htmKen Dorsey,http:/www.pro-football-reference.com/players/D/DorsKe00.htmKen Holley,http:/www.pro-football-reference.com/players/H/HollKe20.htmKen Karcher,http:/www.pro-football-reference.com/players/K/KarcKe00.htmKen O'Brien,http:/www.pro-football-reference.com/players/O/OBriKe00.htmKen Stabler,http:/www.pro-football-reference.com/players/S/StabKe00.htmKen Stofer,http:/www.pro-football-reference.com/players/S/StofKe20.htmKent Austin,http:/www.pro-football-reference.com/players/A/AustKe20.htmKent Graham,http:/www.pro-football-reference.com/players/G/GrahKe00.htmKent Nix,http:/www.pro-football-reference.com/players/N/NixxKe00.htmKerry Collins,http:/www.pro-football-reference.com/players/C/CollKe00.htmKerwin Bell,http:/www.pro-football-reference.com/players/B/BellKe00.htmKevin Ingram,http:/www.pro-football-reference.com/players/I/IngrKe20.htmKevin Kolb,http:/www.pro-football-reference.com/players/K/KolbKe00.htmKevin O'Connell,http:/www.pro-football-reference.com/players/O/OConKe00.htmKevin Sweeney,http:/www.pro-football-reference.com/players/S/SweeKe00.htmKevin Thompson,http:/www.pro-football-reference.com/players/T/ThomKe00.htmKim Hammond,http:/www.pro-football-reference.com/players/H/HammKi00.htmKim McQuilken,http:/www.pro-football-reference.com/players/M/McQuKi00.htmKing Corcoran,http:/www.pro-football-reference.com/players/C/CorcKi00.htmKing Hill,http:/www.pro-football-reference.com/players/H/HillKi00.htmKirk Cousins,http:/www.pro-football-reference.com/players/C/CousKi00.htmKliff Kingsbury,http:/www.pro-football-reference.com/players/K/KingKl00.htmKordell Stewart,http:/www.pro-football-reference.com/players/S/StewKo00.htmKoy Detmer,http:/www.pro-football-reference.com/players/D/DetmKo00.htmKurt Kittner,http:/www.pro-football-reference.com/players/K/KittKu00.htmKurt Warner,http:/www.pro-football-reference.com/players/W/WarnKu00.htmKyle Boller,http:/www.pro-football-reference.com/players/B/BollKy00.htmKyle Mackey,http:/www.pro-football-reference.com/players/M/MackKy00.htmKyle Orton,http:/www.pro-football-reference.com/players/O/OrtoKy00.htmLamar McHan,http:/www.pro-football-reference.com/players/M/McHaLa00.htmLandry  Jones,http:/www.pro-football-reference.com/players/J/JoneLa02.htmLarry Cipa,http:/www.pro-football-reference.com/players/C/CipaLa00.htmLarry Lawrence,http:/www.pro-football-reference.com/players/L/LawrLa00.htmLarry Miller,http:/www.pro-football-reference.com/players/M/MillLa20.htmLarry Rakestraw,http:/www.pro-football-reference.com/players/R/RakeLa00.htmLarry Weldon,http:/www.pro-football-reference.com/players/W/WeldLa20.htmLee Grosscup,http:/www.pro-football-reference.com/players/G/GrosLe00.htmLen Dawson,http:/www.pro-football-reference.com/players/D/DawsLe00.htmLeo Hart,http:/www.pro-football-reference.com/players/H/HartLe00.htmLevi Brown,http:/www.pro-football-reference.com/players/B/BrowLe00.htmLoren Snyder,http:/www.pro-football-reference.com/players/S/SnydLo20.htmLou Mahrt,http:/www.pro-football-reference.com/players/M/MahrLo20.htmLuke McCown,http:/www.pro-football-reference.com/players/M/McCoLu00.htmLynn Dickey,http:/www.pro-football-reference.com/players/D/DickLy00.htmM.C. Reynolds,http:/www.pro-football-reference.com/players/R/ReynM.00.htmManch Wheeler,http:/www.pro-football-reference.com/players/W/WheeMa00.htmMarc Bulger,http:/www.pro-football-reference.com/players/B/BulgMa00.htmMarc Wilson,http:/www.pro-football-reference.com/players/W/WilsMa00.htmMark Brunell,http:/www.pro-football-reference.com/players/B/BrunMa00.htmMark Hartsell,http:/www.pro-football-reference.com/players/H/HartMa20.htmMark Herrmann,http:/www.pro-football-reference.com/players/H/HerrMa00.htmMark Malone,http:/www.pro-football-reference.com/players/M/MaloMa00.htmMark Manges,http:/www.pro-football-reference.com/players/M/MangMa20.htmMark Miller,http:/www.pro-football-reference.com/players/M/MillMa00.htmMark Allen Miller,http:/www.pro-football-reference.com/players/M/MillMa20.htmMark Reed,http:/www.pro-football-reference.com/players/R/ReedMa20.htmMark Rypien,http:/www.pro-football-reference.com/players/R/RypiMa00.htmMark Sanchez,http:/www.pro-football-reference.com/players/S/SancMa00.htmMark Stevens,http:/www.pro-football-reference.com/players/S/StevMa20.htmMark Vlasic,http:/www.pro-football-reference.com/players/V/VlasMa00.htmMarques Tuiasosopo,http:/www.pro-football-reference.com/players/T/TuiaMa00.htmMarty Domres,http:/www.pro-football-reference.com/players/D/DomrMa00.htmMarty Horn,http:/www.pro-football-reference.com/players/H/HornMa20.htmMatt  Barkley,http:/www.pro-football-reference.com/players/B/BarkMa00.htmMatt  Scott,http:/www.pro-football-reference.com/players/S/ScotMa01.htmMatt Blanchard,http:/www.pro-football-reference.com/players/B/BlanMa00.htmMatt Blundin,http:/www.pro-football-reference.com/players/B/BlunMa00.htmMatt Cassel,http:/www.pro-football-reference.com/players/C/CassMa00.htmMatt Cavanaugh,http:/www.pro-football-reference.com/players/C/CavaMa00.htmMatt Flynn,http:/www.pro-football-reference.com/players/F/FlynMa00.htmMatt Gutierrez,http:/www.pro-football-reference.com/players/G/GutiMa00.htmMatt Hasselbeck,http:/www.pro-football-reference.com/players/H/HassMa00.htmMatt Kofler,http:/www.pro-football-reference.com/players/K/KoflMa00.htmMatt Leinart,http:/www.pro-football-reference.com/players/L/LeinMa00.htmMatt Lytle,http:/www.pro-football-reference.com/players/L/LytlMa00.htmMatt Mauck,http:/www.pro-football-reference.com/players/M/MaucMa00.htmMatt McGloin,http:/www.pro-football-reference.com/players/M/McGlMa01.htmMatt Moore,http:/www.pro-football-reference.com/players/M/MoorMa01.htmMatt Robinson,http:/www.pro-football-reference.com/players/R/RobiMa01.htmMatt Ryan,http:/www.pro-football-reference.com/players/R/RyanMa00.htmMatt Schaub,http:/www.pro-football-reference.com/players/S/SchaMa00.htmMatt Simms,http:/www.pro-football-reference.com/players/S/SimmMa00.htmMatt Stevens,http:/www.pro-football-reference.com/players/S/StevMa21.htmMatthew Stafford,http:/www.pro-football-reference.com/players/S/StafMa00.htmMaury Duncan,http:/www.pro-football-reference.com/players/D/DuncMa20.htmMax Choboian,http:/www.pro-football-reference.com/players/C/ChobMa00.htmMax Hall,http:/www.pro-football-reference.com/players/H/HallMa00.htmMcLeod Bethel-Thompson,http:/www.pro-football-reference.com/players/B/BethMc00.htmMichael Bishop,http:/www.pro-football-reference.com/players/B/BishMi00.htmMichael Vick,http:/www.pro-football-reference.com/players/V/VickMi00.htmMickey Kobrosky,http:/www.pro-football-reference.com/players/K/KobrMi20.htmMickey Slaughter,http:/www.pro-football-reference.com/players/S/SlauMi00.htmMike  Glennon,http:/www.pro-football-reference.com/players/G/GlenMi00.htmMike Boryla,http:/www.pro-football-reference.com/players/B/BoryMi00.htmMike Buck,http:/www.pro-football-reference.com/players/B/BuckMi00.htmMike Busch,http:/www.pro-football-reference.com/players/B/BuscMi20.htmMike Cherry,http:/www.pro-football-reference.com/players/C/CherMi00.htmMike Elkins,http:/www.pro-football-reference.com/players/E/ElkiMi00.htmMike Ernst,http:/www.pro-football-reference.com/players/E/ErnsMi00.htmMike Hohensee,http:/www.pro-football-reference.com/players/H/HoheMi20.htmMike Hold,http:/www.pro-football-reference.com/players/H/HoldMi20.htmMike Kafka,http:/www.pro-football-reference.com/players/K/KafkMi00.htmMike Kelley,http:/www.pro-football-reference.com/players/K/KellMi21.htmMike Kerrigan,http:/www.pro-football-reference.com/players/K/KerrMi00.htmMike Kirkland,http:/www.pro-football-reference.com/players/K/KirkMi00.htmMike Koken,http:/www.pro-football-reference.com/players/K/KokeMi20.htmMike Kruczek,http:/www.pro-football-reference.com/players/K/KrucMi00.htmMike Livingston,http:/www.pro-football-reference.com/players/L/LiviMi00.htmMike Loyd,http:/www.pro-football-reference.com/players/L/LoydMi00.htmMike Machurek,http:/www.pro-football-reference.com/players/M/MachMi00.htmMike McMahon,http:/www.pro-football-reference.com/players/M/McMaMi00.htmMike Moroski,http:/www.pro-football-reference.com/players/M/MoroMi00.htmMike Norseth,http:/www.pro-football-reference.com/players/N/NorsMi20.htmMike Nott,http:/www.pro-football-reference.com/players/N/NottMi00.htmMike Pagel,http:/www.pro-football-reference.com/players/P/PageMi00.htmMike Perrie,http:/www.pro-football-reference.com/players/P/PerrMi20.htmMike Phipps,http:/www.pro-football-reference.com/players/P/PhipMi00.htmMike Quinn,http:/www.pro-football-reference.com/players/Q/QuinMi00.htmMike Rae,http:/www.pro-football-reference.com/players/R/RaexMi00.htmMike Taliaferro,http:/www.pro-football-reference.com/players/T/TaliMi00.htmMike Tomczak,http:/www.pro-football-reference.com/players/T/TomcMi00.htmMike Wells,http:/www.pro-football-reference.com/players/W/WellMi21.htmMilt Plum,http:/www.pro-football-reference.com/players/P/PlumMi00.htmMonte McGuire,http:/www.pro-football-reference.com/players/M/McGuMo20.htmMoses Moreno,http:/www.pro-football-reference.com/players/M/MoreMo00.htmNathan Enderle,http:/www.pro-football-reference.com/players/E/EndeNa00.htmNeal Jeffrey,http:/www.pro-football-reference.com/players/J/JeffNe00.htmNeil Graff,http:/www.pro-football-reference.com/players/G/GrafNe00.htmNeil Lomax,http:/www.pro-football-reference.com/players/L/LomaNe00.htmNeil O'Donnell,http:/www.pro-football-reference.com/players/O/ODonNe00.htmNick Foles,http:/www.pro-football-reference.com/players/F/FoleNi00.htmNick Papac,http:/www.pro-football-reference.com/players/P/PapaNi00.htmNick Sacrinty,http:/www.pro-football-reference.com/players/S/SacrNi20.htmNick Sebek,http:/www.pro-football-reference.com/players/S/SebeNi20.htmNick Stephens,http:/www.pro-football-reference.com/players/S/StepNi00.htmNorm Cox,http:/www.pro-football-reference.com/players/C/CoxxNo20.htmNorm Snead,http:/www.pro-football-reference.com/players/S/SneaNo00.htmNorm Van Brocklin,http:/www.pro-football-reference.com/players/V/VanBNo00.htmNorris Weese,http:/www.pro-football-reference.com/players/W/WeesNo00.htmOgden Compton,http:/www.pro-football-reference.com/players/C/CompOg20.htmOliver Luck,http:/www.pro-football-reference.com/players/L/LuckOl00.htmOtto Graham,http:/www.pro-football-reference.com/players/G/GrahOt00.htmPard Pearce,http:/www.pro-football-reference.com/players/P/PearPa20.htmParnell Dickinson,http:/www.pro-football-reference.com/players/D/DickPa00.htmPat Barnes,http:/www.pro-football-reference.com/players/B/BarnPa20.htmPat Brady,http:/www.pro-football-reference.com/players/B/BradPa21.htmPat Devlin,http:/www.pro-football-reference.com/players/D/DevlPa00.htmPat Haden,http:/www.pro-football-reference.com/players/H/HadePa00.htmPat Ryan,http:/www.pro-football-reference.com/players/R/RyanPa00.htmPat Sullivan,http:/www.pro-football-reference.com/players/S/SullPa00.htmPatrick Ramsey,http:/www.pro-football-reference.com/players/R/RamsPa00.htmPaul Christman,http:/www.pro-football-reference.com/players/C/ChriPa20.htmPaul Collins,http:/www.pro-football-reference.com/players/C/CollPa22.htmPaul Governali,http:/www.pro-football-reference.com/players/G/GovePa20.htmPaul Held,http:/www.pro-football-reference.com/players/H/HeldPa20.htmPaul Justin,http:/www.pro-football-reference.com/players/J/JustPa00.htmPaul Larson,http:/www.pro-football-reference.com/players/L/LarsPa00.htmPaul McDonald,http:/www.pro-football-reference.com/players/M/McDoPa00.htmPaul Rickards,http:/www.pro-football-reference.com/players/R/RickPa20.htmPerry Klein,http:/www.pro-football-reference.com/players/K/KleiPe20.htmPerry Moss,http:/www.pro-football-reference.com/players/M/MossPe20.htmPete Beathard,http:/www.pro-football-reference.com/players/B/BeatPe00.htmPete Gonzalez,http:/www.pro-football-reference.com/players/G/GonzPe00.htmPete Liske,http:/www.pro-football-reference.com/players/L/LiskPe00.htmPete Mikolajewski,http:/www.pro-football-reference.com/players/M/MikoPe20.htmPeter Tom Willis,http:/www.pro-football-reference.com/players/W/WillPe00.htmPeyton Manning,http:/www.pro-football-reference.com/players/M/MannPe00.htmPhil Simms,http:/www.pro-football-reference.com/players/S/SimmPh00.htmPhilip Rivers,http:/www.pro-football-reference.com/players/R/RivePh00.htmPorter Lainhart,http:/www.pro-football-reference.com/players/L/LainPo20.htmQuincy Carter,http:/www.pro-football-reference.com/players/C/CartQu00.htmQuinn Gray,http:/www.pro-football-reference.com/players/G/GrayQu00.htmRabbit Keen,http:/www.pro-football-reference.com/players/K/KeenRa20.htmRalph Guglielmi,http:/www.pro-football-reference.com/players/G/GuglRa00.htmRalph Marston,http:/www.pro-football-reference.com/players/M/MarsRa21.htmRandall Cunningham,http:/www.pro-football-reference.com/players/C/CunnRa00.htmRandy Dean,http:/www.pro-football-reference.com/players/D/DeanRa00.htmRandy Duncan,http:/www.pro-football-reference.com/players/D/DuncRa00.htmRandy Fasani,http:/www.pro-football-reference.com/players/F/FasaRa00.htmRandy Hedberg,http:/www.pro-football-reference.com/players/H/HedbRa00.htmRandy Johnson,http:/www.pro-football-reference.com/players/J/JohnRa00.htmRandy Wright,http:/www.pro-football-reference.com/players/W/WrigRa00.htmRay Lucas,http:/www.pro-football-reference.com/players/L/LucaRa00.htmRay Mallouf,http:/www.pro-football-reference.com/players/M/MallRa20.htmRay Nagel,http:/www.pro-football-reference.com/players/N/NageRa20.htmReggie Collier,http:/www.pro-football-reference.com/players/C/CollRe20.htmReggie McNeal,http:/www.pro-football-reference.com/players/M/McNeRe00.htmReino Nori,http:/www.pro-football-reference.com/players/N/NoriRe20.htmRex Grossman,http:/www.pro-football-reference.com/players/G/GrosRe00.htmRich Campbell,http:/www.pro-football-reference.com/players/C/CampRi00.htmRich Gannon,http:/www.pro-football-reference.com/players/G/GannRi00.htmRichard Badar,http:/www.pro-football-reference.com/players/B/BadaRi20.htmRichard Bartel,http:/www.pro-football-reference.com/players/B/BartRi00.htmRichard Todd,http:/www.pro-football-reference.com/players/T/ToddRi00.htmRichie Lucas,http:/www.pro-football-reference.com/players/L/LucaRi00.htmRick Arrington,http:/www.pro-football-reference.com/players/A/ArriRi00.htmRick McIvor,http:/www.pro-football-reference.com/players/M/McIvRi20.htmRick Mirer,http:/www.pro-football-reference.com/players/M/MireRi00.htmRick Neuheisel,http:/www.pro-football-reference.com/players/N/NeuhRi20.htmRick Norton,http:/www.pro-football-reference.com/players/N/NortRi00.htmRick Strom,http:/www.pro-football-reference.com/players/S/StroRi00.htmRick Trocano,http:/www.pro-football-reference.com/players/T/TrocRi20.htmRicky Stanzi,http:/www.pro-football-reference.com/players/S/StanRi00.htmRicky Turner,http:/www.pro-football-reference.com/players/T/TurnRi21.htmRob Hertel,http:/www.pro-football-reference.com/players/H/HertRo20.htmRob Johnson,http:/www.pro-football-reference.com/players/J/JohnRo00.htmRobert Griffin III,http:/www.pro-football-reference.com/players/G/GrifRo01.htmRodney Peete,http:/www.pro-football-reference.com/players/P/PeetRo00.htmRoger Staubach,http:/www.pro-football-reference.com/players/S/StauRo00.htmRohan Davey,http:/www.pro-football-reference.com/players/D/DaveRo01.htmRoman Gabriel,http:/www.pro-football-reference.com/players/G/GabrRo00.htmRon C. Smith,http:/www.pro-football-reference.com/players/S/SmitRo03.htmRon Jaworski,http:/www.pro-football-reference.com/players/J/JawoRo00.htmRon Meyer,http:/www.pro-football-reference.com/players/M/MeyeRo00.htmRon Miller,http:/www.pro-football-reference.com/players/M/MillRo01.htmRon Vander Kelen,http:/www.pro-football-reference.com/players/V/VandRo00.htmRonnie Knox,http:/www.pro-football-reference.com/players/K/KnoxRo20.htmRonnie Lee South,http:/www.pro-football-reference.com/players/S/SoutRo00.htmRoy Zimmerman,http:/www.pro-football-reference.com/players/Z/ZimmRo20.htmRudy Bukich,http:/www.pro-football-reference.com/players/B/BukiRu00.htmRudy Carpenter,http:/www.pro-football-reference.com/players/C/CarpRu00.htmRuss Cotton,http:/www.pro-football-reference.com/players/C/CottRu20.htmRussell Wilson,http:/www.pro-football-reference.com/players/W/WilsRu00.htmRusty Hilger,http:/www.pro-football-reference.com/players/H/HilgRu00.htmRusty Lisch,http:/www.pro-football-reference.com/players/L/LiscRu00.htmRusty Smith,http:/www.pro-football-reference.com/players/S/SmitRu01.htmRyan  Griffin,http:/www.pro-football-reference.com/players/G/GrifRy00.htmRyan  Nassib,http:/www.pro-football-reference.com/players/N/NassRy00.htmRyan Fitzpatrick,http:/www.pro-football-reference.com/players/F/FitzRy00.htmRyan Leaf,http:/www.pro-football-reference.com/players/L/LeafRy00.htmRyan Lindley,http:/www.pro-football-reference.com/players/L/LindRy00.htmRyan Mallett,http:/www.pro-football-reference.com/players/M/MallRy00.htmRyan Tannehill,http:/www.pro-football-reference.com/players/T/TannRy00.htmSage Rosenfels,http:/www.pro-football-reference.com/players/R/RoseSa00.htmSam Adkins,http:/www.pro-football-reference.com/players/A/AdkiSa00.htmSam Bradford,http:/www.pro-football-reference.com/players/B/BradSa00.htmSam Etcheverry,http:/www.pro-football-reference.com/players/E/EtchSa00.htmSam Vacanti,http:/www.pro-football-reference.com/players/V/VacaSa20.htmSam Wyche,http:/www.pro-football-reference.com/players/W/WychSa00.htmSammy Baugh,http:/www.pro-football-reference.com/players/B/BaugSa00.htmSammy Garza,http:/www.pro-football-reference.com/players/G/GarzSa20.htmSandy Osiecki,http:/www.pro-football-reference.com/players/O/OsieSa20.htmScott Brunner,http:/www.pro-football-reference.com/players/B/BrunSc00.htmScott Bull,http:/www.pro-football-reference.com/players/B/BullSc00.htmScott Campbell,http:/www.pro-football-reference.com/players/C/CampSc00.htmScott Covington,http:/www.pro-football-reference.com/players/C/CoviSc00.htmScott Gudmundson,http:/www.pro-football-reference.com/players/G/GudmSc20.htmScott Hunter,http:/www.pro-football-reference.com/players/H/HuntSc00.htmScott Milanovich,http:/www.pro-football-reference.com/players/M/MilaSc00.htmScott Mitchell,http:/www.pro-football-reference.com/players/M/MitcSc00.htmScott Secules,http:/www.pro-football-reference.com/players/S/SecuSc00.htmScott Stankavage,http:/www.pro-football-reference.com/players/S/StanSc00.htmScott Tinsley,http:/www.pro-football-reference.com/players/T/TinsSc20.htmScott Tolzien,http:/www.pro-football-reference.com/players/T/TolzSc00.htmScott Woolf,http:/www.pro-football-reference.com/players/W/WoolSc20.htmScott Zolak,http:/www.pro-football-reference.com/players/Z/ZolaSc00.htmScotty Glacken,http:/www.pro-football-reference.com/players/G/GlacSc00.htmSean  Renfree,http:/www.pro-football-reference.com/players/R/RenfSe00.htmSean Payton,http:/www.pro-football-reference.com/players/P/PaytSe20.htmSean Salisbury,http:/www.pro-football-reference.com/players/S/SaliSe00.htmSeneca Wallace,http:/www.pro-football-reference.com/players/W/WallSe00.htmShane Matthews,http:/www.pro-football-reference.com/players/M/MattSh00.htmShaun Hill,http:/www.pro-football-reference.com/players/H/HillSh00.htmShaun King,http:/www.pro-football-reference.com/players/K/KingSh00.htmShawn Halloran,http:/www.pro-football-reference.com/players/H/HallSh20.htmShawn Moore,http:/www.pro-football-reference.com/players/M/MoorSh00.htmSid Luckman,http:/www.pro-football-reference.com/players/L/LuckSi00.htmSolly Sherman,http:/www.pro-football-reference.com/players/S/SherSo20.htmSonny Gibbs,http:/www.pro-football-reference.com/players/G/GibbSo00.htmSonny Jurgensen,http:/www.pro-football-reference.com/players/J/JurgSo00.htmSpergon Wynn,http:/www.pro-football-reference.com/players/W/WynnSp00.htmStan Gelbaugh,http:/www.pro-football-reference.com/players/G/GelbSt00.htmStan Heath,http:/www.pro-football-reference.com/players/H/HeatSt20.htmStan Humphries,http:/www.pro-football-reference.com/players/H/HumpSt00.htmStephen McGee,http:/www.pro-football-reference.com/players/M/McGeSt00.htmSteve Bartkowski,http:/www.pro-football-reference.com/players/B/BartSt00.htmSteve Beuerlein,http:/www.pro-football-reference.com/players/B/BeueSt00.htmSteve Bono,http:/www.pro-football-reference.com/players/B/BonoSt00.htmSteve Bradley,http:/www.pro-football-reference.com/players/B/BradSt20.htmSteve DeBerg,http:/www.pro-football-reference.com/players/D/DebeSt00.htmSteve Dils,http:/www.pro-football-reference.com/players/D/DilsSt00.htmSteve Fuller,http:/www.pro-football-reference.com/players/F/FullSt00.htmSteve Grogan,http:/www.pro-football-reference.com/players/G/GrogSt00.htmSteve Joachim,http:/www.pro-football-reference.com/players/J/JoacSt20.htmSteve Matthews,http:/www.pro-football-reference.com/players/M/MattSt00.htmSteve McNair,http:/www.pro-football-reference.com/players/M/McNaSt00.htmSteve Myer,http:/www.pro-football-reference.com/players/M/MyerSt00.htmSteve Nemeth,http:/www.pro-football-reference.com/players/N/NemeSt20.htmSteve Pelluer,http:/www.pro-football-reference.com/players/P/PellSt00.htmSteve Pisarkiewicz,http:/www.pro-football-reference.com/players/P/PisaSt00.htmSteve Ramsey,http:/www.pro-football-reference.com/players/R/RamsSt00.htmSteve Romanik,http:/www.pro-football-reference.com/players/R/RomaSt00.htmSteve Sloan,http:/www.pro-football-reference.com/players/S/SloaSt00.htmSteve Spurrier,http:/www.pro-football-reference.com/players/S/SpurSt00.htmSteve Stenstrom,http:/www.pro-football-reference.com/players/S/StenSt00.htmSteve Tensi,http:/www.pro-football-reference.com/players/T/TensSt00.htmSteve Walsh,http:/www.pro-football-reference.com/players/W/WalsSt00.htmSteve Young,http:/www.pro-football-reference.com/players/Y/YounSt00.htmStoney Case,http:/www.pro-football-reference.com/players/C/CaseSt00.htmT.J. Rubley,http:/www.pro-football-reference.com/players/R/RublTJ00.htmT.J. Yates,http:/www.pro-football-reference.com/players/Y/YateT.00.htmTarvaris Jackson,http:/www.pro-football-reference.com/players/J/JackTa00.htmTed Marchibroda,http:/www.pro-football-reference.com/players/M/MarcTe20.htmTee Martin,http:/www.pro-football-reference.com/players/M/MartTe00.htmTerrelle Pryor,http:/www.pro-football-reference.com/players/P/PryoTe00.htmTerry Baker,http:/www.pro-football-reference.com/players/B/BakeTe00.htmTerry Bradshaw,http:/www.pro-football-reference.com/players/B/BradTe00.htmTerry Hanratty,http:/www.pro-football-reference.com/players/H/HanrTe00.htmTerry Luck,http:/www.pro-football-reference.com/players/L/LuckTe00.htmTerry Nofsinger,http:/www.pro-football-reference.com/players/N/NofsTe00.htmTerry Nugent,http:/www.pro-football-reference.com/players/N/NugeTe20.htmThaddeus Lewis,http:/www.pro-football-reference.com/players/L/LewiTh01.htmTim Couch,http:/www.pro-football-reference.com/players/C/CoucTi00.htmTim Hasselbeck,http:/www.pro-football-reference.com/players/H/HassTi00.htmTim Rattay,http:/www.pro-football-reference.com/players/R/RattTi00.htmTim Riordan,http:/www.pro-football-reference.com/players/R/RiorTi20.htmTim Tebow,http:/www.pro-football-reference.com/players/T/TeboTi00.htmTim Van Galder,http:/www.pro-football-reference.com/players/V/VanGTi00.htmTimm Rosenbach,http:/www.pro-football-reference.com/players/R/RoseTi00.htmTobin Rote,http:/www.pro-football-reference.com/players/R/RoteTo00.htmTodd Blackledge,http:/www.pro-football-reference.com/players/B/BlacTo00.htmTodd Bouman,http:/www.pro-football-reference.com/players/B/BoumTo00.htmTodd Collins,http:/www.pro-football-reference.com/players/C/CollTo00.htmTodd Hons,http:/www.pro-football-reference.com/players/H/HonsTo20.htmTodd Husak,http:/www.pro-football-reference.com/players/H/HusaTo20.htmTodd Marinovich,http:/www.pro-football-reference.com/players/M/MariTo00.htmTodd Philcox,http:/www.pro-football-reference.com/players/P/PhilTo00.htmTodd Whitten,http:/www.pro-football-reference.com/players/W/WhitTo20.htmTom Brady,http:/www.pro-football-reference.com/players/B/BradTo00.htmTom Brandstater,http:/www.pro-football-reference.com/players/B/BranTo00.htmTom Clements,http:/www.pro-football-reference.com/players/C/ClemTo20.htmTom Dimitroff,http:/www.pro-football-reference.com/players/D/DimiTo00.htmTom Dublinski,http:/www.pro-football-reference.com/players/D/DublTo00.htmTom Duniven,http:/www.pro-football-reference.com/players/D/DuniTo20.htmTom Farris,http:/www.pro-football-reference.com/players/F/FarrTo20.htmTom Flick,http:/www.pro-football-reference.com/players/F/FlicTo00.htmTom Flores,http:/www.pro-football-reference.com/players/F/FlorTo00.htmTom Greene,http:/www.pro-football-reference.com/players/G/GreeTo20.htmTom Hodson,http:/www.pro-football-reference.com/players/H/HodsTo00.htmTom Kennedy,http:/www.pro-football-reference.com/players/K/KennTo00.htmTom Myers,http:/www.pro-football-reference.com/players/M/MyerTo00.htmTom O'Malley,http:/www.pro-football-reference.com/players/O/OMalTo20.htmTom Owen,http:/www.pro-football-reference.com/players/O/OwenTo00.htmTom Ramsey,http:/www.pro-football-reference.com/players/R/RamsTo00.htmTom Sherman,http:/www.pro-football-reference.com/players/S/SherTo00.htmTom Tupa,http:/www.pro-football-reference.com/players/T/TupaTo20.htmTom Yewcic,http:/www.pro-football-reference.com/players/Y/YewcTo00.htmTommy Kramer,http:/www.pro-football-reference.com/players/K/KramTo00.htmTommy Maddox,http:/www.pro-football-reference.com/players/M/MaddTo00.htmTommy Mont,http:/www.pro-football-reference.com/players/M/MontTo20.htmTommy O'Connell,http:/www.pro-football-reference.com/players/O/OConTo00.htmTommy Thompson,http:/www.pro-football-reference.com/players/T/ThomTo21.htmTommy Wade,http:/www.pro-football-reference.com/players/W/WadeTo00.htmTony Adams,http:/www.pro-football-reference.com/players/A/AdamTo00.htmTony Banks,http:/www.pro-football-reference.com/players/B/BankTo00.htmTony Eason,http:/www.pro-football-reference.com/players/E/EasoTo00.htmTony Graziani,http:/www.pro-football-reference.com/players/G/GrazTo00.htmTony Pike,http:/www.pro-football-reference.com/players/P/PikeTo00.htmTony Robinson,http:/www.pro-football-reference.com/players/R/RobiTo20.htmTony Romo,http:/www.pro-football-reference.com/players/R/RomoTo00.htmTony Sacca,http:/www.pro-football-reference.com/players/S/SaccTo00.htmTory Woodbury,http:/www.pro-football-reference.com/players/W/WoodTo02.htmTravis Brown,http:/www.pro-football-reference.com/players/B/BrowTr01.htmTravis Tidwell,http:/www.pro-football-reference.com/players/T/TidwTr20.htmTrent Dilfer,http:/www.pro-football-reference.com/players/D/DilfTr00.htmTrent Edwards,http:/www.pro-football-reference.com/players/E/EdwaTr01.htmTrent Green,http:/www.pro-football-reference.com/players/G/GreeTr00.htmTroy Aikman,http:/www.pro-football-reference.com/players/A/AikmTr00.htmTroy Smith,http:/www.pro-football-reference.com/players/S/SmitTr02.htmTroy Taylor,http:/www.pro-football-reference.com/players/T/TaylTr00.htmTurk Schonert,http:/www.pro-football-reference.com/players/S/SchoTu00.htmTy Detmer,http:/www.pro-football-reference.com/players/D/DetmTy00.htmTyler  Bray,http:/www.pro-football-reference.com/players/B/BrayTy00.htmTyler  Wilson,http:/www.pro-football-reference.com/players/W/WilsTy00.htmTyler Palko,http:/www.pro-football-reference.com/players/P/PalkTy00.htmTyler Thigpen,http:/www.pro-football-reference.com/players/T/ThigTy00.htmTyrod Taylor,http:/www.pro-football-reference.com/players/T/TaylTy00.htmVal Keckin,http:/www.pro-football-reference.com/players/K/KeckVa00.htmVic Eaton,http:/www.pro-football-reference.com/players/E/EatoVi20.htmVince Evans,http:/www.pro-football-reference.com/players/E/EvanVi00.htmVince Ferragamo,http:/www.pro-football-reference.com/players/F/FerrVi00.htmVince Oliver,http:/www.pro-football-reference.com/players/O/OlivVi20.htmVince Young,http:/www.pro-football-reference.com/players/Y/YounVi00.htmVinny Testaverde,http:/www.pro-football-reference.com/players/T/TestVi00.htmVirgil Carter,http:/www.pro-football-reference.com/players/C/CartVi00.htmWade Wilson,http:/www.pro-football-reference.com/players/W/WilsWa00.htmWally Richardson,http:/www.pro-football-reference.com/players/R/RichWa00.htmWalt Rankin,http:/www.pro-football-reference.com/players/R/RankWa20.htmWalter Briggs,http:/www.pro-football-reference.com/players/B/BrigWa20.htmWarren Moon,http:/www.pro-football-reference.com/players/M/MoonWa00.htmWarren Rabb,http:/www.pro-football-reference.com/players/R/RabbWa00.htmWayne Clark,http:/www.pro-football-reference.com/players/C/ClarWa00.htmWayne Gift,http:/www.pro-football-reference.com/players/G/GiftWa20.htmWill Cureton,http:/www.pro-football-reference.com/players/C/CureWi00.htmWill Furrer,http:/www.pro-football-reference.com/players/F/FurrWi00.htmWillie Gillus,http:/www.pro-football-reference.com/players/G/GillWi21.htmWillie Thrower,http:/www.pro-football-reference.com/players/T/ThroWi20.htmWillie Totten,http:/www.pro-football-reference.com/players/T/TottWi20.htmY.A. Tittle,http:/www.pro-football-reference.com/players/T/TittY.00.htmYoung Bussey,http:/www.pro-football-reference.com/players/B/BussYo20.htmZac  Dysert,http:/www.pro-football-reference.com/players/D/DyseZa00.htmZac Robinson,http:/www.pro-football-reference.com/players/R/RobiZa00.htmZeke Bratkowski,http:/www.pro-football-reference.com/players/B/BratZe00.htm