Number,Player,Last_Name,First_Name,PlayerBio_URL,Position,Height,Weight,Year,Hometown ,City,State,High_School,ID_Player_Race,Formal_Stated_Major,College_Major_Group,DBPediaCollege_Name,Season76,Darryl Baldwin,Baldwin,Darryl,http://www.ohiostatebuckeyes.com/sports/m-footbl/mtt/darryl_baldwin_752944.html,OL,6/5/13,300,SO,"Solon, Ohio ",Solon,Ohio,Solon High School,,,,Ohio State University,2012-201328,Warren Ball,Ball,Warren,http://www.ohiostatebuckeyes.com/sports/m-footbl/mtt/warren_ball_804677.html,RB,6/1/13,215,FR,"Columbus, Ohio ",Columbus,Ohio,DeSales High School,,,,Ohio State University,2012-20134,C.J. Barnett,Barnett,C.J.,http://www.ohiostatebuckeyes.com/sports/m-footbl/mtt/cj_barnett_752950.html,DB,6/1/13,202,JR,"Dayton, Ohio ",Dayton,Ohio,Northmont High School,,,,Ohio State University,2012-201324,Drew Basil,Basil,Drew,http://www.ohiostatebuckeyes.com/sports/m-footbl/mtt/drew_basil_752956.html,P/K,6/1/13,210,JR,"Chillicothe, Ohio ",Chillicothe,Ohio,Chillicothe High School,,,,Ohio State University,2012-201363,Michael Bennett,Bennett,Michael,http://www.ohiostatebuckeyes.com/sports/m-footbl/mtt/michael_bennett_758504.html,DL,6/3/13,285,SO,"Centerville, Ohio ",Centerville,Ohio,Centerville High School,,,,Ohio State University,2012-201362,Logan Beougher,Beougher,Logan,http://www.ohiostatebuckeyes.com/sports/m-footbl/mtt/logan_beougher_797232.html,OL,6/3/13,275,FR,"Alexandria, Va. ",Alexandria,Va,Mount Vernon High School,,,,Ohio State University,2012-201364,Ivon Blackman,Blackman,Ivon,http://www.ohiostatebuckeyes.com/sports/m-footbl/mtt/ivon_blackman_767568.html,OL,6/3/13,310,JR,"Bedford, Ohio ",Bedford,Ohio,Bedford High School,,,,Ohio State University,2012-201388,Stacey Blunt,Blunt,Stacey,http://www.ohiostatebuckeyes.com/sports/m-footbl/mtt/stacey_blunt_828980.html,WR,6/2/13,195,SO,"Powell, Ohio ",Powell,Ohio,Dublin Scioto High School,,,,Ohio State University,2012-201330,Devan Bogard,Bogard,Devan,http://www.ohiostatebuckeyes.com/sports/m-footbl/mtt/devan_bogard_804678.html,DB,6/1/00,192,FR,"Cleveland, Ohio ",Cleveland,Ohio,Glenville High School,,,,Ohio State University,2012-201350,Jacoby Boren,Boren,Jacoby,http://www.ohiostatebuckeyes.com/sports/m-footbl/mtt/jacoby_boren_793851.html,OL,6/2/13,287,FR,"Pickerington, Ohio ",Pickerington,Ohio,Central High School,,,,Ohio State University,2012-201344,Zach Boren,Boren,Zach,http://www.ohiostatebuckeyes.com/sports/m-footbl/mtt/zach_boren_752966.html,LB/FB,6/1/13,245,SR,"Pickerington, Ohio ",Pickerington,Ohio,Pickerington High School,,,,Ohio State University,2012-201356,Dalton Britt,Britt,Dalton,http://www.ohiostatebuckeyes.com/sports/m-footbl/mtt/dalton_britt_752968.html,DL,6/2/13,285,SR,"Bellville, Ohio ",Bellville,Ohio,Clear Fork High School,,,,Ohio State University,2012-201310,Corey Brown,Brown,Corey,http://www.ohiostatebuckeyes.com/sports/m-footbl/mtt/corey_brown_752969.html,WR,6/1/00,186,JR,"Upper Darby, Pa. ",Upper Darby,Pa,Cardinal O'Hara High School,,,,Ohio State University,2012-20133,Corey Brown,Brown,Corey,http://www.ohiostatebuckeyes.com/sports/m-footbl/mtt/corey_brown_759373.html,DB,6/1/13,197,JR,"Monroeville, Pa. ",Monroeville,Pa,Gateway High School,,,,Ohio State University,2012-201355,Tommy Brown,Brown,Tommy,http://www.ohiostatebuckeyes.com/sports/m-footbl/mtt/tommy_brown_758543.html,OL,6/4/13,315,FR,"Akron, Ohio ",Akron,Ohio,Firestone High School,,,,Ohio State University,2012-20132,Christian Bryant,Bryant,Christian,http://www.ohiostatebuckeyes.com/sports/m-footbl/mtt/christian_bryant_752971.html,DB,5/10/13,192,JR,"Cleveland, Ohio ",Cleveland,Ohio,Glenville High School,,,,Ohio State University,2012-201317,Ben Buchanan,Buchanan,Ben,http://www.ohiostatebuckeyes.com/sports/m-footbl/mtt/ben_buchanan_753237.html,P/K,5/11/13,192,SR,"Westerville, Ohio",Westerville,Ohio,Westerville Central High School,,,,Ohio State University,2012-201348,Joe Burger,Burger,Joe,http://www.ohiostatebuckeyes.com/sports/m-footbl/mtt/joe_burger_807764.html,LB,6/1/13,225,FR,"Cincinnati, Ohio ",Cincinnati,Ohio,LaSalle High School,,,,Ohio State University,2012-201372,Chris Carter,Carter,Chris,http://www.ohiostatebuckeyes.com/sports/m-footbl/mtt/chris_carter_763840.html,DL,6/4/13,340,FR,"Cleveland, Ohio ",Cleveland,Ohio,John F. Kennedy High School,,,,Ohio State University,2012-201382,Ryan Carter,Carter,Ryan,http://www.ohiostatebuckeyes.com/sports/m-footbl/mtt/ryan_carter_814645.html,TE,6/6/13,225,FR,"Reynoldsburg, Ohio ",Reynoldsburg,Ohio,Reynoldsburg High School,,,,Ohio State University,2012-201335,Craig Cataline,Cataline,Craig,http://www.ohiostatebuckeyes.com/sports/m-footbl/mtt/craig_cataline_816071.html,FB,6/2/13,226,SO,"Columbus, Ohio ",Columbus,Ohio,Grandview Heights High School,,,,Ohio State University,2012-201339,Kyle Clinton,Clinton,Kyle,http://www.ohiostatebuckeyes.com/sports/m-footbl/mtt/kyle_clinton_797948.html,K,6/1/13,215,SO,"Dublin, Ohio ",Dublin,Ohio,Coffman High School,,,,Ohio State University,2012-201368,Taylor Decker,Decker,Taylor,http://www.ohiostatebuckeyes.com/sports/m-footbl/mtt/taylor_decker_797951.html,OL,6/7/13,313,FR,"Vandalia, Ohio ",Vandalia,Ohio,Butler High School,,,,Ohio State University,2012-201366,Kyle Dodson,Dodson,Kyle,http://www.ohiostatebuckeyes.com/sports/m-footbl/mtt/kyle_dodson_807138.html,OL,6/5/13,315,FR,"Cleveland, Ohio ",Cleveland,Ohio,Cleveland Heights High School,,,,Ohio State University,2012-201316,Zach Domicone,Domicone,Zach,http://www.ohiostatebuckeyes.com/sports/m-footbl/mtt/zach_domicone_753250.html,DB,6/2/13,216,SR,"Beavercreek, Ohio ",Beavercreek,Ohio,Beavercreek High School,,,,Ohio State University,2012-201320,Russell Doup,Doup,Russell,http://www.ohiostatebuckeyes.com/sports/m-footbl/mtt/russell_doup_758568.html,K,6/2/13,195,SO,"Mt. Vernon, Ohio ",Mt. Vernon,Ohio,Mt. Vernon High School,,,,Ohio State University,2012-201325,Bri'onte Dunn,Dunn,Bri'onte,http://www.ohiostatebuckeyes.com/sports/m-footbl/mtt/brionte_dunn_793848.html,RB,6/1/13,210,FR,"Canton, Ohio ",Canton,Ohio,GlenOak High School,,,,Ohio State University,2012-201365,Pat Elflein,Elflein,Pat,http://www.ohiostatebuckeyes.com/sports/m-footbl/mtt/pat_elflein_807139.html,OL,6/3/13,290,FR,"Pickerington, Ohio ",Pickerington,Ohio,Pickerington North High School,,,,Ohio State University,2012-201333,Frank Epitropoulos,Epitropoulos,Frank,http://www.ohiostatebuckeyes.com/sports/m-footbl/mtt/frank_epitropoulos_807140.html,WR,6/1/13,197,FR,"Upper Arlington, Ohio ",Upper Arlington,Ohio,Upper Arlington High School,,,,Ohio State University,2012-201338,Craig Fada,Fada,Craig,http://www.ohiostatebuckeyes.com/sports/m-footbl/mtt/craig_fada_807763.html,LB,6/1/00,225,FR,"Columbus, Ohio ",Columbus,Ohio,Bishop Watterson High School,,,,Ohio State University,2012-201357,Chase Farris,Farris,Chase,http://www.ohiostatebuckeyes.com/sports/m-footbl/mtt/chase_farris_758581.html,OL,6/4/13,290,FR,"Elyria, Ohio ",Elyria,Ohio,Elyria High School,,,,Ohio State University,2012-201380,Chris Fields,Fields,Chris,http://www.ohiostatebuckeyes.com/sports/m-footbl/mtt/chris_fields_753266.html,WR,6/1/00,197,JR,"Painesville, Ohio ",Painesville,Ohio,Painesville Harvey High School,,,,Ohio State University,2012-201377,Reid Fragel,Fragel,Reid,http://www.ohiostatebuckeyes.com/sports/m-footbl/mtt/reid_fragel_753269.html,OL,6/8/13,310,SR,"Grosse Pointe Farms, Mich. ",Grosse Pointe Farms,Mich,Grosse Point South High School,,,,Ohio State University,2012-201394,Rashad Frazier,Frazier,Rashad,http://www.ohiostatebuckeyes.com/sports/m-footbl/mtt/rashad_frazier_807762.html,DL,6/4/13,270,SO,"Middletown, Ohio ",Middletown,Ohio,Middletown High School,,,,Ohio State University,2012-201353,Garrett Goebel,Goebel,Garrett,http://www.ohiostatebuckeyes.com/sports/m-footbl/mtt/garrett_goebel_753431.html,DL,6/4/13,290,SR,"Villa Park, Ill. ",Villa Park,Ill,Montini High School,,,,Ohio State University,2012-201314,Curtis Grant,Grant,Curtis,http://www.ohiostatebuckeyes.com/sports/m-footbl/mtt/curtis_grant_758599.html,LB,6/3/13,235,SO,"Richmond, Va. ",Richmond,Va,Hermitage High School,,,,Ohio State University,2012-201312,Doran Grant,Grant,Doran,http://www.ohiostatebuckeyes.com/sports/m-footbl/mtt/doran_grant_758600.html,CB,5/11/13,188,SO,"Akron, Ohio ",Akron,Ohio,St. Vincent-St. Mary High School,,,,Ohio State University,2012-20139,Adam Griffin,Griffin,Adam,http://www.ohiostatebuckeyes.com/sports/m-footbl/mtt/adam_griffin_753436.html,CB,5/8/13,180,SO,"Columbus, Ohio ",Columbus,Ohio,DeSales High School,,,,Ohio State University,2012-201313,Kenny Guiton,Guiton,Kenny,http://www.ohiostatebuckeyes.com/sports/m-footbl/mtt/kenny_guiton_813484.html,QB,6/3/13,210,JR,"Houston, Texas ",Houston,Texas,Eisenhower High School,,,,Ohio State University,2012-201387,Peter Gwilym,Gwilym,Peter,http://www.ohiostatebuckeyes.com/sports/m-footbl/mtt/peter_gwilym_797237.html,WR,6/1/13,195,FR,"Freeport, Maine ",Freeport,Maine,Cheverus High School,,,,Ohio State University,2012-201351,Joel Hale,Hale,Joel,http://www.ohiostatebuckeyes.com/sports/m-footbl/mtt/joel_hale_758575.html,DT,6/4/13,295,SO,"Greenwood, Ind. ",Greenwood,Ind,Center Grove High School,,,,Ohio State University,2012-20137,Jordan Hall,Hall,Jordan,http://www.ohiostatebuckeyes.com/sports/m-footbl/mtt/jordan_hall_753445.html,RB,5/9/13,194,SR,"Jeannette, Pa. ",Jeannette,Pa,Jeannette High School,,,,Ohio State University,2012-201379,Marcus Hall,Hall,Marcus,http://www.ohiostatebuckeyes.com/sports/m-footbl/mtt/marcus_hall_753448.html,OL,6/5/13,315,JR,"Cleveland, Ohio ",Cleveland,Ohio,Glenville High School,,,,Ohio State University,2012-201352,Johnathan Hankins,Hankins,Johnathan,http://www.ohiostatebuckeyes.com/sports/m-footbl/mtt/johnathan_hankins_753452.html,DL,6/3/13,322,JR,"Dearborn Heights, Mich. ",Dearborn Heights,Mich,Southeastern High School,,,,Ohio State University,2012-201341,Bryce Haynes,Haynes,Bryce,http://www.ohiostatebuckeyes.com/sports/m-footbl/mtt/bryce_haynes_758586.html,LS,6/4/13,220,FR,"Cumming, Ga. ",Cumming,Ga,Pinecrest Academy High School,,,,Ohio State University,2012-201386,Jeff Heuerman,Heuerman,Jeff,http://www.ohiostatebuckeyes.com/sports/m-footbl/mtt/jeff_heuerman_758590.html,TE,6/5/13,250,SO,"Naples, FL ",Naples,FL,Barron Collier High School,,,,Ohio State University,2012-201397,John Holman,Holman,John,http://www.ohiostatebuckeyes.com/sports/m-footbl/mtt/john_holman_814646.html,DL,6/4/13,290,SO,"Riverdale, Ga. ",Riverdale,Ga,Union Grove High School,,,,Ohio State University,2012-201349,Adam Homan,Homan,Adam,http://www.ohiostatebuckeyes.com/sports/m-footbl/mtt/adam_homan_753428.html,RB,6/3/13,245,SR,"Coldwater, Ohio ",Coldwater,Ohio,Coldwater High School,,,,Ohio State University,2012-20137,Travis Howard,Howard,Travis,http://www.ohiostatebuckeyes.com/sports/m-footbl/mtt/travis_howard_753490.html,CB,6/1/13,200,SR,"Miami, Fla. ",Miami,Fla,Dr. Krop High School,,,,Ohio State University,2012-201334,Carlos Hyde,Hyde,Carlos,http://www.ohiostatebuckeyes.com/sports/m-footbl/mtt/carlos_hyde_753497.html,RB,6/1/00,232,JR,"Naples, Fla. ",Naples,Fla,Naples High School,,,,Ohio State University,2012-201319,Orhian Johnson,Johnson,Orhian,http://www.ohiostatebuckeyes.com/sports/m-footbl/mtt/orhian_johnson_753503.html,DB,6/3/13,210,SR,"St. Petersburg, Fla. ",St. Petersburg,Fla,Boca Ciega High School,,,,Ohio State University,2012-201312,Cardale Jones,Jones,Cardale,http://www.ohiostatebuckeyes.com/sports/m-footbl/mtt/cardale_jones_753504.html,QB,6/5/13,235,FR,"Cleveland, Ohio ",Cleveland,Ohio,Glenville High School,,,,Ohio State University,2012-201385,Frank Kangah,Kangah,Frank,http://www.ohiostatebuckeyes.com/sports/m-footbl/mtt/frank_kangah_779205.html,WR,6/1/00,195,FR,"Euclid, Ohio ",Euclid,Ohio,Euclid High School,,,,Ohio State University,2012-201332,Storm Klein,Klein,Storm,http://www.ohiostatebuckeyes.com/sports/m-footbl/mtt/storm_klein_753506.html,LB,6/2/13,242,SR,"Newark, Ohio ",Newark,Ohio,Licking Valley High School,,,,Ohio State University,2012-201369,Eric Kramer,Kramer,Eric,http://www.ohiostatebuckeyes.com/sports/m-footbl/mtt/eric_kramer_759326.html,OL,6/4/13,290,SO,"Cincinnati, Ohio ",Cincinnati,Ohio,St. Xavier High School,,,,Ohio State University,2012-201371,Corey Linsley,Linsley,Corey,http://www.ohiostatebuckeyes.com/sports/m-footbl/mtt/corey_linsley_753510.html,OL,6/3/13,295,JR,"Youngstown, Ohio ",Youngstown,Ohio,Boardman High School,,,,Ohio State University,2012-201356,George Makridis,Makridis,George,http://www.ohiostatebuckeyes.com/sports/m-footbl/mtt/george_makridis_753517.html,LS,6/2/13,230,JR,"Warren, Ohio ",Warren,Ohio,Warren G. Harding High School,,,,Ohio State University,2012-201334,Jamal Marcus,Marcus,Jamal,http://www.ohiostatebuckeyes.com/sports/m-footbl/mtt/jamal_marcus_807566.html,LB,6/2/13,225,FR,"Durham, N.C. ",Durham,NC,Hillside High School,,,,Ohio State University,2012-201397,Claudius Mbemba,Mbemba,Claudius,http://www.ohiostatebuckeyes.com/sports/m-footbl/mtt/claudius_mbemba_797236.html,DL,6/2/13,235,FR,"Lewis Center, Ohio ",Lewis Center,Ohio,Olentangy High School,,,,Ohio State University,2012-201391,William McCary,McCary,William,http://www.ohiostatebuckeyes.com/sports/m-footbl/mtt/william_mccary_758489.html,DL,6/1/13,234,SR,"Carrollton, Texas ",Carrollton,Texas,Creekview High School,,,,Ohio State University,2012-201374,Jack Mewhort,Mewhort,Jack,http://www.ohiostatebuckeyes.com/sports/m-footbl/mtt/jack_mewhort_753535.html,OL,6/6/13,312,JR,"Toledo, Ohio ",Toledo,Ohio,St. John's High School,,,,Ohio State University,2012-20135,Braxton Miller,Miller,Braxton,http://www.ohiostatebuckeyes.com/sports/m-footbl/mtt/braxton_miller_758495.html,QB,6/2/13,220,SO,"Huber Heights, Ohio ",Huber Heights,Ohio,Wayne High School,,,,Ohio State University,2012-201388,Steve Miller,Miller,Steve,http://www.ohiostatebuckeyes.com/sports/m-footbl/mtt/steve_miller_758496.html,DL,6/3/13,255,SO,"Canton, Ohio ",Canton,Ohio,McKinley High School,,,,Ohio State University,2012-201350,J.T. Moore,Moore,J.T.,http://www.ohiostatebuckeyes.com/sports/m-footbl/mtt/jt_moore_753544.html,DL,6/3/13,260,SO,"Youngstown, Ohio ",Youngstown,Ohio,Boardman High School,,,,Ohio State University,2012-201318,Najee Murray,Murray,Najee,http://www.ohiostatebuckeyes.com/sports/m-footbl/mtt/najee_murray_807565.html,DB,5/9/13,178,FR,"Steubenville, Ohio ",Steubenville,Ohio,Steubenville High School,,,,Ohio State University,2012-201326,Kevin Niehoff,Niehoff,Kevin,http://www.ohiostatebuckeyes.com/sports/m-footbl/mtt/kevin_niehoff_798047.html,K,6/3/13,200,FR,"Mason, Ohio ",Mason,Ohio,Mason High School,,,,Ohio State University,2012-201378,Andrew Norwell,Norwell,Andrew,http://www.ohiostatebuckeyes.com/sports/m-footbl/mtt/andrew_norwell_753549.html,OL,6/6/13,310,JR,"Cincinnati, Ohio ",Cincinnati,Ohio,Anderson High School,,,,Ohio State University,2012-201320,Ross Oltorik,Oltorik,Ross,http://www.ohiostatebuckeyes.com/sports/m-footbl/mtt/ross_oltorik_797235.html,LB,6/1/13,225,SR,"Cincinnati, Ohio ",Cincinnati,Ohio,Moeller High School,,,,Ohio State University,2012-201321,David Perkins,Perkins,David,http://www.ohiostatebuckeyes.com/sports/m-footbl/mtt/david_perkins_807563.html,LB,6/2/13,220,FR,"South Bend, Ind. ",South Bend,Ind,Washington High School,,,,Ohio State University,2012-201337,Joshua Perry,Perry,Joshua,http://www.ohiostatebuckeyes.com/sports/m-footbl/mtt/joshua_perry_793846.html,LB,6/4/13,238,FR,"Lewis Center, Ohio ",Lewis Center,Ohio,Olentangy High School,,,,Ohio State University,2012-201335,Vincent Petrella,Petrella,Vincent,http://www.ohiostatebuckeyes.com/sports/m-footbl/mtt/vincent_petrella_758506.html,DB,5/11/13,175,SR,"Blacklick, Ohio ",Blacklick,Ohio,Bishop Hartley High School,,,,Ohio State University,2012-201395,Se'Von Pittman,Pittman,Se'Von,http://www.ohiostatebuckeyes.com/sports/m-footbl/mtt/sevon_pittman_797950.html,DL,6/3/13,268,FR,"Canton, Ohio ",Canton,Ohio,McKinley High School,,,,Ohio State University,2012-201323,Tyvis Powell,Powell,Tyvis,http://www.ohiostatebuckeyes.com/sports/m-footbl/mtt/tyvis_powell_793845.html,DB,6/3/13,199,FR,"Bedford, Ohio ",Bedford,Ohio,Bedford High School,,,,Ohio State University,2012-201319,Levi Ratliff,Ratliff,Levi,http://www.ohiostatebuckeyes.com/sports/m-footbl/mtt/levi_ratliff_814647.html,QB,6/3/13,195,FR,"West Portsmouth, Ohio ",West Portsmouth,Ohio,Portsmouth West High School,,,,Ohio State University,2012-201326,Armani Reeves,Reeves,Armani,http://www.ohiostatebuckeyes.com/sports/m-footbl/mtt/armani_reeves_807676.html,CB,5/10/13,194,FR,"West Roxbury, Mass. ",West Roxbury,Mass,Catholic Memorial High School,,,,Ohio State University,2012-201329,Taylor Rice,Rice,Taylor,http://www.ohiostatebuckeyes.com/sports/m-footbl/mtt/taylor_rice_753566.html,WR,5/10/13,185,SR,"Dublin, Ohio ",Dublin,Ohio,Scioto High School,,,,Ohio State University,2012-201342,Luke Roberts,Roberts,Luke,http://www.ohiostatebuckeyes.com/sports/m-footbl/mtt/luke_roberts_797949.html,LB,6/1/13,226,FR,"Lancaster, Ohio ",Lancaster,Ohio,Lancaster High School,,,,Ohio State University,2012-20131,Bradley Roby,Roby,Bradley,http://www.ohiostatebuckeyes.com/sports/m-footbl/mtt/bradley_roby_753573.html,DB,5/11/13,190,SO,"Suwanee, Ga. ",Suwanee,Ga,Peachtree Ridge High School,,,,Ohio State University,2012-20136,Etienne Sabino,Sabino,Etienne,http://www.ohiostatebuckeyes.com/sports/m-footbl/mtt/etienne_sabino_753582.html,LB,6/3/13,237,SR,"North Miami Beach, Fla. ",North Miami Beach,Fla,Dr. Krop High School,,,,Ohio State University,2012-201333,Nik Sarac,Sarac,Nik,http://www.ohiostatebuckeyes.com/sports/m-footbl/mtt/nik_sarac_779203.html,DB,5/9/13,182,FR,"Cleveland, Ohio ",Cleveland,Ohio,St. Ignatius High School,,,,Ohio State University,2012-201390,Tommy Schutt,Schutt,Tommy,http://www.ohiostatebuckeyes.com/sports/m-footbl/mtt/tommy_schutt_807677.html,DL,6/2/13,295,FR,"Glen Ellyn, Ill. ",Glen Ellyn,Ill,Glenbard West High School,,,,Ohio State University,2012-201310,Ryan Shazier,Shazier,Ryan,http://www.ohiostatebuckeyes.com/sports/m-footbl/mtt/ryan_shazier_758525.html,LB,6/2/13,230,SO,"Plantation, Fla. ",Plantation,Fla,Plantation High School,,,,Ohio State University,2012-201317,Justin Siems,Siems,Justin,http://www.ohiostatebuckeyes.com/sports/m-footbl/mtt/justin_siems_753592.html,QB,6/2/13,215,SR,"Charlotte, NC ",Charlotte,NC,Providence High School,,,,Ohio State University,2012-201354,John Simon,Simon,John,http://www.ohiostatebuckeyes.com/sports/m-footbl/mtt/john_simon_753596.html,DL,6/2/13,263,SR,"Youngstown, Ohio ",Youngstown,Ohio,Cardinal Mooney High School,,,,Ohio State University,2012-201315,Devin Smith,Smith,Devin,http://www.ohiostatebuckeyes.com/sports/m-footbl/mtt/devin_smith_758535.html,WR,6/1/13,200,SO,"Massillon, Ohio ",Massillon,Ohio,Washington High School,,,,Ohio State University,2012-20132,Rod Smith,Smith,Rod,http://www.ohiostatebuckeyes.com/sports/m-footbl/mtt/rod_smith_753602.html,RB,6/3/13,228,SO,"Fort Wayne, Ind. ",Fort Wayne,Ind,Paul Harding High School,,,,Ohio State University,2012-201359,Stewart Smith,Smith,Stewart,http://www.ohiostatebuckeyes.com/sports/m-footbl/mtt/stewart_smith_753610.html,LB,6/3/13,230,SR,"New Albany, Ohio ",New Albany,Ohio,Gahanna Lincoln High School,,,,Ohio State University,2012-20138,Noah Spence,Spence,Noah,http://www.ohiostatebuckeyes.com/sports/m-footbl/mtt/noah_spence_807679.html,DL,6/3/13,240,FR,"Harrisburg, Pa. ",Harrisburg,Pa,Bishop McDevitt High School,,,,Ohio State University,2012-201316,Evan Spencer,Spencer,Evan,http://www.ohiostatebuckeyes.com/sports/m-footbl/mtt/evan_spencer_758542.html,WR,6/2/13,205,SO,"Vernon Hills, Ill. ",Vernon Hills,Ill,Vernon Hills High School,,,,Ohio State University,2012-201367,Ben St. John,St. John,Ben,http://www.ohiostatebuckeyes.com/sports/m-footbl/mtt/ben_st_john_758544.html,OL,6/3/13,285,SO,"Elmore, Ohio ",Elmore,Ohio,Woodmore High School,,,,Ohio State University,2012-201396,Kharim Stephens,Stephens,Kharim,http://www.ohiostatebuckeyes.com/sports/m-footbl/mtt/kharim_stephens_797952.html,DL,6/2/13,280,SR,"St. Albans, N.Y. ",St. Albans,NY,Martin Van High School,,,,Ohio State University,2012-201311,Jake Stoneburner,Stoneburner,Jake,http://www.ohiostatebuckeyes.com/sports/m-footbl/mtt/jake_stoneburner_753613.html,TE,6/5/13,245,SR,"Dublin, Ohio ",Dublin,Ohio,Dublin Coffman High School,,,,Ohio State University,2012-201328,Ron Tanner,Tanner,Ron,http://www.ohiostatebuckeyes.com/sports/m-footbl/mtt/ron_tanner_758551.html,DB,6/1/00,200,FR,"Columbus, Ohio ",Columbus,Ohio,Eastmoor Academy High School,,,,Ohio State University,2012-201389,Blake Thomas,Thomas,Blake,http://www.ohiostatebuckeyes.com/sports/m-footbl/mtt/blake_thomas_807680.html,TE,6/3/13,238,FR,"Cleveland, Ohio ",Cleveland,Ohio,St. Ignatius High School,,,,Ohio State University,2012-201383,Michael Thomas,Thomas,Michael,http://www.ohiostatebuckeyes.com/sports/m-footbl/mtt/michael_thomas_793844.html,WR,6/2/13,198,FR,"Los Angeles, Calif. ",Los Angeles,Calif,Woodland Hills Taft High School,,,,Ohio State University,2012-201370,Tim Trummer,Trummer,Tim,http://www.ohiostatebuckeyes.com/sports/m-footbl/mtt/tim_trummer_807681.html,OL,6/1/13,283,FR,"Kettering, Ohio ",Kettering,Ohio,Fairmont High School,,,,Ohio State University,2012-201373,Antonio Underwood,Underwood,Antonio,http://www.ohiostatebuckeyes.com/sports/m-footbl/mtt/antonio_underwood_758555.html,OL,6/2/13,306,SO,"Shaker Heights, Ohio ",Shaker Heights,Ohio,Shaker Heights High School,,,,Ohio State University,2012-201381,Nick Vannett,Vannett,Nick,http://www.ohiostatebuckeyes.com/sports/m-footbl/mtt/nick_vannett_758557.html,TE,6/6/13,255,FR,"Westerville, Ohio ",Westerville,Ohio,Central High School,,,,Ohio State University,2012-201392,Adolphus Washington,Washington,Adolphus,http://www.ohiostatebuckeyes.com/sports/m-footbl/mtt/adolphus_washington_807682.html,DL,6/3/13,289,FR,"Cincinnati, Ohio ",Cincinnati,Ohio,Taft High School,,,,Ohio State University,2012-20135,Camren Williams,Williams,Camren,http://www.ohiostatebuckeyes.com/sports/m-footbl/mtt/camren_williams_807684.html,LB,6/1/13,225,FR,"West Roxbury, Mass. ",West Roxbury,Mass,Catholic Memorial High School,,,,Ohio State University,2012-201343,Nathan Williams,Williams,Nathan,http://www.ohiostatebuckeyes.com/sports/m-footbl/mtt/nathan_williams_753669.html,DL,6/3/13,249,SR,"Washington C.H., Ohio ",Washington C.H.,Ohio,Miami Trace High School,,,,Ohio State University,2012-201321,Jamie Wood,Wood,Jamie,http://www.ohiostatebuckeyes.com/sports/m-footbl/mtt/jamie_wood_753671.html,DB,6/1/13,207,JR,"Pickerington, Ohio ",Pickerington,Ohio,Central High School,,,,Ohio State University,2012-2013