Number,Player,PlayerBio_URL,Position,Height,Weight,Year,Hometown,City,State,High_School,ID_Player_Race,Formal_Stated_Major,College_Major_Group,DBPediaCollege_Name,Season15,Usua Amanam,http://www.gostanford.com/sports/m-footbl/mtt/usua_amanam_439777.html,NB,5/10/13,176,SR,"Fremont, CA",Fremont,CA,Bellarmine College Prep,,,,Stanford University,2012-201391,Henry Anderson,http://www.gostanford.com/sports/m-footbl/mtt/henry_anderson_699885.html,DE,6/6/13,278,JR,"Atlanta, GA",Atlanta,GA,Woodward Academy,,,,Stanford University,2012-201348,Kevin Anderson,http://www.gostanford.com/sports/m-footbl/mtt/kevin_anderson_755800.html,OLB,6/4/13,250,SO,"Palo Alto, CA",Palo Alto,CA,Palo Alto High School,,,,Stanford University,2012-201374,Brendon Austin,http://www.gostanford.com/sports/m-footbl/mtt/brendon_austin_755801.html,OT,6/6/13,300,SO,"Parker, CO",Parker,CO,Chaparral High School,,,,Stanford University,2012-201328,Harold Bernard,http://www.gostanford.com/sports/m-footbl/mtt/harold_bernard_360470.html,SS,6/2/13,189,RS SR,"Chandler, AZ",Chandler,AZ,Chandler High School,,,,Stanford University,2012-201375,Dillon Bonnell,http://www.gostanford.com/sports/m-footbl/mtt/dillon_bonnell_699925.html,OG,6/4/13,281,JR,"Highlands Ranch, CO",Highlands Ranch,CO,ThunderRidge High School,,,,Stanford University,2012-20136,Terrence Brown,http://www.gostanford.com/sports/m-footbl/mtt/terrence_brown_439799.html,CB,6/1/13,178,SR,"Torrance, CA",Torrance,CA,Orange Lutheran High School,,,,Stanford University,2012-201331,Barry Browning,http://www.gostanford.com/sports/m-footbl/mtt/barry_browning_699945.html,CB,6/1/13,182,JR,"Everman, TX",Everman,TX,Everman High School,,,,Stanford University,2012-201389,Devon Cajuste,http://www.gostanford.com/sports/m-footbl/mtt/devon_cajuste_755803.html,WR,6/4/13,216,SO,"Seaford, NY",Seaford,NY,Holy Cross High School,,,,Stanford University,2012-201395,Lance Callihan,http://www.gostanford.com/sports/m-footbl/mtt/lance_callihan_755804.html,DT,6/3/13,300,SO,"Baton Rouge, LA",Baton Rouge,LA,Catholic High School,,,,Stanford University,2012-20135,Devon Carrington,http://www.gostanford.com/sports/m-footbl/mtt/devon_carrington_702525.html,FS,6/1/13,199,JR,"Chandler, AZ",Chandler,AZ,Hamilton High School,,,,Stanford University,2012-201325,Alex Carter,http://www.gostanford.com/sports/m-footbl/mtt/alex_carter_809223.html,CB,6/1/00,200,FR,"Ashburn, VA",Ashburn,VA,Briar Woods High School,,,,Stanford University,2012-201357,Johnny Caspers,http://www.gostanford.com/sports/m-footbl/mtt/johnny_caspers_809226.html,OG,6/4/13,269,FR,"Glen Ellyn, IL",Glen Ellyn,IL,Glenbard West High School,,,,Stanford University,2012-201381,Conner Crane,http://www.gostanford.com/sports/m-footbl/mtt/conner_crane_809228.html,WR,6/4/13,188,FR,"Lantana, TX",Lantana,TX,John H. Guyer High School,,,,Stanford University,2012-20135,Evan Crower,http://www.gostanford.com/sports/m-footbl/mtt/evan_crower_755805.html,QB,6/5/13,210,SO,"San Diego, CA",San Diego,CA,St. Augustine High School,,,,Stanford University,2012-201323,Jackson Cummings,http://www.gostanford.com/sports/m-footbl/mtt/jackson_cummings_702528.html,RB,5/9/13,190,JR,"Rocklin, CA",Rocklin,CA,Rocklin High School,,,,Stanford University,2012-201376,Kevin Danser,http://www.gostanford.com/sports/m-footbl/mtt/kevin_danser_439804.html,OG,6/6/13,298,SR,"Saratoga, CA",Saratoga,CA,Bellarmine College Prep,,,,Stanford University,2012-201366,Nick Davidson,http://www.gostanford.com/sports/m-footbl/mtt/nick_davidson_809233.html,OT,6/7/13,276,FR,"Eden Prarie, MN",Eden Prarie,MN,Eden Prarie,,,,Stanford University,2012-20133,Noor Davis,http://www.gostanford.com/sports/m-footbl/mtt/noor_davis_809238.html,OLB,6/4/13,235,FR,"Leesburg, FL",Leesburg,FL,Leesburg High School,,,,Stanford University,2012-201342,Alex Debniak,http://www.gostanford.com/sports/m-footbl/mtt/alex_debniak_360475.html,OLB,6/2/13,240,RS SR,"Hudsonville, MI",Hudsonville,MI,Hudsonville High School,,,,Stanford University,2012-201383,Davis Dudchock,http://www.gostanford.com/sports/m-footbl/mtt/davis_dudchock_702545.html,TE,6/4/13,242,JR,"Birmingham, AL",Birmingham,AL,Oak Mountain High School,,,,Stanford University,2012-201386,Zach Ertz,http://www.gostanford.com/sports/m-footbl/mtt/zach_ertz_439808.html,TE,6/6/13,252,SR,"Alamo, CA",Alamo,CA,Monte Visa High School,,,,Stanford University,2012-201350,Brent Etiz,http://www.gostanford.com/sports/m-footbl/mtt/brent_etiz_439805.html,ILB,6/1/13,207,SR,"Clovis, CA",Clovis,CA,Buchanan High School,,,,Stanford University,2012-201344,John Flacco,http://www.gostanford.com/sports/m-footbl/mtt/john_flacco_702547.html,WR,6/2/13,196,JR,"Audubon, NJ",Audubon,NJ,Audubon High School,,,,Stanford University,2012-201373,Cameron Fleming,http://www.gostanford.com/sports/m-footbl/mtt/cameron_fleming_702565.html,OT,6/6/13,314,JR,"Houston, TX",Houston,TX,Cypress Creek High School,,,,Stanford University,2012-201382,Alex Frkovic,http://www.gostanford.com/sports/m-footbl/mtt/alex_frkovic_809247.html,TE,6/5/13,240,FR,"London, ON",London,ON,A.B. Lucas Secondary School,,,,Stanford University,2012-201337,Chris Gaertner,http://www.gostanford.com/sports/m-footbl/mtt/chris_gaertner_702846.html,FS,6/1/13,185,JR,"Atherton, CA",Atherton,CA,Sacred Heart Prep,,,,Stanford University,2012-201349,Ben Gardner,http://www.gostanford.com/sports/m-footbl/mtt/ben_gardner_439816.html,DE,6/4/13,275,SR,"Mequon, WI",Mequon,WI,Homestead High School,,,,Stanford University,2012-201351,Joshua Garnett,http://www.gostanford.com/sports/m-footbl/mtt/joshua_garnett_809254.html,OG,6/5/13,325,FR,"Puyallup, WA",Puyallup,WA,Puyallup High School,,,,Stanford University,2012-20139,Brandon Gottfried,http://www.gostanford.com/sports/m-footbl/mtt/brandon_gottfried_702550.html,TE,6/5/13,217,JR,"Orange Beach, AL",Orange Beach,AL,Gulf Shores High School,,,,Stanford University,2012-201356,Jacob Gowan,http://www.gostanford.com/sports/m-footbl/mtt/jacob_gowan_439858.html,LS,6/3/13,260,SR,"Santa Rosa, CA",Santa Rosa,CA,Cardinal Newman High School,,,,Stanford University,2012-201382,Chris Harrell,http://www.gostanford.com/sports/m-footbl/mtt/chris_harrell_809255.html,TE,6/4/13,225,FR,"Missouri City, TX",Missouri City,TX,Elkins High School,,,,Stanford University,2012-201323,Ronnie Harris,http://www.gostanford.com/sports/m-footbl/mtt/ronnie_harris_755807.html,NB,5/10/13,172,SO,"Atlanta, GA",Atlanta,GA,Westlake High School,,,,Stanford University,2012-201397,Anthony Hayes,http://www.gostanford.com/sports/m-footbl/mtt/anthony_hayes_755808.html,DT,6/3/13,298,SO,"Brooklyn Park, MN",Brooklyn Park,MN,St. Thomas Academy,,,,Stanford University,2012-201340,Joe Hemschoot,http://www.gostanford.com/sports/m-footbl/mtt/joe_hemschoot_702765.html,ILB,6/1/13,225,JR,"Lakewood, CO",Lakewood,CO,Lakewood High School,,,,Stanford University,2012-201385,Ryan Hewitt,http://www.gostanford.com/sports/m-footbl/mtt/ryan_hewitt_439879.html,FB,6/4/13,248,SR,"Denver, CO",Denver,CO,J.K. Mullen High School,,,,Stanford University,2012-201310,Zach Hoffpauir,http://www.gostanford.com/sports/m-footbl/mtt/zach_hoffpauir_809257.html,SS,6/1/00,203,FR,"Glendale, AZ",Glendale,AZ,Centennial High School,,,,Stanford University,2012-20138,Kevin Hogan,http://www.gostanford.com/sports/m-footbl/mtt/kevin_hogan_755809.html,QB,6/4/13,224,SO,"McLean, VA",McLean,VA,Gonzaga College High School,,,,Stanford University,2012-201392,Charlie Hopkins,http://www.gostanford.com/sports/m-footbl/mtt/charlie_hopkins_755810.html,DE,6/6/13,274,SO,"Spokane, WA",Spokane,WA,Gonzaga Prep,,,,Stanford University,2012-201359,Craig Jones,http://www.gostanford.com/sports/m-footbl/mtt/craig_jones_809258.html,ILB,6/1/00,220,FR,"Modesto, CA",Modesto,CA,Central Catholic High School,,,,Stanford University,2012-201314,Dontonio Jordan,http://www.gostanford.com/sports/m-footbl/mtt/dontonio_jordan_809259.html,WR,5/11/13,183,FR,"Hickory Creek, TX",Hickory Creek,TX,Lake Dallas High School,,,,Stanford University,2012-201346,Matt Kasner,http://www.gostanford.com/sports/m-footbl/mtt/matt_kasner_755811.html,TE,6/4/13,226,SO,"Granite Bay, CA",Granite Bay,CA,Granite Bay High School,,,,Stanford University,2012-201398,Luke Kaumatule,http://www.gostanford.com/sports/m-footbl/mtt/luke_kaumatule_809261.html,TE,6/7/13,253,FR,"Honolulu, HI",Honolulu,HI,Punahou School,,,,Stanford University,2012-201380,Sam Knapp,http://www.gostanford.com/sports/m-footbl/mtt/sam_knapp_439897.html,WR,6/3/13,208,SR,"Menlo Park, CA",Menlo Park,CA,Menlo-Atherton High School,,,,Stanford University,2012-201338,Gautam Krishnamurthi,http://www.gostanford.com/sports/m-footbl/mtt/gautam_krishnamurthi_809263.html,WR,6/1/13,170,SO,"Saratoga, CA",Saratoga,CA,Harker School,,,,Stanford University,2012-201341,Cason Kynes,http://www.gostanford.com/sports/m-footbl/mtt/cason_kynes_755813.html,SS,5/9/13,187,SR,"Annandale, VA",Annandale,VA,Annandale High School,,,,Stanford University,2012-201335,Jarek Lancaster,http://www.gostanford.com/sports/m-footbl/mtt/jarek_lancaster_439863.html,ILB,6/1/13,242,SR,"Helotes, TX",Helotes,TX,Sandra Day O'Connor High School,,,,Stanford University,2012-201315,Dallas Lloyd,http://www.gostanford.com/sports/m-footbl/mtt/dallas_lloyd_809264.html,QB,6/3/13,199,FR,"Pleasant Grove, UT",Pleasant Grove,UT,Pleasant Grove High School,,,,Stanford University,2012-201355,Nate Lohn,http://www.gostanford.com/sports/m-footbl/mtt/nate_lohn_809265.html,DE,6/3/13,273,FR,"Kansas City, MO",Kansas City,MO,Staley High School,,,,Stanford University,2012-201343,Blake Lueders,http://www.gostanford.com/sports/m-footbl/mtt/blake_lueders_702585.html,OLB,6/5/13,256,JR,"Zionsville, IN",Zionsville,IN,Zionsville Community High School,,,,Stanford University,2012-20132,Wayne Lyons,http://www.gostanford.com/sports/m-footbl/mtt/wayne_lyons_755814.html,CB,6/1/13,187,SO,"Ft. Lauderdale, FL",Ft. Lauderdale,FL,Dillard High School,,,,Stanford University,2012-201321,Drew Madhu,http://www.gostanford.com/sports/m-footbl/mtt/drew_madhu_809224.html,FS,6/1/13,192,FR,"Tampa, FL",Tampa,FL,H.B. Plant,,,,Stanford University,2012-20134,Blake Martinez,http://www.gostanford.com/sports/m-footbl/mtt/blake_martinez_809225.html,ILB,6/2/13,237,FR,"Tucson, AZ",Tucson,AZ,Canyon del Oro,,,,Stanford University,2012-201390,Josh Mauro,http://www.gostanford.com/sports/m-footbl/mtt/josh_mauro_439864.html,DE,6/6/13,277,SR,"Hurst, TX",Hurst,TX,L.D. Bell High School,,,,Stanford University,2012-201361,Conor McFadden,http://www.gostanford.com/sports/m-footbl/mtt/conor_mcfadden_702766.html,C/OG,6/3/13,284,JR,"West St. Paul, MN",West St. Paul,MN,St. Thomas Academy,,,,Stanford University,2012-201310,Geoff Meinken,http://www.gostanford.com/sports/m-footbl/mtt/geoff_meinken_439867.html,FB,6/4/13,252,SR,"Lynnwood, WA",Lynnwood,WA,Lynnwood High School,,,,Stanford University,2012-201345,Sam Mercer,http://www.gostanford.com/sports/m-footbl/mtt/sam_mercer_755815.html,ILB,6/1/00,218,SO,"Thousand Oaks, CA",Thousand Oaks,CA,Chaminade College Prep,,,,Stanford University,2012-201367,Reed Miller,http://www.gostanford.com/sports/m-footbl/mtt/reed_miller_809229.html,LS,6/2/13,225,FR,"Encinitas, CA",Encinitas,CA,Santa Fe Christian School,,,,Stanford University,2012-201388,Ty Montgomery,http://www.gostanford.com/sports/m-footbl/mtt/ty_montgomery_755816.html,WR,6/2/13,212,SO,"Dallas, TX",Dallas,TX,St. Mark's School of Texas,,,,Stanford University,2012-201360,Brian Moran,http://www.gostanford.com/sports/m-footbl/mtt/brian_moran_755817.html,OT/OG,6/7/13,309,SO,"Menlo Park, CA",Menlo Park,CA,Sacred Heart Prep,,,,Stanford University,2012-201347,Myles Muagututia,http://www.gostanford.com/sports/m-footbl/mtt/myles_muagututia_439870.html,ILB,6/2/13,223,SR,"Oceanside, CA",Oceanside,CA,Francis Parker High School,,,,Stanford University,2012-201378,Kyle Murphy,http://www.gostanford.com/sports/m-footbl/mtt/kyle_murphy_809230.html,OT,6/7/13,280,FR,"San Clemente, CA",San Clemente,CA,San Clemente,,,,Stanford University,2012-201393,Trent Murphy,http://www.gostanford.com/sports/m-footbl/mtt/trent_murphy_439873.html,OLB,6/6/13,261,SR,"Phoenix, AZ",Phoenix,AZ,Brophy College Prep,,,,Stanford University,2012-201320,Keanu Nelson,http://www.gostanford.com/sports/m-footbl/mtt/keanu_nelson_702587.html,WR,5/11/13,178,JR,"Tucson, AZ",Tucson,AZ,Sabino High School,,,,Stanford University,2012-20136,Josh Nunes,http://www.gostanford.com/sports/m-footbl/mtt/josh_nunes_439918.html,QB,6/4/13,225,SR,"Upland, CA",Upland,CA,Upland High School,,,,Stanford University,2012-201394,Ikenna Nwafor,http://www.gostanford.com/sports/m-footbl/mtt/ikenna_nwafor_809232.html,DT/DE,6/6/13,308,FR,"Irving, TX",Irving,TX,Cistercian Preparatory School,,,,Stanford University,2012-201310,David Olson,http://www.gostanford.com/sports/m-footbl/mtt/david_olson_702607.html,QB,6/3/13,210,JR,"Columbia, SC",Columbia,SC,Irmo High School,,,,Stanford University,2012-201322,Kyle Olugbode,http://www.gostanford.com/sports/m-footbl/mtt/kyle_olugbode_702608.html,FS,6/1/13,194,JR,"San Jose, CA",San Jose,CA,Bellarmine Prep,,,,Stanford University,2012-201358,David Parry,http://www.gostanford.com/sports/m-footbl/mtt/david_parry_702625.html,DT,6/2/13,300,JR,"Marion, IA",Marion,IA,Linn Marr High School,,,,Stanford University,2012-201321,Jamal-Rashad Patterson,http://www.gostanford.com/sports/m-footbl/mtt/jamal_rashad_patterson_439919.html,WR,6/3/13,208,SR,"McDonough, GA",McDonough,GA,Henry County High School,,,,Stanford University,2012-201334,Josiah Paye,http://www.gostanford.com/sports/m-footbl/mtt/josiah_paye_809235.html,FS,5/11/13,170,FR,"Nevada City, CA",Nevada City,CA,Nevada Union,,,,Stanford University,2012-201370,Andrus Peat,http://www.gostanford.com/sports/m-footbl/mtt/andrus_peat_809236.html,OT,6/7/13,308,FR,"Chandler, AZ",Chandler,AZ,Corona del Sol,,,,Stanford University,2012-201313,Robbie Picazo,http://www.gostanford.com/sports/m-footbl/mtt/robbie_picazo_439920.html,QB,6/3/13,212,SR,"Santa Margarita, CA",Santa Margarita,CA,Tesoro High School,,,,Stanford University,2012-201338,Ra'Chard Pippens,http://www.gostanford.com/sports/m-footbl/mtt/rachard_pippens_755818.html,CB,6/2/13,195,SO,"McDonough, GA",McDonough,GA,Ola High School,,,,Stanford University,2012-201369,Eddie Plantaric,http://www.gostanford.com/sports/m-footbl/mtt/eddie_plantaric_702609.html,OT,6/5/13,276,JR,"Orangevale, CA",Orangevale,CA,Del Campo High School,,,,Stanford University,2012-201387,Jordan Pratt,http://www.gostanford.com/sports/m-footbl/mtt/jordan_pratt_755819.html,WR,6/3/13,215,SO,"Monmouth, OR",Monmouth,OR,Central High School,,,,Stanford University,2012-20133,Michael Rector,http://www.gostanford.com/sports/m-footbl/mtt/michael_rector_809239.html,WR,6/1/13,178,FR,"Gig Harbor, WA",Gig Harbor,WA,Bellarmine Preparatory,,,,Stanford University,2012-201363,Kevin Reihner,http://www.gostanford.com/sports/m-footbl/mtt/kevin_reihner_755820.html,C,6/4/13,294,SO,"Scranton, PA",Scranton,PA,Scranton Prep,,,,Stanford University,2012-201329,Ed Reynolds,http://www.gostanford.com/sports/m-footbl/mtt/ed_reynolds_702645.html,FS,6/2/13,207,JR,"Orange Park, FL",Orange Park,FL,Woodberry Forest High School,,,,Stanford University,2012-201314,Ben Rhyne,http://www.gostanford.com/sports/m-footbl/mtt/ben_rhyne_702646.html,P/K,6/2/13,197,JR,"Charlotte, NC",Charlotte,NC,Charlotte Country Day School,,,,Stanford University,2012-20138,Jordan Richards,http://www.gostanford.com/sports/m-footbl/mtt/jordan_richards_755821.html,SS,5/11/13,208,SO,"Folsom, CA",Folsom,CA,Folsom High School,,,,Stanford University,2012-201384,Jemari Roberts,http://www.gostanford.com/sports/m-footbl/mtt/jemari_roberts_439928.html,TE,6/3/13,233,SR,"Long Beach, CA",Long Beach,CA,Wilson High School,,,,Stanford University,2012-201353,Torsten Rotto,http://www.gostanford.com/sports/m-footbl/mtt/torsten_rotto_755822.html,OLB,6/2/13,236,SO,"Woodbury, MN",Woodbury,MN,Woodbury High School,,,,Stanford University,2012-201372,J.B. Salem,http://www.gostanford.com/sports/m-footbl/mtt/jb_salem_755823.html,DE,6/4/13,266,SO,"Newport Beach, CA",Newport Beach,CA,Newport Beach High School,,,,Stanford University,2012-201326,Barry Sanders,http://www.gostanford.com/sports/m-footbl/mtt/barry_sanders_809241.html,RB,5/10/13,191,FR,"Oklahoma City, OK",Oklahoma City,OK,Heritage Hall,,,,Stanford University,2012-201364,Sam Schwartzstein,http://www.gostanford.com/sports/m-footbl/mtt/sam_schwartzstein_360522.html,C,6/3/13,292,RS SR,"Southlake, TX",Southlake,TX,Carroll High School,,,,Stanford University,2012-201330,Ricky Seale,http://www.gostanford.com/sports/m-footbl/mtt/ricky_seale_702685.html,RB,5/9/13,193,JR,"Escondido, CA",Escondido,CA,Escondido High School,,,,Stanford University,2012-201327,Brent Seals,http://www.gostanford.com/sports/m-footbl/mtt/brent_seals_439931.html,SS,6/1/13,189,SR,"Chino Hills, CA",Chino Hills,CA,Bishop Amat High School,,,,Stanford University,2012-20137,Aziz Shittu,http://www.gostanford.com/sports/m-footbl/mtt/aziz_shittu_809243.html,DE,6/3/13,264,FR,"Atwater, CA",Atwater,CA,Buhach Colony,,,,Stanford University,2012-201367,Sam Shober,http://www.gostanford.com/sports/m-footbl/mtt/sam_shober_809245.html,OLB,6/3/13,220,FR,"Monroe, WA",Monroe,WA,Archbishop Murphy,,,,Stanford University,2012-201352,Graham Shuler,http://www.gostanford.com/sports/m-footbl/mtt/graham_shuler_809248.html,C/OG,6/4/13,268,FR,"Franklin, TN",Franklin,TN,Brentwood Academy,,,,Stanford University,2012-201324,Patrick Skov,http://www.gostanford.com/sports/m-footbl/mtt/patrick_skov_755824.html,FB,6/1/13,238,SO,"Piedmont, CA",Piedmont,CA,The Lawrenceville School,,,,Stanford University,2012-201311,Shayne Skov,http://www.gostanford.com/sports/m-footbl/mtt/shayne_skov_439934.html,ILB,6/3/13,242,SR,"Piedmont, CA",Piedmont,CA,Trinity-Pawling School,,,,Stanford University,2012-201313,Rollins Stallworth,http://www.gostanford.com/sports/m-footbl/mtt/rollins_stallworth_755825.html,WR,6/4/13,194,SO,"Reno, NV",Reno,NV,McQueen High School,,,,Stanford University,2012-201399,Terrence Stephens,http://www.gostanford.com/sports/m-footbl/mtt/terrence_stephens_439958.html,DT,6/2/13,305,SR,"Gaithersburg, MD",Gaithersburg,MD,Quince Orchard High School,,,,Stanford University,2012-201329,Andrew Stutz,http://www.gostanford.com/sports/m-footbl/mtt/andrew_stutz_439960.html,RB/FB,6/1/13,202,SR,"Scottsdale, AZ",Scottsdale,AZ,Notre Dame Prep,,,,Stanford University,2012-201324,Spencer Summers,http://www.gostanford.com/sports/m-footbl/mtt/spencer_summers_797821.html,K,5/8/13,177,SO,"Minneapolis, MN",Minneapolis,MN,Minnehaha Academy,,,,Stanford University,2012-201317,A.J. Tarpley,http://www.gostanford.com/sports/m-footbl/mtt/aj_tarpley_817269.html,ILB,6/2/13,238,JR,"Plymouth, MN",Plymouth,MN,Wayzata High School,,,,Stanford University,2012-201333,Stepfan Taylor,http://www.gostanford.com/sports/m-footbl/mtt/stepfan_taylor_439961.html,RB,5/11/13,215,SR,"Mansfield, TX",Mansfield,TX,Mansfield High School,,,,Stanford University,2012-20134,Drew Terrell,http://www.gostanford.com/sports/m-footbl/mtt/drew_terrell_439964.html,WR,5/11/13,180,SR,"Chandler, AZ",Chandler,AZ,Hamilton High School,,,,Stanford University,2012-201344,Chase Thomas,http://www.gostanford.com/sports/m-footbl/mtt/chase_thomas_360527.html,OLB,6/4/13,248,RS SR,"Marietta, GA",Marietta,GA,Walton High School,,,,Stanford University,2012-201311,Levine Toilolo,http://www.gostanford.com/sports/m-footbl/mtt/levine_toilolo_439967.html,TE,6/8/13,265,SR,"La Mesa, CA",La Mesa,CA,Helix High School,,,,Stanford University,2012-201318,Jeff Trojan,http://www.gostanford.com/sports/m-footbl/mtt/jeff_trojan_702687.html,WR,6/3/13,185,JR,"Huntington Beach, CA",Huntington Beach,CA,Edison High School,,,,Stanford University,2012-201362,Austin Tubbs,http://www.gostanford.com/sports/m-footbl/mtt/austin_tubbs_755844.html,LS,6/1/00,203,SO,"San Clemente, CA",San Clemente,CA,San Clemente High School,,,,Stanford University,2012-201334,Conrad Ukropina,http://www.gostanford.com/sports/m-footbl/mtt/conrad_ukropina_809249.html,P/K,6/1/13,175,FR,"Pasadena, CA",Pasadena,CA,Loyola,,,,Stanford University,2012-201350,Cole Underwood,http://www.gostanford.com/sports/m-footbl/mtt/cole_underwood_702707.html,OT/OG,6/4/13,301,JR,"Denton, TX",Denton,TX,John H. Guyer High School,,,,Stanford University,2012-20139,James Vaughters,http://www.gostanford.com/sports/m-footbl/mtt/james_vaughters_755827.html,ILB,6/2/13,246,SO,"Stone Mountain, GA",Stone Mountain,GA,Tucker High School,,,,Stanford University,2012-201346,Lee Ward,http://www.gostanford.com/sports/m-footbl/mtt/lee_ward_702666.html,FB,6/1/13,245,JR,"Chesterfield, MO",Chesterfield,MO,Parkway Central High School,,,,Stanford University,2012-201375,Jordan Watkins,http://www.gostanford.com/sports/m-footbl/mtt/jordan_watkins_809250.html,DT/DE,6/5/13,274,FR,"Decatur, GA",Decatur,GA,Woodward Academy,,,,Stanford University,2012-20139,Kodi Whitfield,http://www.gostanford.com/sports/m-footbl/mtt/kodi_whitfield_809251.html,WR,6/2/13,188,FR,"Los Angeles, CA",Los Angeles,CA,Loyola,,,,Stanford University,2012-201332,Anthony Wilkerson,http://www.gostanford.com/sports/m-footbl/mtt/anthony_wilkerson_702726.html,RB,6/1/13,218,JR,"Foothill Ranch, CA",Foothill Ranch,CA,Tustin High School,,,,Stanford University,2012-201365,Khalil Wilkes,http://www.gostanford.com/sports/m-footbl/mtt/khalil_wilkes_439970.html,OG,6/3/13,291,SR,"Teaneck, NJ",Teaneck,NJ,St. Peters Prep,,,,Stanford University,2012-201319,Jordan Williamson,http://www.gostanford.com/sports/m-footbl/mtt/jordan_williamson_702745.html,K,5/11/13,192,JR,"Austin, TX",Austin,TX,Westwood High School,,,,Stanford University,2012-201322,Remound Wright,http://www.gostanford.com/sports/m-footbl/mtt/remound_wright_755828.html,RB,5/9/13,205,SO,"Fort Wayne, IN",Fort Wayne,IN,Bishop Dwenger High School,,,,Stanford University,2012-201354,David Yankey,http://www.gostanford.com/sports/m-footbl/mtt/david_yankey_702785.html,OG,6/5/13,301,JR,"Roswell, GA",Roswell,GA,Centennial High School,,,,Stanford University,2012-201379,Alex Yazdi,http://www.gostanford.com/sports/m-footbl/mtt/alex_yazdi_755829.html,DE,6/1/13,255,SO,"Cave Creek, AZ",Cave Creek,AZ,Cactus Shadows High School,,,,Stanford University,2012-201339,Kelsey Young,http://www.gostanford.com/sports/m-footbl/mtt/kelsey_young_755830.html,WR/RB,5/10/13,195,SO,"Norco, CA",Norco,CA,Norco High School,,,,Stanford University,2012-201368,Sam Yules,http://www.gostanford.com/sports/m-footbl/mtt/sam_yules_809252.html,ILB,6/2/13,230,FR,"Dartmouth, MA",Dartmouth,MA,Moses Brown School,,,,Stanford University,2012-201336,Daniel Zychlinski,http://www.gostanford.com/sports/m-footbl/mtt/daniel_zychlinski_360538.html,P,6/3/13,208,RS SR,"Tampa, FL",Tampa,FL,King High School,,,,Stanford University,2012-2013