Number,Player,PlayerBio_URL,Position,Height,Weight,Year,Hometown,City,State,High_School,Prior_College,ID_Player_Race,Formal_Stated_Major,College_Major_Group,DBPediaCollege_Name,Season2,Vincent Smith,http://www.mgoblue.com/sports/m-footbl/mtt/vincent_smith_472419.html,RB,5/6/13,175,SR,"Pahokee, FLA",Pahokee,FLA,Pahokee,,,,,University of Michigan,2012-20133,Bo Dever,http://www.mgoblue.com/sports/m-footbl/mtt/bo_dever_810679.html,WR,6/2/13,193,FR,"Lake Forest, ILL",Lake Forest,ILL,Lake Forest High School,,,,,University of Michigan,2012-20133,Marvin Robinson,http://www.mgoblue.com/sports/m-footbl/mtt/marvin_robinson_716247.html,S,6/2/13,200,JR,"Winter Haven, FLA",Winter Haven,FLA,Lake Region,,,,,University of Michigan,2012-20134,Cameron Gordon,http://www.mgoblue.com/sports/m-footbl/mtt/cameron_gordon_470903.html,LB,6/3/13,236,RS JR,"Detroit, MICH",Detroit,MICH,Inkster,,,,,University of Michigan,2012-20135,Justice Hayes,http://www.mgoblue.com/sports/m-footbl/mtt/justice_hayes_765119.html,RB,5/10/13,183,RS FR,"Flint, MICH",Flint,MICH,Grand Blanc High School,,,,,University of Michigan,2012-20135,Courtney Avery,http://www.mgoblue.com/sports/m-footbl/mtt/courtney_avery_716230.html,CB,5/11/13,173,JR,"Mansfield, OHIO",Mansfield,OHIO,Lexington,,,,,University of Michigan,2012-20136,Raymon Taylor,http://www.mgoblue.com/sports/m-footbl/mtt/raymon_taylor_765137.html,DB,5/10/13,182,SO,"Detroit, MICH",Detroit,MICH,Highland Park,,,,,University of Michigan,2012-20136,Brian Cleary,http://www.mgoblue.com/sports/m-footbl/mtt/brian_cleary_810678.html,QB,6/3/13,204,FR,"Detroit, MICH",Detroit,MICH,Detroit Jesuit High School,,,,,University of Michigan,2012-20137,Brandin Hawthorne,http://www.mgoblue.com/sports/m-footbl/mtt/brandin_hawthorne_471000.html,LB,6/1/00,220,SR,"Pahokee, FLA",Pahokee,FLA,Pahokee,,,,,University of Michigan,2012-20138,J.T. Floyd,http://www.mgoblue.com/sports/m-footbl/mtt/jt_floyd_374899.html,CB,6/1/00,183,RS SR,"Greenville, SC",Greenville,SC,J.L. Mann,,,,,University of Michigan,2012-20138,Russell Bellomy,http://www.mgoblue.com/sports/m-footbl/mtt/russell_bellomy_765104.html,QB,6/3/13,202,RS FR,"Arlington, TEXAS",Arlington,TEXAS,Martin,,,,,University of Michigan,2012-20139,Drew Dileo,http://www.mgoblue.com/sports/m-footbl/mtt/drew_dileo_716236.html,WR,5/10/13,180,JR,"Greenwell Springs, LA",Greenwell Springs,LA,Parkview Baptist,,,,,University of Michigan,2012-201310,Jeremy Gallon,http://www.mgoblue.com/sports/m-footbl/mtt/jeremy_gallon_470873.html,WR,5/8/13,187,RS JR,"Apopka, FLA",Apopka,FLA,Apopka,,,,,University of Michigan,2012-201311,Jordan Kovacs,http://www.mgoblue.com/sports/m-footbl/mtt/jordan_kovacs_471577.html,S,6/1/00,202,RS SR,"Curtice, OHIO",Curtice,OHIO,Clay,,,,,University of Michigan,2012-201312,Allen Gant,http://www.mgoblue.com/sports/m-footbl/mtt/allen_gant_810570.html,DB,6/2/13,199,FR,"Sylvania, OHIO",Sylvania,OHIO,Southview High School,,,,,University of Michigan,2012-201312,Devin Gardner,http://www.mgoblue.com/sports/m-footbl/mtt/devin_gardner_617766.html,QB,6/4/13,203,JR,"Detroit, MICH",Detroit,MICH,Inkster,,,,,University of Michigan,2012-201313,Alex Swieca,http://www.mgoblue.com/sports/m-footbl/mtt/alex_swieca_785551.html,QB,6/1/13,206,RS FR,"New York, NY",New York,NY,The Frisch School,,,,,University of Michigan,2012-201313,Terry Richardson,http://www.mgoblue.com/sports/m-footbl/mtt/terry_richardson_810582.html,DB,5/9/13,162,FR,"Detroit, MICH",Detroit,MICH,Cass Tech High School,,,,,University of Michigan,2012-201314,Jack Kennedy,http://www.mgoblue.com/sports/m-footbl/mtt/jack_kennedy_471545.html,QB,5/11/13,185,RS SR,"Walled Lake, MICH",Walled Lake,MICH,Walled Lake Central,,,,,University of Michigan,2012-201314,Josh Furman,http://www.mgoblue.com/sports/m-footbl/mtt/josh_furman_713898.html,S,6/2/13,203,RS SO,"Annapolis, MD",Annapolis,MD,Old Mill Senior,,,,,University of Michigan,2012-201315,Shaun Austin,http://www.mgoblue.com/sports/m-footbl/mtt/shaun_austin_828071.html,QB,6/1/13,203,FR,"Plymouth, MI",Plymouth,MI,Plymouth High School,,,,,University of Michigan,2012-201316,Denard Robinson,http://www.mgoblue.com/sports/m-footbl/mtt/denard_robinson_472280.html,QB,6/1/00,197,SR,"Deerfield Beach, FLA",Deerfield Beach,FLA,Deerfield Beach,,,,,University of Michigan,2012-201317,Jeremy Jackson,http://www.mgoblue.com/sports/m-footbl/mtt/jeremy_jackson_617786.html,WR,6/3/13,204,JR,"Ann Arbor, MICH",Ann Arbor,MICH,Huron,,,,,University of Michigan,2012-201318,Blake Countess,http://www.mgoblue.com/sports/m-footbl/mtt/blake_countess_765117.html,DB,5/10/13,180,SO,"Owings Mills, MD",Owings Mills,MD,Our Lady of Good Counsel,,,,,University of Michigan,2012-201319,Charlie Zeller,http://www.mgoblue.com/sports/m-footbl/mtt/charlie_zeller_744126.html,S,5/11/13,199,RS JR,"Centennial, COLO",Centennial,COLO,Cherry Creek,,,,,University of Michigan,2012-201319,Devin Funchess,http://www.mgoblue.com/sports/m-footbl/mtt/devin_funchess_810569.html,TE,6/5/13,229,FR,"Farmington Hills, MICH",Farmington Hills,MICH,Harrison High School,,,,,University of Michigan,2012-201320,Steve Wilson,http://www.mgoblue.com/sports/m-footbl/mtt/steve_wilson_744125.html,CB,5/11/13,179,RS SR,"White Lake, MICH",White Lake,MICH,Lakeland,,,,,University of Michigan,2012-201321,Roy Roundtree,http://www.mgoblue.com/sports/m-footbl/mtt/roy_roundtree_374972.html,WR,6/1/00,180,RS SR,"Trotwood, OHIO",Trotwood,OHIO,Trotwood-Madison,,,,,University of Michigan,2012-201322,Jarrod Wilson,http://www.mgoblue.com/sports/m-footbl/mtt/jarrod_wilson_797205.html,S,6/2/13,194,FR,"Akron, OHIO",Akron,OHIO,Akron Buchtel,,,,,University of Michigan,2012-201323,Floyd Simmons,http://www.mgoblue.com/sports/m-footbl/mtt/floyd_simmons_375001.html,S,6/1/00,200,RS SR,"Detroit, MICH",Detroit,MICH,Crockett Technical,,,,,University of Michigan,2012-201324,Delonte Hollowell,http://www.mgoblue.com/sports/m-footbl/mtt/delonte_hollowell_765121.html,DB,5/9/13,176,SO,"Detroit, MICH",Detroit,MICH,Cass Technical,,,,,University of Michigan,2012-201325,Kenny Demens,http://www.mgoblue.com/sports/m-footbl/mtt/kenny_demens_381345.html,LB,6/1/13,242,RS SR,"Oak Park, MICH",Oak Park,MICH,Detroit Country Day,,,,,University of Michigan,2012-201326,Dennis Norfleet,http://www.mgoblue.com/sports/m-footbl/mtt/dennis_norfleet_810578.html,RB,5/7/13,161,FR,"Detroit, MICH",Detroit,MICH,Martin Luther King High School,,,,,University of Michigan,2012-201327,Mike Jones,http://www.mgoblue.com/sports/m-footbl/mtt/mike_jones_471537.html,LB,6/2/13,226,RS JR,"Orlando, FLA",Orlando,FLA,Edgewater,,,,,University of Michigan,2012-201327,Jonathan Keizer,http://www.mgoblue.com/sports/m-footbl/mtt/jonathan_keizer_785553.html,WR,6/5/13,211,RS FR,"Portage, MI",Portage,MI,Portage Northern,,,,,University of Michigan,2012-201328,Fitzgerald Toussaint,http://www.mgoblue.com/sports/m-footbl/mtt/fitzgerald_toussaint_472498.html,RB,5/10/13,202,RS JR,"Youngstown, OHIO",Youngstown,OHIO,Liberty,,,,,University of Michigan,2012-201329,Drake Johnson,http://www.mgoblue.com/sports/m-footbl/mtt/drake_johnson_810574.html,RB,6/1/00,209,FR,"Ann Arbor, MICH",Ann Arbor,MICH,Pioneer High School,,,,,University of Michigan,2012-201330,Thomas Gordon,http://www.mgoblue.com/sports/m-footbl/mtt/thomas_gordon_470907.html,S,5/11/13,207,RS JR,"Detroit, MICH",Detroit,MICH,Cass Technical,,,,,University of Michigan,2012-201331,Andrew Offerdahl,http://www.mgoblue.com/sports/m-footbl/mtt/andrew_offerdahl_810685.html,S,5/11/13,199,FR,"Fort Lauderdale, FLA",Fort Lauderdale,FLA,Cardinal Gibbons High School,,,,,University of Michigan,2012-201331,Paul Gyarmati,http://www.mgoblue.com/sports/m-footbl/mtt/paul_gyarmati_470995.html,FB,6/1/13,234,RS SR,"Bloomfield Hills, MICH",Bloomfield Hills,MICH,Brother Rice,,,,,University of Michigan,2012-201334,Jeremy Clark,http://www.mgoblue.com/sports/m-footbl/mtt/jeremy_clark_810568.html,DB,6/4/13,200,FR,"Madisonville, KY",Madisonville,KY,Madisonville North Hopkins High School,,,,,University of Michigan,2012-201334,Brendan Gibbons,http://www.mgoblue.com/sports/m-footbl/mtt/brendan_gibbons_470886.html,PK,6/1/13,230,RS JR,"West Palm Beach, FLA",West Palm Beach,FLA,Cardinal Newman,,,,,University of Michigan,2012-201335,Joe Bolden,http://www.mgoblue.com/sports/m-footbl/mtt/joe_bolden_797203.html,LB,6/3/13,223,FR,"Cincinnati, OHIO",Cincinnati,OHIO,Colerain,,,,,University of Michigan,2012-201336,Joe Kerridge,http://www.mgoblue.com/sports/m-footbl/mtt/joe_kerridge_765126.html,FB,6/1/00,244,RS FR,"Traverse City, MICH",Traverse City,MICH,St. Francis,,,,,University of Michigan,2012-201336,AJ Pearson,http://www.mgoblue.com/sports/m-footbl/mtt/aj_pearson_817162.html,DB,6/1/00,195,FR,"Johns Creek, GA",Johns Creek,GA,Northview High School,,,,,University of Michigan,2012-201338,Al Backey,http://www.mgoblue.com/sports/m-footbl/mtt/al_backey_468907.html,CB,5/10/13,183,RS JR,"Ypsilanti, MICH",Ypsilanti,MICH,Ypsilanti,,,,,University of Michigan,2012-201338,Thomas Rawls,http://www.mgoblue.com/sports/m-footbl/mtt/thomas_rawls_765135.html,RB,5/10/13,218,SO,"Flint, MICH",Flint,MICH,Flint Northern,,,,,University of Michigan,2012-201340,Nate Allspach,http://www.mgoblue.com/sports/m-footbl/mtt/nate_allspach_719071.html,TE,6/6/13,244,RS SO,"Grand Rapids, MICH",Grand Rapids,MICH,Grandville,,,,,University of Michigan,2012-201340,Antonio Poole,http://www.mgoblue.com/sports/m-footbl/mtt/antonio_poole_765131.html,LB,6/2/13,224,RS FR,"Cincinnati, OHIO",Cincinnati,OHIO,Winton Woods,,,,,University of Michigan,2012-201341,Kenny Wilkins,http://www.mgoblue.com/sports/m-footbl/mtt/kenny_wilkins_716257.html,DT,6/3/13,294,RS SO,"Washington, PA",Washington,PA,Trinity,,,,,University of Michigan,2012-201342,Dylan Esterline,http://www.mgoblue.com/sports/m-footbl/mtt/dylan_esterline_724062.html,TE,6/5/13,236,RS SO,"Blissfield, MICH",Blissfield,MICH,Blissfield,,,,,University of Michigan,2012-201343,Will Hagerup,http://www.mgoblue.com/sports/m-footbl/mtt/will_hagerup_716238.html,P,6/4/13,227,JR,"Milwaukee, WIS",Milwaukee,WIS,Whitefish Bay,,,,,University of Michigan,2012-201343,Chris Wormley,http://www.mgoblue.com/sports/m-footbl/mtt/chris_wormley_810587.html,DE,6/4/13,279,FR,"Toledo, OHIO",Toledo,OHIO,Whitmer High School,,,,,University of Michigan,2012-201345,Matt Wile,http://www.mgoblue.com/sports/m-footbl/mtt/matt_wile_765138.html,PK,6/2/13,214,SO,"San Diego, CALIF",San Diego,CALIF,Francis Parker,,,,,University of Michigan,2012-201346,Seth Broekhuizen,http://www.mgoblue.com/sports/m-footbl/mtt/seth_broekhuizen_468920.html,PK,6/1/13,205,RS JR,"Holland, MICH",Holland,MICH,Holland Christian,,,,,University of Michigan,2012-201346,Clark Grace,http://www.mgoblue.com/sports/m-footbl/mtt/clark_grace_828070.html,TE,6/3/13,230,FR,"Tecumseh, ONTARIO",Tecumseh,ONTARIO,L'essor High School,,,,,University of Michigan,2012-201347,Jake Ryan,http://www.mgoblue.com/sports/m-footbl/mtt/jake_ryan_716249.html,LB,6/3/13,242,RS SO,"Westlake, OHIO",Westlake,OHIO,St. Ignatius,,,,,University of Michigan,2012-201348,Desmond Morgan,http://www.mgoblue.com/sports/m-footbl/mtt/desmond_morgan_765129.html,LB,6/1/13,227,SO,"Holland, MICH",Holland,MICH,West Ottawa,,,,,University of Michigan,2012-201349,Brad Anlauf,http://www.mgoblue.com/sports/m-footbl/mtt/brad_anlauf_828167.html,WR,6/4/13,182,FR,"Hinsdale, ILL",Hinsdale,ILL,Hinsdale Central High School,,,,,University of Michigan,2012-201349,Kaleb Ringer,http://www.mgoblue.com/sports/m-footbl/mtt/kaleb_ringer_797204.html,LB,6/1/13,231,FR,"Clayton, OHIO",Clayton,OHIO,Northmont,,,,,University of Michigan,2012-201350,Tom Strobel,http://www.mgoblue.com/sports/m-footbl/mtt/tom_strobel_810584.html,DE,6/6/13,252,FR,"Mentor, OHIO",Mentor,OHIO,Mentor High School,,,,,University of Michigan,2012-201351,Bobby Henderson,http://www.mgoblue.com/sports/m-footbl/mtt/bobby_henderson_828068.html,RB,5/11/13,230,FR,"Hopewell Junction, NY",Hopewell Junction,NY,John Jay High School,,,,,University of Michigan,2012-201352,Ricky Barnum,http://www.mgoblue.com/sports/m-footbl/mtt/ricky_barnum_468911.html,OL,6/3/13,296,RS SR,"Lakeland, FLA",Lakeland,FLA,Lake Gibson,,,,,University of Michigan,2012-201352,Royce Jenkins-Stone,http://www.mgoblue.com/sports/m-footbl/mtt/royce_jenkins_stone_810575.html,LB,6/2/13,213,FR,"Detroit, MICH",Detroit,MICH,Cass Tech High School,,,,,University of Michigan,2012-201353,Mario Ojemudia,http://www.mgoblue.com/sports/m-footbl/mtt/mario_ojemudia_810579.html,DE,6/3/13,231,FR,"Farmington Hills, MICH",Farmington Hills,MICH,Harrison High School,,,,,University of Michigan,2012-201354,Jareth Glanda,http://www.mgoblue.com/sports/m-footbl/mtt/jareth_glanda_470894.html,LS,6/3/13,260,RS JR,"Rochester Hills, MICH",Rochester Hills,MICH,Brother Rice,,,,,University of Michigan,2012-201354,Richard Ash,http://www.mgoblue.com/sports/m-footbl/mtt/richard_ash_716229.html,DT,6/3/13,300,RS SO,"Pahokee, FLA",Pahokee,FLA,Pahokee,,,,,University of Michigan,2012-201355,Jibreel Black,http://www.mgoblue.com/sports/m-footbl/mtt/jibreel_black_716233.html,DT,6/2/13,279,JR,"Cincinnati, OHIO",Cincinnati,OHIO,Wyoming,,,,,University of Michigan,2012-201356,Ondre Pipkins,http://www.mgoblue.com/sports/m-footbl/mtt/ondre_pipkins_810580.html,DT,6/3/13,340,FR,"Kansas City, MO",Kansas City,MO,Park Hill High School,,,,,University of Michigan,2012-201356,Joey Burzynski,http://www.mgoblue.com/sports/m-footbl/mtt/joey_burzynski_744113.html,OL,6/1/13,295,RS SO,"Carlsbad, CALIF",Carlsbad,CALIF,Carlsbad,,,,,University of Michigan,2012-201357,Frank Clark,http://www.mgoblue.com/sports/m-footbl/mtt/frank_clark_765115.html,DE,6/2/13,262,SO,"Cleveland, OHIO",Cleveland,OHIO,Glenville,,,,,University of Michigan,2012-201357,Elliott Mealer,http://www.mgoblue.com/sports/m-footbl/mtt/elliott_mealer_390474.html,OL,6/5/13,308,RS SR,"Wauseon, OHIO",Wauseon,OHIO,Wauseon,,,,,University of Michigan,2012-201358,Chris Bryant,http://www.mgoblue.com/sports/m-footbl/mtt/chris_bryant_765109.html,OL,6/4/13,318,RS FR,"Chicago, ILL",Chicago,ILL,Simeon,,,,,University of Michigan,2012-201359,Mark Lawson,http://www.mgoblue.com/sports/m-footbl/mtt/mark_lawson_810682.html,LB,6/2/13,213,FR,"Ada, MICH",Ada,MICH,Forest Hills Eastern High School,,,,,University of Michigan,2012-201360,Jack Miller,http://www.mgoblue.com/sports/m-footbl/mtt/jack_miller_765127.html,OL,6/4/13,288,RS FR,"Perrysburg, OHIO",Perrysburg,OHIO,St. John's Jesuit,,,,,University of Michigan,2012-201361,Graham Glasgow,http://www.mgoblue.com/sports/m-footbl/mtt/graham_glasgow_765118.html,OL,6/6/13,305,RS FR,"Aurora, ILL",Aurora,ILL,Marmion Academy,,,,,University of Michigan,2012-201362,Blake Bars,http://www.mgoblue.com/sports/m-footbl/mtt/blake_bars_810565.html,OL,6/5/13,291,FR,"Nashville, TENN",Nashville,TENN,Montgomery Bell Academy,,,,,University of Michigan,2012-201363,Ben Pliska,http://www.mgoblue.com/sports/m-footbl/mtt/ben_pliska_810689.html,OL,6/3/13,269,FR,"Kirkland, WASH",Kirkland,WASH,Lake Washington High School,,,,,University of Michigan,2012-201365,Patrick Omameh,http://www.mgoblue.com/sports/m-footbl/mtt/patrick_omameh_374965.html,OL,6/4/13,305,RS SR,"Columbus, OHIO",Columbus,OHIO,St. Francis DeSales,,,,,University of Michigan,2012-201366,Dan Liesman,http://www.mgoblue.com/sports/m-footbl/mtt/dan_liesman_828074.html,LB,6/2/13,212,FR,"Lansing, MI",Lansing,MI,Lansing Catholic High School,,,,,University of Michigan,2012-201367,Nathan Brink,http://www.mgoblue.com/sports/m-footbl/mtt/nathan_brink_468918.html,DT,6/5/13,275,RS JR,"Holland, MICH",Holland,MICH,Holland Christian,,,,,University of Michigan,2012-201367,Kyle Kalis,http://www.mgoblue.com/sports/m-footbl/mtt/kyle_kalis_810576.html,OL,6/5/13,294,FR,"Lakewood, OHIO",Lakewood,OHIO,Saint Edward High School,,,,,University of Michigan,2012-201369,Erik Gunderson,http://www.mgoblue.com/sports/m-footbl/mtt/erik_gunderson_470992.html,OL,6/8/13,303,RS JR,"Milan, MICH",Milan,MICH,Milan,,,,,University of Michigan,2012-201369,Willie Henry,http://www.mgoblue.com/sports/m-footbl/mtt/willie_henry_810572.html,DT,6/2/13,314,FR,"Cleveland, OHIO",Cleveland,OHIO,Glenville High School,,,,,University of Michigan,2012-201370,Kristian Mateus,http://www.mgoblue.com/sports/m-footbl/mtt/kristian_mateus_719076.html,OL,6/7/13,309,RS SO,"Ada, MICH",Ada,MICH,Forest Hills Central,,,,,University of Michigan,2012-201371,Ben Braden,http://www.mgoblue.com/sports/m-footbl/mtt/ben_braden_810566.html,OL,6/6/13,308,FR,"Rockford, MICH",Rockford,MICH,Rockford High School,,,,,University of Michigan,2012-201373,William Campbell,http://www.mgoblue.com/sports/m-footbl/mtt/william_campbell_470692.html,DT,6/5/13,308,SR,"Detroit, MICH",Detroit,MICH,Cass Technical,,,,,University of Michigan,2012-201375,Michael Schofield,http://www.mgoblue.com/sports/m-footbl/mtt/michael_schofield_472361.html,OL,6/7/13,300,RS JR,"Orland Park, ILL",Orland Park,ILL,Carl Sandburg,,,,,University of Michigan,2012-201376,Quinton Washington,http://www.mgoblue.com/sports/m-footbl/mtt/quinton_washington_472533.html,DT,6/4/13,300,RS JR,"St. Stephen, SC",St. Stephen,SC,Timberland,,,,,University of Michigan,2012-201377,Taylor Lewan,http://www.mgoblue.com/sports/m-footbl/mtt/taylor_lewan_471585.html,OL,6/8/13,309,RS JR,"Scottsdale, ARIZ",Scottsdale,ARIZ,Chaparral,,,,,University of Michigan,2012-201378,Erik Magnuson,http://www.mgoblue.com/sports/m-footbl/mtt/erik_magnuson_810577.html,OL,6/6/13,285,FR,"San Diego, CALIF",San Diego,CALIF,La Costa Canyon High School,,,,,University of Michigan,2012-201379,Dan Gibbs,http://www.mgoblue.com/sports/m-footbl/mtt/dan_gibbs_810680.html,OL,6/7/13,311,FR,"Birmingham, MICH",Birmingham,MICH,Seaholm High School,,,,,University of Michigan,2012-201381,Mike Kwiatkowski,http://www.mgoblue.com/sports/m-footbl/mtt/mike_kwiatkowski_745854.html,TE,6/5/13,262,RS SR,"Macomb, MICH",Macomb,MICH,Dakota,,,,,University of Michigan,2012-201382,Amara Darboh,http://www.mgoblue.com/sports/m-footbl/mtt/amara_darboh_811603.html,WR,6/2/13,220,FR,"Des Moines, IOWA",Des Moines,IOWA,Dowling Catholic,,,,,University of Michigan,2012-201384,A.J. Williams,http://www.mgoblue.com/sports/m-footbl/mtt/aj_williams_810585.html,TE,6/6/13,283,FR,"Cincinnati, OHIO",Cincinnati,OHIO,Sycamore High School,,,,,University of Michigan,2012-201385,Joe Reynolds,http://www.mgoblue.com/sports/m-footbl/mtt/joe_reynolds_472279.html,WR,6/1/13,196,RS JR,"Rochester, MICH",Rochester,MICH,Rochester Adams,,,,,University of Michigan,2012-201386,Jehu Chesson,http://www.mgoblue.com/sports/m-footbl/mtt/jehu_chesson_810567.html,WR,6/3/13,183,FR,"St. Louis, MO",St. Louis,MO,Ladue Horton Watkins High School,,,,,University of Michigan,2012-201387,Brandon Moore,http://www.mgoblue.com/sports/m-footbl/mtt/brandon_moore_471601.html,TE,6/5/13,268,RS SR,"Trotwood, OHIO",Trotwood,OHIO,Trotwood-Madison,,,,,University of Michigan,2012-201388,Craig Roh,http://www.mgoblue.com/sports/m-footbl/mtt/craig_roh_472309.html,DE,6/5/13,281,SR,"Scottsdale, ARIZ",Scottsdale,ARIZ,Chaparral,,,,,University of Michigan,2012-201391,Alex Mitropoulos-Rundus,http://www.mgoblue.com/sports/m-footbl/mtt/alex_mitropoulos_rundus_828168.html,TE,6/2/13,244,RS FR,"Ann Arbor, MICH",Ann Arbor,MICH,Pioneer High School,,,,,University of Michigan,2012-201391,Kenneth Allen,http://www.mgoblue.com/sports/m-footbl/mtt/kenneth_allen_810677.html,K/P,6/3/13,205,FR,"Fenton, MICH",Fenton,MICH,Fenton High School,,,,,University of Michigan,2012-201392,Keith Heitzman,http://www.mgoblue.com/sports/m-footbl/mtt/keith_heitzman_765120.html,DE,6/3/13,270,RS FR,"Hilliard, OHIO",Hilliard,OHIO,Hilliard Davidson,,,,,University of Michigan,2012-201394,Jordan Paskorz,http://www.mgoblue.com/sports/m-footbl/mtt/jordan_paskorz_716245.html,TE,6/3/13,254,RS SO,"Gibsonia, PA",Gibsonia,PA,Hampton,,,,,University of Michigan,2012-201394,Curt Graman,http://www.mgoblue.com/sports/m-footbl/mtt/curt_graman_470990.html,LS,6/5/13,205,RS JR,"Cincinnati, OHIO",Cincinnati,OHIO,Elder,,,,,University of Michigan,2012-201395,Anthony Capatina,http://www.mgoblue.com/sports/m-footbl/mtt/anthony_capatina_811778.html,DB,5/9/13,180,RS SO,"Novi, MICH",Novi,MICH,Detroit Catholic Central High School,,,,,University of Michigan,2012-201395,Michael Jocz,http://www.mgoblue.com/sports/m-footbl/mtt/michael_jocz_817161.html,TE,6/4/13,210,FR,"Novi, MICH",Novi,MICH,Novi High School,,,,,University of Michigan,2012-201396,Ryan Glasgow,http://www.mgoblue.com/sports/m-footbl/mtt/ryan_glasgow_810681.html,DL,6/4/13,294,FR,"Aurora, ILL",Aurora,ILL,Marmion Academy,,,,,University of Michigan,2012-201397,Brennen Beyer,http://www.mgoblue.com/sports/m-footbl/mtt/brennen_beyer_765107.html,DE,6/3/13,252,SO,"Canton, MICH",Canton,MICH,Plymouth,,,,,University of Michigan,2012-201399,Matthew Godin,http://www.mgoblue.com/sports/m-footbl/mtt/matthew_godin_810571.html,DE,6/6/13,277,FR,"Novi, MICH",Novi,MICH,Catholic Central High School,,,,,University of Michigan,2012-2013