ID_School,ID_Sport,Season,Number,Player,First_Name,Last_Name,Position,Height,Weight,Year,Hometown/Last_School,Last_School,Player_BioOSU,MBBALL,2012-2013,4,Aaron Craft,Aaron,Craft,Guard,6/2/13,195,JR,"Findlay, Ohio (Liberty Benton)",,http://www.ohiostatebuckeyes.com/sports/m-baskbl/mtt/craft_aaron00.htmlOSU,MBBALL,2012-2013,33,Amedeo Della Valle,Amedeo,Della Valle,Guard,6/5/13,190,FR,"Alba, Italy (Findlay Prep)",,http://www.ohiostatebuckeyes.com/sports/m-baskbl/mtt/della valle_amedeo00.htmlOSU,MBBALL,2012-2013,2,Andrew Goldstein,Andrew,Goldstein,Guard,6/3/13,200,JR,"Marlboro, N.J. (Marlboro)",,http://www.ohiostatebuckeyes.com/sports/m-baskbl/mtt/goldstein_andrew00.htmlOSU,MBBALL,2012-2013,34,Jake Lorbach,Jake,Lorbach,Forward,6/7/13,210,SO,"Elyria, Ohio (St. Edward)",,http://www.ohiostatebuckeyes.com/sports/m-baskbl/mtt/lorbach_jake00.htmlOSU,MBBALL,2012-2013,55,Trey McDonald,Trey,McDonald,Center,6/8/13,240,SO,"Battle Creek, Mich. (Battle Creek Central)",,http://www.ohiostatebuckeyes.com/sports/m-baskbl/mtt/mcdonald_trey00.htmlOSU,MBBALL,2012-2013,30,Evan Ravenel,Evan,Ravenel,Forward,6/8/13,250,SR,"Tampa, Fla. (Brandon)",,http://www.ohiostatebuckeyes.com/sports/m-baskbl/mtt/ravenel_evan00.htmlOSU,MBBALL,2012-2013,14,Alex Rogers,Alex,Rogers,Guard,6/2/13,200,JR,"Cincinnati, Ohio (Christian Brothers Univ.)",,http://www.ohiostatebuckeyes.com/sports/m-baskbl/mtt/rogers_alex00.htmlOSU,MBBALL,2012-2013,10,LaQuinton Ross,LaQuinton,Ross,Forward,6/8/13,220,SO,"Jackson, Miss. (Life Center Academy (N.J.))",,http://www.ohiostatebuckeyes.com/sports/m-baskbl/mtt/ross_laquinton00.htmlOSU,MBBALL,2012-2013,3,Shannon Scott,Shannon,Scott,Guard,6/1/13,185,SO,"Alpharetta, Ga. (Milton)",,http://www.ohiostatebuckeyes.com/sports/m-baskbl/mtt/scott_shannon00.htmlOSU,MBBALL,2012-2013,32,Lenzelle Smith Jr.,Lenzelle,Smith Jr.,Guard,6/4/13,210,JR,"Zion, Ill (Zion-Benton)",,http://www.ohiostatebuckeyes.com/sports/m-baskbl/mtt/smithjr_lenzelle00.htmlOSU,MBBALL,2012-2013,1,Deshaun Thomas,Deshaun,Thomas,Forward,6/7/13,215,JR,"Ft. Wayne, Ind (Bishop Luers)",,http://www.ohiostatebuckeyes.com/sports/m-baskbl/mtt/thomas_deshaun00.htmlOSU,MBBALL,2012-2013,12,Sam Thompson,Sam,Thompson,Forward,6/7/13,200,SO,"Chicago, Ill. (Whitney Young)",,http://www.ohiostatebuckeyes.com/sports/m-baskbl/mtt/thompson_sam00.htmlOSU,MBBALL,2012-2013,23,Amir Williams,Amir,Williams,Center,6/11/13,250,SO,"Detroit, Mich. (Detroit Country Day)",,http://www.ohiostatebuckeyes.com/sports/m-baskbl/mtt/williams_amir00.htmlOSU,MBBALL,2010-2011,44,William Budford,William,Budford,G,6/5/13,205,Jr.,"Toledo, Ohio (Libbey)",,http://www.ohiostatebuckeyes.com/sports/m-baskbl/mtt/budford_william00.htmlOSU,MBBALL,2010-2011,4,Aaron Craft,Aaron,Craft,G,6/2/13,195,Fr.,"Findlay, Ohio (Liberty Benton)",,http://www.ohiostatebuckeyes.com/sports/m-baskbl/mtt/craft_aaron00.htmlOSU,MBBALL,2010-2011,10,Eddie Days,Eddie,Days,G,6/1/00,180,Sr.,"Richmond Heights, Ohio (Richmond Heights)",,http://www.ohiostatebuckeyes.com/sports/m-baskbl/mtt/days_eddie00.htmlOSU,MBBALL,2010-2011,33,Jon Diebler,Jon,Diebler,G,6/6/13,205,Sr.,"Upper Sandusky, Ohio (Upper Sandusky)",,http://www.ohiostatebuckeyes.com/sports/m-baskbl/mtt/diebler_jon00.htmlOSU,MBBALL,2010-2011,24,Nikola Kecman,Nikola,Kecman,F,6/8/13,220,Jr.,"Belgrade, Serbia (Eastern Arizona College)",,http://www.ohiostatebuckeyes.com/sports/m-baskbl/mtt/kecman_nikola00.htmlOSU,MBBALL,2010-2011,52,Dallas Lauderdale,Dallas,Lauderdale,F,6/8/13,255,Sr.,"Solon, Ohio (Solon)",,http://www.ohiostatebuckeyes.com/sports/m-baskbl/mtt/lauderdale_dallas00.htmlOSU,MBBALL,2010-2011,23,David Lighty,David,Lighty,G/F,6/5/13,220,Sr.,"Cleveland, Ohio (Villa Angela-St. Joseph)",,http://www.ohiostatebuckeyes.com/sports/m-baskbl/mtt/lighty_david00.htmlOSU,MBBALL,2010-2011,30,Evan Ravenel,Evan,Ravenel,F,6/8/13,260,Jr.,"Tampa, Fla. (Brandon)",,http://www.ohiostatebuckeyes.com/sports/m-baskbl/mtt/ravenel_evan00.htmlOSU,MBBALL,2010-2011,2,Jordan Sibert,Jordan,Sibert,G,6/4/13,180,Fr.,"Cincinnati, Ohio (Princeton)",,http://www.ohiostatebuckeyes.com/sports/m-baskbl/mtt/sibert_jordan00.htmlOSU,MBBALL,2010-2011,32,Lenzelle Smith Jr.,Lenzelle,Smith Jr.,G,6/3/13,210,Fr.,"Zion, Ill. (Zion-Benton)",,http://www.ohiostatebuckeyes.com/sports/m-baskbl/mtt/smithjr_lenzelle00.htmlOSU,MBBALL,2010-2011,0,Jared Sullinger,Jared,Sullinger,F,6/9/13,280,Fr.,"Columbus, Ohio (Northland)",,http://www.ohiostatebuckeyes.com/sports/m-baskbl/mtt/sullinger_jared00.htmlOSU,MBBALL,2010-2011,1,Deshaun Thomas,Deshaun,Thomas,F,6/6/13,230,Fr.,"Ft. Wayne, Ind. (Bishop Luers)",,http://www.ohiostatebuckeyes.com/sports/m-baskbl/mtt/thomas_deshaun00.htmlOSU,MBBALL,2010-2011,15,J.D. Weatherspoon,J.D.,Weatherspoon,F,6/7/13,210,Fr.,"Columbus, Ohio (Northland)",,http://www.ohiostatebuckeyes.com/sports/m-baskbl/mtt/weatherspoon_jd00.htmlOSU,MBBALL,2011-2012,44,William Buford,William,Buford,Guard,6/6/13,220,SR,"Toledo, Ohio (Libbey)",,http://www.ohiostatebuckeyes.com/sports/m-baskbl/mtt/buford_william00.htmlOSU,MBBALL,2011-2012,4,Aaron Craft,Aaron,Craft,Guard,6/2/13,190,SO,"Findlay, Ohio (Liberty Benton)",,http://www.ohiostatebuckeyes.com/sports/m-baskbl/mtt/craft_aaron00.htmlOSU,MBBALL,2011-2012,55,Trey McDonald,Trey,McDonald,Center,6/8/13,225,FR,"Battle Creek, Mich. (Battle Creek Central)",,http://www.ohiostatebuckeyes.com/sports/m-baskbl/mtt/mcdonald_trey00.htmlOSU,MBBALL,2011-2012,30,Evan Ravenel,Evan,Ravenel,Forward,6/8/13,260,JR,"Tampa, Fla. (Brandon)",,http://www.ohiostatebuckeyes.com/sports/m-baskbl/mtt/ravenel_evan00.htmlOSU,MBBALL,2011-2012,14,Alex Rogers,Alex,Rogers,Guard,6/2/13,195,JR,"Cincinnati, Ohio (Christian Brothers Univ.)",,http://www.ohiostatebuckeyes.com/sports/m-baskbl/mtt/rogers_alex00.htmlOSU,MBBALL,2011-2012,10,LaQuinton Ross,LaQuinton,Ross,Forward,6/8/13,225,FR,"Jackson, Miss. (Life Center Academy (N.J.))",,http://www.ohiostatebuckeyes.com/sports/m-baskbl/mtt/ross_laquinton00.htmlOSU,MBBALL,2011-2012,3,Shannon Scott,Shannon,Scott,Guard,6/1/13,180,FR,"Alpharetta, Ga. (Milton)",,http://www.ohiostatebuckeyes.com/sports/m-baskbl/mtt/scott_shannon00.htmlOSU,MBBALL,2011-2012,2,Jordan Sibert,Jordan,Sibert,Guard,6/4/13,185,SO,"Cinncinati, Ohio (Princeton)",,http://www.ohiostatebuckeyes.com/sports/m-baskbl/mtt/sibert_jordan00.htmlOSU,MBBALL,2011-2012,32,"Lenzelle Smith, Jr.",Lenzelle,Smith Jr.,Guard,6/4/13,205,SO,"Zion, Ill (Zion-Benton)",,http://www.ohiostatebuckeyes.com/sports/m-baskbl/mtt/smithjr_lenzelle00.htmlOSU,MBBALL,2011-2012,0,Jared Sullinger,Jared,Sullinger,Forward,6/9/13,280,SO,"Columbus, Ohio (Northland)",,http://www.ohiostatebuckeyes.com/sports/m-baskbl/mtt/sullinger_jared00.htmlOSU,MBBALL,2011-2012,1,Deshaun Thomas,Deshaun,Thomas,Forward,6/7/13,225,SO,"Ft. Wayne, Ind (Bishop Luers)",,http://www.ohiostatebuckeyes.com/sports/m-baskbl/mtt/thomas_deshaun00.htmlOSU,MBBALL,2011-2012,12,Sam Thompson,Sam,Thompson,Forward,6/7/13,190,FR,"Chicago, Ill. (Whitney Young)",,http://www.ohiostatebuckeyes.com/sports/m-baskbl/mtt/thompson_sam00.htmlOSU,MBBALL,2011-2012,15,J.D. Weatherspoon,J.D.,Weatherspoon,Forward,6/6/13,215,SO,"Columbus, Ohio (Northland)",,http://www.ohiostatebuckeyes.com/sports/m-baskbl/mtt/weatherspoon_jd00.htmlOSU,MBBALL,2011-2012,23,Amir Williams,Amir,Williams,Center,6/11/13,220,FR,"Birmingham, Mich. (Detroit Country Day)",,http://www.ohiostatebuckeyes.com/sports/m-baskbl/mtt/williams_amir00.htmlOSU,MBBALL,2009-2010,2,Jeremie Simmons,Jeremie,Simmons,G,6/2/13,170,Sr.,"Chicago, Ill. (Mott C.C.) (Von Steuben)",,http://www.ohiostatebuckeyes.com/sports/m-baskbl/mtt/simmons_jeremie00.htmlOSU,MBBALL,2009-2010,3,Walter Offutt,Walter,Offutt,G,6/3/13,190,So.,"Indianapolis, Ind. (Warren Central)",,http://www.ohiostatebuckeyes.com/sports/m-baskbl/mtt/offutt_walter00.htmlOSU,MBBALL,2009-2010,4,P.J. Hill,P.J.,Hill,G,6/1/13,165,Sr.,"Minneapolis, Minn. (Midland JC) (Minneapolis North)",,http://www.ohiostatebuckeyes.com/sports/m-baskbl/mtt/hill_pj00.htmlOSU,MBBALL,2009-2010,13,Danny Peters,Danny,Peters,G,6/2/13,180,Sr.,"New Albany, Ohio (New Albany)",,http://www.ohiostatebuckeyes.com/sports/m-baskbl/mtt/peters_danny00.htmlOSU,MBBALL,2009-2010,15,Kyle Madsen,Kyle,Madsen,C,6/9/13,240,Sr.,"Dublin, Ohio (Dublin Coffman)",,http://www.ohiostatebuckeyes.com/sports/m-baskbl/mtt/madsen_kyle00.htmlOSU,MBBALL,2009-2010,21,Evan Turner,Evan,Turner,G/F,6/7/13,205,Jr.,"Chicago, Ill. (St. Joseph's)",,http://www.ohiostatebuckeyes.com/sports/m-baskbl/mtt/turner_evan00.htmlOSU,MBBALL,2009-2010,23,David Lighty,David,Lighty,G/F,6/5/13,220,Jr.,"Cleveland, Ohio (Villa Angela-St. Joseph)",,http://www.ohiostatebuckeyes.com/sports/m-baskbl/mtt/lighty_david00.htmlOSU,MBBALL,2009-2010,24,Nikola Kecman,Nikola,Kecman,F,6/8/13,220,So.,"Belgrade, Serbia (Eastern Arizona College)",,http://www.ohiostatebuckeyes.com/sports/m-baskbl/mtt/kecman_nikola00.htmlOSU,MBBALL,2009-2010,33,Jon Diebler,Jon,Diebler,G,6/6/13,205,Jr.,"Upper Sandusky, Ohio (Upper Sandusky)",,http://www.ohiostatebuckeyes.com/sports/m-baskbl/mtt/diebler_jon00.htmlOSU,MBBALL,2009-2010,34,Mark Titus,Mark,Titus,G,6/4/13,210,Sr.,"Brownsburg, Ind. (Brownsburg)",,http://www.ohiostatebuckeyes.com/sports/m-baskbl/mtt/titus_mark00.htmlOSU,MBBALL,2009-2010,44,William Buford,William,Buford,G,6/5/13,190,So.,"Toledo, Ohio (Libbey)",,http://www.ohiostatebuckeyes.com/sports/m-baskbl/mtt/buford_william00.htmlOSU,MBBALL,2009-2010,45,Zisis Sarikopoulos,Zisis,Sarikopoulos,C,7/1/00,265,So.,"Athens, Greece (Olympiakos)",,http://www.ohiostatebuckeyes.com/sports/m-baskbl/mtt/sarikopoulos_zisis00.htmlOSU,MBBALL,2009-2010,52,Dallas Lauderdale,Dallas,Lauderdale,F,6/8/13,255,Jr.,"Solon, Ohio (Solon)",,http://www.ohiostatebuckeyes.com/sports/m-baskbl/mtt/lauderdale_dallas00.htmlOSU,MBBALL,2008-2009,2,Jeremie Simmons,Jeremie,Simmons,G,6/2/13,170,Jr.,"Chicago, Ill. (Mott C.C.) (Von Steubon)",,http://www.ohiostatebuckeyes.com/sports/m-baskbl/mtt/simmons_jeremie00.htmlOSU,MBBALL,2008-2009,3,Walter Offutt,Walter,Offutt,G,6/3/13,190,Fr.,"Indianapolis, Ind. (Warren Central)",,http://www.ohiostatebuckeyes.com/sports/m-baskbl/mtt/offutt_walter00.htmlOSU,MBBALL,2008-2009,4,P.J. Hill,P.J.,Hill,G,6/1/13,165,Jr.,"Minneapolis, Minn. (Midland JC) (Minneapolis North)",,http://www.ohiostatebuckeyes.com/sports/m-baskbl/mtt/hill_pj00.htmlOSU,MBBALL,2008-2009,10,Anthony Crater,Anthony,Crater,G,6/1/13,170,Fr.,"Flint, Mich. (Wolfeboro Brewster Acad.)",,http://www.ohiostatebuckeyes.com/sports/m-baskbl/mtt/crater_anthony00.htmlOSU,MBBALL,2008-2009,13,Danny Peters,Danny,Peters,G,6/2/13,180,Jr.,"New Albany, Ohio (New Albany)",,http://www.ohiostatebuckeyes.com/sports/m-baskbl/mtt/peters_danny00.htmlOSU,MBBALL,2008-2009,15,Kyle Madsen,Kyle,Madsen,C,6/9/13,240,Jr.,"Dublin, Ohio (Dublin Coffman)",,http://www.ohiostatebuckeyes.com/sports/m-baskbl/mtt/madsen_kyle00.htmlOSU,MBBALL,2008-2009,21,Evan Turner,Evan,Turner,G/F,6/7/13,205,So.,"Chicago, Ill. (St. Joseph's)",,http://www.ohiostatebuckeyes.com/sports/m-baskbl/mtt/turner_evan00.htmlOSU,MBBALL,2008-2009,23,David Lighty,David,Lighty,G/F,6/5/13,220,Jr.,"Cleveland, Ohio (Villa Angela-St. Joseph)",,http://www.ohiostatebuckeyes.com/sports/m-baskbl/mtt/lighty_david00.htmlOSU,MBBALL,2008-2009,24,Nikola Kecman,Nikola,Kecman,F,6/8/13,220,So.,"Belgrade, Serbia (Eastern Arizona College)",,http://www.ohiostatebuckeyes.com/sports/m-baskbl/mtt/kecman_nikola00.htmlOSU,MBBALL,2008-2009,32,B.J. Mullens,B.J.,Mullens,C,7/1/00,275,Fr.,"Columbus, Ohio (Canal Winchester)",,http://www.ohiostatebuckeyes.com/sports/m-baskbl/mtt/mullens_bj00.htmlOSU,MBBALL,2008-2009,33,Jon Diebler,Jon,Diebler,G,6/6/13,205,So.,"Upper Sandusky, Ohio (Upper Sandusky)",,http://www.ohiostatebuckeyes.com/sports/m-baskbl/mtt/diebler_jon00.htmlOSU,MBBALL,2008-2009,34,Mark Titus,Mark,Titus,G,6/4/13,210,Jr.,"Brownsburg, Ind. (Brownsburg)",,http://www.ohiostatebuckeyes.com/sports/m-baskbl/mtt/titus_mark00.htmlOSU,MBBALL,2008-2009,40,J.J. Grycko,J.J.,Grycko,F,6/9/13,210,Fr.,"Cincinnati, Ohio (Moeller)",,http://www.ohiostatebuckeyes.com/sports/m-baskbl/mtt/grycko_jj00.htmlOSU,MBBALL,2008-2009,44,William Buford,William,Buford,G,6/5/13,190,Fr.,"Toledo, Ohio (Libbey)",,http://www.ohiostatebuckeyes.com/sports/m-baskbl/mtt/buford_william00.htmlOSU,MBBALL,2008-2009,45,Zisis Sarikopoulos,Zisis,Sarikopoulos,C,7/1/00,265,So.,"Athens, Greece (UAB) (Olympiakos)",,http://www.ohiostatebuckeyes.com/sports/m-baskbl/mtt/sarikopoulos_zisis00.htmlOSU,MBBALL,2008-2009,52,Dallas Lauderdale,Dallas,Lauderdale,F,6/8/13,255,So.,"Solon, Ohio (Solon)",,http://www.ohiostatebuckeyes.com/sports/m-baskbl/mtt/lauderdale_dallas00.htmlOSU,MBBALL,2007-2008,2,Eric Wallace,Eric,Wallace,G/F,6/5/13,215,Fr.,"Winston-Salem, N.C. (Hargrave Military Academy)",,http://www.ohiostatebuckeyes.com/sports/m-baskbl/mtt/wallace_eric00.htmlOSU,MBBALL,2007-2008,4,P.J. Hill,P.J.,Hill,G,6/1/13,165,So.,"Minneapolis, Minn. (Midland JC) (Minneapolis North)",,http://www.ohiostatebuckeyes.com/sports/m-baskbl/mtt/hill_pj00.htmlOSU,MBBALL,2007-2008,13,Danny Peters,Danny,Peters,G,6/2/13,175,Jr.,"New Albany, Ohio (New Albany)",,http://www.ohiostatebuckeyes.com/sports/m-baskbl/mtt/peters_danny00.htmlOSU,MBBALL,2007-2008,14,Jamar Butler,Jamar,Butler,G,6/1/13,195,Sr.,"Lima, Ohio (Shawnee)",,http://www.ohiostatebuckeyes.com/sports/m-baskbl/mtt/butler_jamar00.htmlOSU,MBBALL,2007-2008,15,Kyle Madsen,Kyle,Madsen,C,6/9/13,240,So.,"Dublin, Ohio (Vanderbilt) (Dublin Coffman)",,http://www.ohiostatebuckeyes.com/sports/m-baskbl/mtt/madsen_kyle00.htmlOSU,MBBALL,2007-2008,21,Evan Turner,Evan,Turner,G/F,6/6/13,200,Fr.,"Chicago, Ill. (St. Joseph's)",,http://www.ohiostatebuckeyes.com/sports/m-baskbl/mtt/turner_evan00.htmlOSU,MBBALL,2007-2008,23,David Lighty,David,Lighty,G/F,6/5/13,215,So.,"Cleveland, Ohio (Villa Angela-St. Joseph)",,http://www.ohiostatebuckeyes.com/sports/m-baskbl/mtt/lighty_david00.htmlOSU,MBBALL,2007-2008,31,Kosta Koufos,Kosta,Koufos,F/C,7/1/00,265,Fr.,"Canton, Ohio (GlenOak)",,http://www.ohiostatebuckeyes.com/sports/m-baskbl/mtt/koufos_kosta00.htmlOSU,MBBALL,2007-2008,33,Jon Diebler,Jon,Diebler,G,6/6/13,200,Fr.,"Upper Sandusky, Ohio (Upper Sandusky)",,http://www.ohiostatebuckeyes.com/sports/m-baskbl/mtt/diebler_jon00.htmlOSU,MBBALL,2007-2008,34,Mark Titus,Mark,Titus,G,6/4/13,210,So.,"Brownsburg, Ind. (Brownsburg)",,http://www.ohiostatebuckeyes.com/sports/m-baskbl/mtt/titus_mark00.htmlOSU,MBBALL,2007-2008,42,Matt Terwilliger,Matt,Terwilliger,F/C,6/9/13,245,Sr.,"Troy, Ohio (Troy)",,http://www.ohiostatebuckeyes.com/sports/m-baskbl/mtt/terwilliger_matt00.htmlOSU,MBBALL,2007-2008,45,Othello Hunter,Othello,Hunter,F,6/8/13,225,Sr.,"Winston-Salem, N.C. (Hillsborough, C.C.) (R.J. Reynolds)",,http://www.ohiostatebuckeyes.com/sports/m-baskbl/mtt/hunter_othello00.htmlOSU,MBBALL,2007-2008,52,Dallas Lauderdale,Dallas,Lauderdale,F,6/8/13,260,Fr.,"Solon, Ohio (Solon)",,http://www.ohiostatebuckeyes.com/sports/m-baskbl/mtt/lauderdale_dallas00.htmlOSU,MBBALL,2006-2007,1,"Mike Conley, Jr.",Mike,"Conley, Jr.",G,6/1/13,175,Fr.,"Indianapolis, Ind.",Lawrence North,"http://www.ohiostatebuckeyes.com/sports/m-baskbl/mtt/conley, jr._mike00.html"OSU,MBBALL,2006-2007,3,Ivan Harris,Ivan,Harris,F,6/7/13,215,Sr.,"Springfield, Ohio",Oak Hill (Va.) Academy,http://www.ohiostatebuckeyes.com/sports/m-baskbl/mtt/harris_ivan00.htmlOSU,MBBALL,2006-2007,12,Ron Lewis,Ron,Lewis,G,6/4/13,195,Sr.,"Columbus, Ohio",Brookhaven,http://www.ohiostatebuckeyes.com/sports/m-baskbl/mtt/lewis_ron00.htmlOSU,MBBALL,2006-2007,14,Jamar Butler,Jamar,Butler,G,6/2/13,200,Jr.,"Lima, Ohio",Shawnee,http://www.ohiostatebuckeyes.com/sports/m-baskbl/mtt/butler_jamar00.htmlOSU,MBBALL,2006-2007,15,Kyle Madsen,Kyle,Madsen,C,6/10/13,230,So.,"Dublin, Ohio",Dublin Coffman/Vanderbilt,http://www.ohiostatebuckeyes.com/sports/m-baskbl/mtt/madsen_kyle00.htmlOSU,MBBALL,2006-2007,20,Greg Oden,Greg,Oden,C,7/1/13,255,Fr.,"Indianapolis, Ind.",Lawrence North,http://www.ohiostatebuckeyes.com/sports/m-baskbl/mtt/oden_greg00.htmlOSU,MBBALL,2006-2007,23,David Lighty,David,Lighty,G/F,6/5/13,225,Fr.,"Cleveland, Ohio",Villa Angela-St. Joseph,http://www.ohiostatebuckeyes.com/sports/m-baskbl/mtt/lighty_david00.htmlOSU,MBBALL,2006-2007,31,Daequan Cook,Daequan,Cook,G,6/5/13,210,Fr.,"Dayton, Ohio",Dunbar,http://www.ohiostatebuckeyes.com/sports/m-baskbl/mtt/cook_daequan00.htmlOSU,MBBALL,2006-2007,33,Samuel Payne,Samuel,Payne,G,6/2/13,185,So.,"Columbus, Ohio",Linden McKinley,http://www.ohiostatebuckeyes.com/sports/m-baskbl/mtt/payne_samuel00.htmlOSU,MBBALL,2006-2007,42,Matt Terwilliger,Matt,Terwilliger,F/C,6/8/13,230,Jr.,"Troy, Ohio",Troy,http://www.ohiostatebuckeyes.com/sports/m-baskbl/mtt/terwilliger_matt00.htmlOSU,MBBALL,2006-2007,45,Othello Hunter,Othello,Hunter,F,6/9/13,225,Jr.,"Winston-Salem, N.C.",Hillsborough CC/R.J. Reynolds,http://www.ohiostatebuckeyes.com/sports/m-baskbl/mtt/hunter_othello00.htmlOSU,MBBALL,2005-2006,0,J.J. Sullinger,J.J.,Sullinger,G,6/5/13,215,Sr.-5th,"Columbus, Ohio",Thomas Worthington/Arkansas,http://web.archive.org/web/20051217125424/http://ohiostatebuckeyes.collegesports.com/sports/m-baskbl/mtt/sullinger_jj00.htmlOSU,MBBALL,2005-2006,3,Ivan Harris,Ivan,Harris,F,6/7/13,215,Jr.,"Springfield, Ohio",Oak Hill (Va.) Academy,http://web.archive.org/web/20051217125424/http://ohiostatebuckeyes.collegesports.com/sports/m-baskbl/mtt/harris_ivan00.htmlOSU,MBBALL,2005-2006,12,Ron Lewis,Ron,Lewis,G,6/4/13,195,Jr.,"Columbus, Ohio",Brookhaven,http://web.archive.org/web/20051217125424/http://ohiostatebuckeyes.collegesports.com/sports/m-baskbl/mtt/lewis_ron00.htmlOSU,MBBALL,2005-2006,14,Jamar Butler,Jamar,Butler,G,6/2/13,200,So.,"Lima, Ohio",Shawnee,http://web.archive.org/web/20051217125424/http://ohiostatebuckeyes.collegesports.com/sports/m-baskbl/mtt/butler_jamar00.htmlOSU,MBBALL,2005-2006,21,Brayden Bell,Brayden,Bell,C,6/8/13,255,Fr.,"Salt Lake City, Utah",Brighton,http://web.archive.org/web/20051217125424/http://ohiostatebuckeyes.collegesports.com/sports/m-baskbl/mtt/bell_brayden00.htmlOSU,MBBALL,2005-2006,23,Je'Kel Foster,Je'Kel,Foster,G,6/3/13,210,Sr.,"Natchez, Miss.",Natchez/Chipola J.C.,http://web.archive.org/web/20051217125424/http://ohiostatebuckeyes.collegesports.com/sports/m-baskbl/mtt/foster_jekel00.htmlOSU,MBBALL,2005-2006,32,Sylvester Mayes,Sylvester,Mayes,G,6/1/13,190,Jr.,"South Bend, Ind.",Clay/Redlands C.C.,http://web.archive.org/web/20051217125424/http://ohiostatebuckeyes.collegesports.com/sports/m-baskbl/mtt/mayes_sylvester00.htmlOSU,MBBALL,2005-2006,33,Samuel Payne,Samuel,Payne,G,6/2/13,185,Fr.,"Columbus, Ohio",Linden McKinley,http://web.archive.org/web/20051217125424/http://ohiostatebuckeyes.collegesports.com/sports/m-baskbl/mtt/payne_samuel00.htmlOSU,MBBALL,2005-2006,34,Terence Dials,Terence,Dials,F/C,6/9/13,260,Sr.-5th,"Youngstown, Ohio",Boardman,http://web.archive.org/web/20051217125424/http://ohiostatebuckeyes.collegesports.com/sports/m-baskbl/mtt/dials_terence00.htmlOSU,MBBALL,2005-2006,40,Matt Sylvester,Matt,Sylvester,F,6/7/13,230,Sr.-5th,"Cincinnati, Ohio",Moeller,http://web.archive.org/web/20051217125424/http://ohiostatebuckeyes.collegesports.com/sports/m-baskbl/mtt/sylvester_matt00.htmlOSU,MBBALL,2005-2006,42,Matt Terwilliger,Matt,Terwilliger,F/C,6/8/13,230,So.,"Troy, Ohio",Troy,http://web.archive.org/web/20051217125424/http://ohiostatebuckeyes.collegesports.com/sports/m-baskbl/mtt/terwilliger_matt00.html